"key","config_id","sigma_ps","se_psi_obs","K","ex_violation","psi","mu_b","bf_true","true_zone","method","bias","rmse","sd","coverage","ci_width"
"cfg1_psi-0.4_mu-0.4_sps0.06","sps0.06_K12_exV0",0.06,0.06,12,0,-0.4,-0.4,0.5,"mixed","mc",0.0024949046300601,0.0456857739758023,0.0456404255359007,0.535,0.0674678582387586
"cfg1_psi-0.4_mu-0.4_sps0.06","sps0.06_K12_exV0",0.06,0.06,12,0,-0.4,-0.4,0.5,"mixed","mcmc",0.00086591967244237,0.0440515120185647,0.0440650385437763,0.991,0.230308566621924
"cfg1_psi-0.4_mu-0.35_sps0.06","sps0.06_K12_exV0",0.06,0.06,12,0,-0.4,-0.35,0.466666666666667,"mixed","mc",0.000823885520054075,0.0447788456257159,0.0447936680896135,0.597,0.0719078563608063
"cfg1_psi-0.4_mu-0.35_sps0.06","sps0.06_K12_exV0",0.06,0.06,12,0,-0.4,-0.35,0.466666666666667,"mixed","mcmc",-0.000120994182745192,0.0423092883062104,0.042330285735821,0.994,0.244508706612964
"cfg1_psi-0.4_mu-0.3_sps0.06","sps0.06_K12_exV0",0.06,0.06,12,0,-0.4,-0.3,0.428571428571428,"mixed","mc",0.00594614931929193,0.0453176843288573,0.0449483723551812,0.609,0.0781928925038346
"cfg1_psi-0.4_mu-0.3_sps0.06","sps0.06_K12_exV0",0.06,0.06,12,0,-0.4,-0.3,0.428571428571428,"mixed","mcmc",0.00529214978088654,0.0436945080424282,0.0433945419383189,0.997,0.264905139929726
"cfg1_psi-0.4_mu-0.25_sps0.06","sps0.06_K12_exV0",0.06,0.06,12,0,-0.4,-0.25,0.384615384615385,"mixed","mc",0.00386840943576423,0.0474905589959315,0.0473564275829243,0.628,0.0847058933543125
"cfg1_psi-0.4_mu-0.25_sps0.06","sps0.06_K12_exV0",0.06,0.06,12,0,-0.4,-0.25,0.384615384615385,"mixed","mcmc",0.00317058158454397,0.0450772055931235,0.0449880628867568,0.996,0.284214904561652
"cfg1_psi-0.4_mu-0.2_sps0.06","sps0.06_K12_exV0",0.06,0.06,12,0,-0.4,-0.2,0.333333333333333,"mixed","mc",0.00410514185271104,0.0468678513443824,0.0467110824669422,0.69,0.0914028867387434
"cfg1_psi-0.4_mu-0.2_sps0.06","sps0.06_K12_exV0",0.06,0.06,12,0,-0.4,-0.2,0.333333333333333,"mixed","mcmc",0.0035144390622788,0.0433003085740895,0.0431790443451387,1,0.310013488790779
"cfg1_psi-0.4_mu-0.15_sps0.06","sps0.06_K12_exV0",0.06,0.06,12,0,-0.4,-0.15,0.272727272727273,"effect-dominated","mc",0.00384642960659653,0.0456022450646404,0.0454624743144036,0.714,0.0999469276983492
"cfg1_psi-0.4_mu-0.15_sps0.06","sps0.06_K12_exV0",0.06,0.06,12,0,-0.4,-0.15,0.272727272727273,"effect-dominated","mcmc",0.00326188785799359,0.0422709737303472,0.0421660204547995,1,0.336455968662668
"cfg1_psi-0.4_mu-0.1_sps0.06","sps0.06_K12_exV0",0.06,0.06,12,0,-0.4,-0.1,0.2,"effect-dominated","mc",0.00117070235090234,0.0442686575945957,0.044275318237571,0.778,0.108026044975543
"cfg1_psi-0.4_mu-0.1_sps0.06","sps0.06_K12_exV0",0.06,0.06,12,0,-0.4,-0.1,0.2,"effect-dominated","mcmc",0.00139995289231756,0.0396082074584259,0.0396032656307231,1,0.351573273094003
"cfg1_psi-0.4_mu-0.05_sps0.06","sps0.06_K12_exV0",0.06,0.06,12,0,-0.4,-0.05,0.111111111111111,"effect-dominated","mc",0.000252559126318441,0.041090765559153,0.0411105498069585,0.844,0.12081826451486
"cfg1_psi-0.4_mu-0.05_sps0.06","sps0.06_K12_exV0",0.06,0.06,12,0,-0.4,-0.05,0.111111111111111,"effect-dominated","mcmc",0.00565669113892195,0.0326205201923342,0.0321423912659531,1,0.310515544795576
"cfg1_psi-0.36_mu-0.4_sps0.06","sps0.06_K12_exV0",0.06,0.06,12,0,-0.36,-0.4,0.526315789473684,"bias-dominated","mc",0.00357422332090405,0.0502949766294669,0.0501929171371985,0.517,0.0716847088065779
"cfg1_psi-0.36_mu-0.4_sps0.06","sps0.06_K12_exV0",0.06,0.06,12,0,-0.36,-0.4,0.526315789473684,"bias-dominated","mcmc",0.00157914631531879,0.048407253125199,0.0484056976357692,0.988,0.241985135866725
"cfg1_psi-0.36_mu-0.35_sps0.06","sps0.06_K12_exV0",0.06,0.06,12,0,-0.36,-0.35,0.492957746478873,"mixed","mc",-9.55717301721205e-05,0.047353425491836,0.0473770234840631,0.581,0.0768374308426066
"cfg1_psi-0.36_mu-0.35_sps0.06","sps0.06_K12_exV0",0.06,0.06,12,0,-0.36,-0.35,0.492957746478873,"mixed","mcmc",-0.000888922830488486,0.0455068554139363,0.0455209387175624,0.995,0.257949077923655
"cfg1_psi-0.36_mu-0.3_sps0.06","sps0.06_K12_exV0",0.06,0.06,12,0,-0.36,-0.3,0.454545454545455,"mixed","mc",0.00507008902536954,0.0494853998577009,0.0492496144235896,0.595,0.0829807902972722
"cfg1_psi-0.36_mu-0.3_sps0.06","sps0.06_K12_exV0",0.06,0.06,12,0,-0.36,-0.3,0.454545454545455,"mixed","mcmc",0.00422623932313281,0.0472016211165558,0.0470355640074188,0.996,0.281546479122111
"cfg1_psi-0.36_mu-0.25_sps0.06","sps0.06_K12_exV0",0.06,0.06,12,0,-0.36,-0.25,0.40983606557377,"mixed","mc",0.00327114619112997,0.0507510003713472,0.0506708118393737,0.625,0.0914102839696244
"cfg1_psi-0.36_mu-0.25_sps0.06","sps0.06_K12_exV0",0.06,0.06,12,0,-0.36,-0.25,0.40983606557377,"mixed","mcmc",0.00286343813915868,0.0482388091022532,0.048177842730419,0.997,0.304018023111697
"cfg1_psi-0.36_mu-0.2_sps0.06","sps0.06_K12_exV0",0.06,0.06,12,0,-0.36,-0.2,0.357142857142857,"mixed","mc",0.00406839230310092,0.0496568042636857,0.0495146250298021,0.693,0.0991159522506794
"cfg1_psi-0.36_mu-0.2_sps0.06","sps0.06_K12_exV0",0.06,0.06,12,0,-0.36,-0.2,0.357142857142857,"mixed","mcmc",0.00375735976904202,0.0471009006722126,0.0469742873854942,0.999,0.331646418303803
"cfg1_psi-0.36_mu-0.15_sps0.06","sps0.06_K12_exV0",0.06,0.06,12,0,-0.36,-0.15,0.294117647058824,"effect-dominated","mc",0.00530752870102281,0.0517641255266697,0.0515170732812735,0.708,0.10760947586115
"cfg1_psi-0.36_mu-0.15_sps0.06","sps0.06_K12_exV0",0.06,0.06,12,0,-0.36,-0.15,0.294117647058824,"effect-dominated","mcmc",0.00512101996501876,0.0478574157754014,0.0476064467587165,1,0.365091535178788
"cfg1_psi-0.36_mu-0.1_sps0.06","sps0.06_K12_exV0",0.06,0.06,12,0,-0.36,-0.1,0.217391304347826,"effect-dominated","mc",0.00379008580500513,0.051679163038742,0.0515657848980088,0.749,0.118607074442107
"cfg1_psi-0.36_mu-0.1_sps0.06","sps0.06_K12_exV0",0.06,0.06,12,0,-0.36,-0.1,0.217391304347826,"effect-dominated","mcmc",0.00429438942092783,0.0460623233893788,0.0458846516472112,1,0.385601850956927
"cfg1_psi-0.36_mu-0.05_sps0.06","sps0.06_K12_exV0",0.06,0.06,12,0,-0.36,-0.05,0.121951219512195,"effect-dominated","mc",0.000886862953003561,0.047351009919507,0.0473663930407366,0.831,0.132348836842977
"cfg1_psi-0.36_mu-0.05_sps0.06","sps0.06_K12_exV0",0.06,0.06,12,0,-0.36,-0.05,0.121951219512195,"effect-dominated","mcmc",0.00700223330992172,0.0371670691494731,0.0365197679522533,1,0.343943423073474
"cfg1_psi-0.31_mu-0.4_sps0.06","sps0.06_K12_exV0",0.06,0.06,12,0,-0.31,-0.4,0.563380281690141,"bias-dominated","mc",0.00442243282737819,0.0571880477292084,0.0570453246114489,0.524,0.0781407471156961
"cfg1_psi-0.31_mu-0.4_sps0.06","sps0.06_K12_exV0",0.06,0.06,12,0,-0.31,-0.4,0.563380281690141,"bias-dominated","mcmc",0.00340161562588474,0.0555993551441852,0.0555229691540957,0.983,0.259722553986967
"cfg1_psi-0.31_mu-0.35_sps0.06","sps0.06_K12_exV0",0.06,0.06,12,0,-0.31,-0.35,0.53030303030303,"bias-dominated","mc",0.00274326884612419,0.0567714760781099,0.0567335321110107,0.532,0.0838280005071402
"cfg1_psi-0.31_mu-0.35_sps0.06","sps0.06_K12_exV0",0.06,0.06,12,0,-0.31,-0.35,0.53030303030303,"bias-dominated","mcmc",0.00158183037569043,0.0540611178258161,0.0540650099282138,0.994,0.277976161237374
"cfg1_psi-0.31_mu-0.3_sps0.06","sps0.06_K12_exV0",0.06,0.06,12,0,-0.31,-0.3,0.491803278688525,"mixed","mc",0.0051540283436668,0.0572469971141002,0.0570430414598789,0.563,0.0902654479365379
"cfg1_psi-0.31_mu-0.3_sps0.06","sps0.06_K12_exV0",0.06,0.06,12,0,-0.31,-0.3,0.491803278688525,"mixed","mcmc",0.00400306837111982,0.0545669215801978,0.054447119879924,0.994,0.303455137377112
"cfg1_psi-0.31_mu-0.25_sps0.06","sps0.06_K12_exV0",0.06,0.06,12,0,-0.31,-0.25,0.446428571428571,"mixed","mc",0.00464321508743752,0.0588550653998274,0.0587009802469406,0.603,0.0997181619262227
"cfg1_psi-0.31_mu-0.25_sps0.06","sps0.06_K12_exV0",0.06,0.06,12,0,-0.31,-0.25,0.446428571428571,"mixed","mcmc",0.00361585463391246,0.0571452105358275,0.0570592362277078,0.995,0.330974160375425
"cfg1_psi-0.31_mu-0.2_sps0.06","sps0.06_K12_exV0",0.06,0.06,12,0,-0.31,-0.2,0.392156862745098,"mixed","mc",0.00544816084310284,0.0602965307994078,0.0600799364899819,0.633,0.108476622730436
"cfg1_psi-0.31_mu-0.2_sps0.06","sps0.06_K12_exV0",0.06,0.06,12,0,-0.31,-0.2,0.392156862745098,"mixed","mcmc",0.0048923157763805,0.0572854330989091,0.057104702422064,0.997,0.36487283030615
"cfg1_psi-0.31_mu-0.15_sps0.06","sps0.06_K12_exV0",0.06,0.06,12,0,-0.31,-0.15,0.326086956521739,"effect-dominated","mc",0.00631971142096937,0.0597399069614295,0.0594344191651388,0.677,0.120924589125068
"cfg1_psi-0.31_mu-0.15_sps0.06","sps0.06_K12_exV0",0.06,0.06,12,0,-0.31,-0.15,0.326086956521739,"effect-dominated","mcmc",0.00652286830146342,0.0563470583656593,0.0559962387517155,1,0.407651138104089
"cfg1_psi-0.31_mu-0.1_sps0.06","sps0.06_K12_exV0",0.06,0.06,12,0,-0.31,-0.1,0.24390243902439,"effect-dominated","mc",0.00557894590286037,0.0623575330545595,0.0621385427070284,0.716,0.134290544113284
"cfg1_psi-0.31_mu-0.1_sps0.06","sps0.06_K12_exV0",0.06,0.06,12,0,-0.31,-0.1,0.24390243902439,"effect-dominated","mcmc",0.00589811265055548,0.0557178911683925,0.0554325575077142,1,0.434524954432975
"cfg1_psi-0.31_mu-0.05_sps0.06","sps0.06_K12_exV0",0.06,0.06,12,0,-0.31,-0.05,0.138888888888889,"effect-dominated","mc",0.000418985118952036,0.0557137017038162,0.0557400032020889,0.807,0.150357259864854
"cfg1_psi-0.31_mu-0.05_sps0.06","sps0.06_K12_exV0",0.06,0.06,12,0,-0.31,-0.05,0.138888888888889,"effect-dominated","mcmc",0.00832590376861798,0.0444643336426694,0.0436997249268347,1,0.395130429705153
"cfg1_psi-0.27_mu-0.4_sps0.06","sps0.06_K12_exV0",0.06,0.06,12,0,-0.27,-0.4,0.597014925373134,"bias-dominated","mc",0.00491991877129728,0.0619509248375159,0.0617861555408969,0.495,0.0821066660420547
"cfg1_psi-0.27_mu-0.4_sps0.06","sps0.06_K12_exV0",0.06,0.06,12,0,-0.27,-0.4,0.597014925373134,"bias-dominated","mcmc",0.00392361684435527,0.0602052392925728,0.0601073120185285,0.978,0.274903110181987
"cfg1_psi-0.27_mu-0.35_sps0.06","sps0.06_K12_exV0",0.06,0.06,12,0,-0.27,-0.35,0.564516129032258,"bias-dominated","mc",0.00453516848465082,0.0640676963380864,0.0639389564431272,0.524,0.090185815250512
"cfg1_psi-0.27_mu-0.35_sps0.06","sps0.06_K12_exV0",0.06,0.06,12,0,-0.27,-0.35,0.564516129032258,"bias-dominated","mcmc",0.00355583127735756,0.0613317359403253,0.061259208189208,0.989,0.2962865094069
"cfg1_psi-0.27_mu-0.3_sps0.06","sps0.06_K12_exV0",0.06,0.06,12,0,-0.27,-0.3,0.526315789473684,"bias-dominated","mc",0.00709053401628314,0.0652857354082003,0.0649320240166312,0.546,0.0971808165040159
"cfg1_psi-0.27_mu-0.3_sps0.06","sps0.06_K12_exV0",0.06,0.06,12,0,-0.27,-0.3,0.526315789473684,"bias-dominated","mcmc",0.00644000226173743,0.0623933719763685,0.062091179341371,0.989,0.325071193234504
"cfg1_psi-0.27_mu-0.25_sps0.06","sps0.06_K12_exV0",0.06,0.06,12,0,-0.27,-0.25,0.480769230769231,"mixed","mc",0.00641369567725659,0.0655074196880561,0.0652253086066251,0.583,0.10622920078933
"cfg1_psi-0.27_mu-0.25_sps0.06","sps0.06_K12_exV0",0.06,0.06,12,0,-0.27,-0.25,0.480769230769231,"mixed","mcmc",0.00519371546230403,0.0637620590549688,0.0635819798589878,0.993,0.356718026682114
"cfg1_psi-0.27_mu-0.2_sps0.06","sps0.06_K12_exV0",0.06,0.06,12,0,-0.27,-0.2,0.425531914893617,"mixed","mc",0.00603291955488019,0.0716773137346687,0.071458712088841,0.604,0.117845393553967
"cfg1_psi-0.27_mu-0.2_sps0.06","sps0.06_K12_exV0",0.06,0.06,12,0,-0.27,-0.2,0.425531914893617,"mixed","mcmc",0.00529185692910285,0.06863379608235,0.0684637239449617,0.994,0.396847800938684
"cfg1_psi-0.27_mu-0.15_sps0.06","sps0.06_K12_exV0",0.06,0.06,12,0,-0.27,-0.15,0.357142857142857,"mixed","mc",0.0108688708299485,0.0730355927021299,0.0722584717176351,0.651,0.134243068455059
"cfg1_psi-0.27_mu-0.15_sps0.06","sps0.06_K12_exV0",0.06,0.06,12,0,-0.27,-0.15,0.357142857142857,"mixed","mcmc",0.0102321670173636,0.06855108658007,0.0678170581993929,0.998,0.449137503973275
"cfg1_psi-0.27_mu-0.1_sps0.06","sps0.06_K12_exV0",0.06,0.06,12,0,-0.27,-0.1,0.27027027027027,"effect-dominated","mc",0.0068949393559273,0.0699795803613268,0.0696739257883481,0.713,0.150142911692113
"cfg1_psi-0.27_mu-0.1_sps0.06","sps0.06_K12_exV0",0.06,0.06,12,0,-0.27,-0.1,0.27027027027027,"effect-dominated","mcmc",0.00732183281802629,0.0639355552688406,0.0635467086157556,1,0.481114530456025
"cfg1_psi-0.27_mu-0.05_sps0.06","sps0.06_K12_exV0",0.06,0.06,12,0,-0.27,-0.05,0.15625,"effect-dominated","mc",0.00337623447932811,0.0682335252355154,0.0681840455742925,0.799,0.173032420729247
"cfg1_psi-0.27_mu-0.05_sps0.06","sps0.06_K12_exV0",0.06,0.06,12,0,-0.27,-0.05,0.15625,"effect-dominated","mcmc",0.0109454927011336,0.0555190146396278,0.0544566129940471,1,0.449161118133831
"cfg1_psi-0.23_mu-0.4_sps0.06","sps0.06_K12_exV0",0.06,0.06,12,0,-0.23,-0.4,0.634920634920635,"bias-dominated","mc",0.0071778061393664,0.0690471289914996,0.0687073928105359,0.467,0.0874904218143838
"cfg1_psi-0.23_mu-0.4_sps0.06","sps0.06_K12_exV0",0.06,0.06,12,0,-0.23,-0.4,0.634920634920635,"bias-dominated","mcmc",0.00573156991920711,0.067566876814507,0.0673570257482146,0.974,0.294036685975225
"cfg1_psi-0.23_mu-0.35_sps0.06","sps0.06_K12_exV0",0.06,0.06,12,0,-0.23,-0.35,0.603448275862069,"bias-dominated","mc",0.00630917501042766,0.0704512620600676,0.0702032986381965,0.518,0.094405126301381
"cfg1_psi-0.23_mu-0.35_sps0.06","sps0.06_K12_exV0",0.06,0.06,12,0,-0.23,-0.35,0.603448275862069,"bias-dominated","mcmc",0.00547533372741414,0.0683020290323332,0.0681162808601978,0.982,0.316603669805595
"cfg1_psi-0.23_mu-0.3_sps0.06","sps0.06_K12_exV0",0.06,0.06,12,0,-0.23,-0.3,0.566037735849057,"bias-dominated","mc",0.00528527168032112,0.0758343520461922,0.0756878028286463,0.503,0.104057646060104
"cfg1_psi-0.23_mu-0.3_sps0.06","sps0.06_K12_exV0",0.06,0.06,12,0,-0.23,-0.3,0.566037735849057,"bias-dominated","mcmc",0.00413931332112884,0.072978961539694,0.0728979356474744,0.979,0.347497263986596
"cfg1_psi-0.23_mu-0.25_sps0.06","sps0.06_K12_exV0",0.06,0.06,12,0,-0.23,-0.25,0.520833333333333,"bias-dominated","mc",0.00571624195443226,0.078092859548075,0.0779223407085237,0.533,0.113781843209893
"cfg1_psi-0.23_mu-0.25_sps0.06","sps0.06_K12_exV0",0.06,0.06,12,0,-0.23,-0.25,0.520833333333333,"bias-dominated","mcmc",0.00458934989448841,0.0747166805862996,0.0746129165271923,0.99,0.385571162880194
"cfg1_psi-0.23_mu-0.2_sps0.06","sps0.06_K12_exV0",0.06,0.06,12,0,-0.23,-0.2,0.465116279069767,"mixed","mc",0.00872411244982653,0.0841052083483635,0.0836933719824827,0.583,0.128191874411179
"cfg1_psi-0.23_mu-0.2_sps0.06","sps0.06_K12_exV0",0.06,0.06,12,0,-0.23,-0.2,0.465116279069767,"mixed","mcmc",0.00740466099400112,0.0799816969098084,0.0796780485928462,0.994,0.433497109231423
"cfg1_psi-0.23_mu-0.15_sps0.06","sps0.06_K12_exV0",0.06,0.06,12,0,-0.23,-0.15,0.394736842105263,"mixed","mc",0.0149574288419696,0.0906332239477142,0.0894352014637122,0.6,0.149995710962779
"cfg1_psi-0.23_mu-0.15_sps0.06","sps0.06_K12_exV0",0.06,0.06,12,0,-0.23,-0.15,0.394736842105263,"mixed","mcmc",0.0138493277428477,0.0864861022550426,0.0854127469508068,0.998,0.495152486753142
"cfg1_psi-0.23_mu-0.1_sps0.06","sps0.06_K12_exV0",0.06,0.06,12,0,-0.23,-0.1,0.303030303030303,"effect-dominated","mc",0.00835244242069043,0.081422915361174,0.0810339086177374,0.699,0.169923580163316
"cfg1_psi-0.23_mu-0.1_sps0.06","sps0.06_K12_exV0",0.06,0.06,12,0,-0.23,-0.1,0.303030303030303,"effect-dominated","mcmc",0.00767677640684948,0.0742845440559099,0.0739237804424838,1,0.53933111186735
"cfg1_psi-0.23_mu-0.05_sps0.06","sps0.06_K12_exV0",0.06,0.06,12,0,-0.23,-0.05,0.178571428571429,"effect-dominated","mc",0.00829981437577969,0.0848526185990301,0.0844879765565651,0.799,0.200930488426612
"cfg1_psi-0.23_mu-0.05_sps0.06","sps0.06_K12_exV0",0.06,0.06,12,0,-0.23,-0.05,0.178571428571429,"effect-dominated","mcmc",0.015801373646816,0.0720223842904333,0.0703027944868852,1,0.517780899630698
"cfg1_psi-0.18_mu-0.4_sps0.06","sps0.06_K12_exV0",0.06,0.06,12,0,-0.18,-0.4,0.689655172413793,"bias-dominated","mc",0.00944223757555058,0.0810640427165119,0.0805525411330662,0.432,0.0942567906869394
"cfg1_psi-0.18_mu-0.4_sps0.06","sps0.06_K12_exV0",0.06,0.06,12,0,-0.18,-0.4,0.689655172413793,"bias-dominated","mcmc",0.00717399928693813,0.0786956294838269,0.0784071649634419,0.958,0.313652596908162
"cfg1_psi-0.18_mu-0.35_sps0.06","sps0.06_K12_exV0",0.06,0.06,12,0,-0.18,-0.35,0.660377358490566,"bias-dominated","mc",0.0102594452298857,0.0815897517742265,0.080982649794401,0.472,0.102802988278319
"cfg1_psi-0.18_mu-0.35_sps0.06","sps0.06_K12_exV0",0.06,0.06,12,0,-0.18,-0.35,0.660377358490566,"bias-dominated","mcmc",0.00866658789041623,0.0786568035927035,0.0782170116193753,0.974,0.344190643061243
"cfg1_psi-0.18_mu-0.3_sps0.06","sps0.06_K12_exV0",0.06,0.06,12,0,-0.18,-0.3,0.625,"bias-dominated","mc",0.00556636876542031,0.0913958510116806,0.0912718339280265,0.478,0.115417600661762
"cfg1_psi-0.18_mu-0.3_sps0.06","sps0.06_K12_exV0",0.06,0.06,12,0,-0.18,-0.3,0.625,"bias-dominated","mcmc",0.00359637104515516,0.0873068188112749,0.0872763650144785,0.964,0.377330542632442
"cfg1_psi-0.18_mu-0.25_sps0.06","sps0.06_K12_exV0",0.06,0.06,12,0,-0.18,-0.25,0.581395348837209,"bias-dominated","mc",0.00949041661284571,0.098337456195903,0.0979274070965653,0.481,0.124522423961605
"cfg1_psi-0.18_mu-0.25_sps0.06","sps0.06_K12_exV0",0.06,0.06,12,0,-0.18,-0.25,0.581395348837209,"bias-dominated","mcmc",0.00854882877202453,0.0929727337515522,0.0926251918974403,0.98,0.423426570148052
"cfg1_psi-0.18_mu-0.2_sps0.06","sps0.06_K12_exV0",0.06,0.06,12,0,-0.18,-0.2,0.526315789473684,"bias-dominated","mc",0.0134292225119351,0.104981014306401,0.104170633426096,0.526,0.14531983310688
"cfg1_psi-0.18_mu-0.2_sps0.06","sps0.06_K12_exV0",0.06,0.06,12,0,-0.18,-0.2,0.526315789473684,"bias-dominated","mcmc",0.0114099116130091,0.0991123250304656,0.0985026378306061,0.989,0.481633851368761
"cfg1_psi-0.18_mu-0.15_sps0.06","sps0.06_K12_exV0",0.06,0.06,12,0,-0.18,-0.15,0.454545454545455,"mixed","mc",0.013023535843236,0.11514661523359,0.114464984806005,0.559,0.170033245177505
"cfg1_psi-0.18_mu-0.15_sps0.06","sps0.06_K12_exV0",0.06,0.06,12,0,-0.18,-0.15,0.454545454545455,"mixed","mcmc",0.0119645762997783,0.107968998396708,0.107357716108173,0.996,0.555088028197022
"cfg1_psi-0.18_mu-0.1_sps0.06","sps0.06_K12_exV0",0.06,0.06,12,0,-0.18,-0.1,0.357142857142857,"mixed","mc",0.0163385516610146,0.11528095274496,0.114174364815343,0.666,0.202627816441334
"cfg1_psi-0.18_mu-0.1_sps0.06","sps0.06_K12_exV0",0.06,0.06,12,0,-0.18,-0.1,0.357142857142857,"mixed","mcmc",0.0160693683719675,0.106516806921671,0.105350388044732,0.998,0.631566162452837
"cfg1_psi-0.18_mu-0.05_sps0.06","sps0.06_K12_exV0",0.06,0.06,12,0,-0.18,-0.05,0.217391304347826,"effect-dominated","mc",0.0159548154059515,0.118308500048188,0.117286406502051,0.793,0.245615349080465
"cfg1_psi-0.18_mu-0.05_sps0.06","sps0.06_K12_exV0",0.06,0.06,12,0,-0.18,-0.05,0.217391304347826,"effect-dominated","mcmc",0.0209738700925594,0.100206723233448,0.098036193570411,1,0.620680742954186
"cfg1_psi-0.14_mu-0.4_sps0.06","sps0.06_K12_exV0",0.06,0.06,12,0,-0.14,-0.4,0.740740740740741,"bias-dominated","mc",0.0119673132625409,0.0934144688512727,0.0926910893348637,0.392,0.0997465104272686
"cfg1_psi-0.14_mu-0.4_sps0.06","sps0.06_K12_exV0",0.06,0.06,12,0,-0.14,-0.4,0.740740740740741,"bias-dominated","mcmc",0.00900955801519964,0.0875028745332525,0.0870813647115898,0.937,0.32125660420442
"cfg1_psi-0.14_mu-0.35_sps0.06","sps0.06_K12_exV0",0.06,0.06,12,0,-0.14,-0.35,0.714285714285714,"bias-dominated","mc",0.0135646786173768,0.0967661990020915,0.095858675397528,0.412,0.109433636263087
"cfg1_psi-0.14_mu-0.35_sps0.06","sps0.06_K12_exV0",0.06,0.06,12,0,-0.14,-0.35,0.714285714285714,"bias-dominated","mcmc",0.0099492910188974,0.0909835597153538,0.0904831860273073,0.962,0.35645905130623
"cfg1_psi-0.14_mu-0.3_sps0.06","sps0.06_K12_exV0",0.06,0.06,12,0,-0.14,-0.3,0.681818181818182,"bias-dominated","mc",0.00598506584207964,0.105661127884454,0.105544268083141,0.442,0.124071556810562
"cfg1_psi-0.14_mu-0.3_sps0.06","sps0.06_K12_exV0",0.06,0.06,12,0,-0.14,-0.3,0.681818181818182,"bias-dominated","mcmc",0.00247723941688178,0.0984708699954933,0.0984889618086155,0.961,0.39488147164303
"cfg1_psi-0.14_mu-0.25_sps0.06","sps0.06_K12_exV0",0.06,0.06,12,0,-0.14,-0.25,0.641025641025641,"bias-dominated","mc",0.0136102757975316,0.116838201606869,0.11610084044741,0.455,0.13724688057869
"cfg1_psi-0.14_mu-0.25_sps0.06","sps0.06_K12_exV0",0.06,0.06,12,0,-0.14,-0.25,0.641025641025641,"bias-dominated","mcmc",0.0103919638415171,0.108335495331848,0.107889883043669,0.962,0.446215054554668
"cfg1_psi-0.14_mu-0.2_sps0.06","sps0.06_K12_exV0",0.06,0.06,12,0,-0.14,-0.2,0.588235294117647,"bias-dominated","mc",0.0221154937963599,0.127873732956871,0.126009821003991,0.482,0.162761774153666
"cfg1_psi-0.14_mu-0.2_sps0.06","sps0.06_K12_exV0",0.06,0.06,12,0,-0.14,-0.2,0.588235294117647,"bias-dominated","mcmc",0.0169435853112405,0.115003944232638,0.113805860480663,0.972,0.517944063663197
"cfg1_psi-0.14_mu-0.15_sps0.06","sps0.06_K12_exV0",0.06,0.06,12,0,-0.14,-0.15,0.517241379310345,"bias-dominated","mc",0.019081711789751,0.139653225632657,0.138412679240571,0.537,0.19009747733556
"cfg1_psi-0.14_mu-0.15_sps0.06","sps0.06_K12_exV0",0.06,0.06,12,0,-0.14,-0.15,0.517241379310345,"bias-dominated","mcmc",0.015356965782574,0.126885594711736,0.126015863069095,0.986,0.606120398062028
"cfg1_psi-0.14_mu-0.1_sps0.06","sps0.06_K12_exV0",0.06,0.06,12,0,-0.14,-0.1,0.416666666666667,"mixed","mc",0.0275371122496359,0.148818393091421,0.146321671678759,0.623,0.231304864370018
"cfg1_psi-0.14_mu-0.1_sps0.06","sps0.06_K12_exV0",0.06,0.06,12,0,-0.14,-0.1,0.416666666666667,"mixed","mcmc",0.0233355468776861,0.132662703873739,0.130659546793102,0.999,0.711474197039
"cfg1_psi-0.14_mu-0.05_sps0.06","sps0.06_K12_exV0",0.06,0.06,12,0,-0.14,-0.05,0.263157894736842,"effect-dominated","mc",0.0306985363030724,0.157008740137248,0.154055436209698,0.743,0.297766660555606
"cfg1_psi-0.14_mu-0.05_sps0.06","sps0.06_K12_exV0",0.06,0.06,12,0,-0.14,-0.05,0.263157894736842,"effect-dominated","mcmc",0.0316473681996106,0.129235903150001,0.125363785950579,1,0.724263702464496
"cfg1_psi-0.1_mu-0.4_sps0.06","sps0.06_K12_exV0",0.06,0.06,12,0,-0.1,-0.4,0.8,"bias-dominated","mc",0.00826193690165483,0.0934298836519765,0.0931104350272616,0.396,0.104503108195465
"cfg1_psi-0.1_mu-0.4_sps0.06","sps0.06_K12_exV0",0.06,0.06,12,0,-0.1,-0.4,0.8,"bias-dominated","mcmc",0.00238098277569453,0.0836800202511665,0.0836879943041302,0.947,0.317346523022771
"cfg1_psi-0.1_mu-0.35_sps0.06","sps0.06_K12_exV0",0.06,0.06,12,0,-0.1,-0.35,0.777777777777778,"bias-dominated","mc",0.00849254803622859,0.10350666407048,0.103209293637467,0.396,0.115214777054167
"cfg1_psi-0.1_mu-0.35_sps0.06","sps0.06_K12_exV0",0.06,0.06,12,0,-0.1,-0.35,0.777777777777778,"bias-dominated","mcmc",0.0013935816537839,0.092145600648424,0.0921811641066065,0.952,0.354417876063407
"cfg1_psi-0.1_mu-0.3_sps0.06","sps0.06_K12_exV0",0.06,0.06,12,0,-0.1,-0.3,0.75,"bias-dominated","mc",0.00305741401182469,0.110371199665965,0.110384050359816,0.412,0.129766321741956
"cfg1_psi-0.1_mu-0.3_sps0.06","sps0.06_K12_exV0",0.06,0.06,12,0,-0.1,-0.3,0.75,"bias-dominated","mcmc",-0.00397866077511899,0.0989285513184561,0.0988979743662056,0.97,0.400502993757227
"cfg1_psi-0.1_mu-0.25_sps0.06","sps0.06_K12_exV0",0.06,0.06,12,0,-0.1,-0.25,0.714285714285714,"bias-dominated","mc",0.0146081186365796,0.126711754148672,0.125929860792317,0.438,0.147853131819632
"cfg1_psi-0.1_mu-0.25_sps0.06","sps0.06_K12_exV0",0.06,0.06,12,0,-0.1,-0.25,0.714285714285714,"bias-dominated","mcmc",0.00527162869820879,0.110498429620396,0.110427837009644,0.955,0.452768811241653
"cfg1_psi-0.1_mu-0.2_sps0.06","sps0.06_K12_exV0",0.06,0.06,12,0,-0.1,-0.2,0.666666666666667,"bias-dominated","mc",0.0191221555622145,0.135950946219244,0.134666766808462,0.441,0.176662587526624
"cfg1_psi-0.1_mu-0.2_sps0.06","sps0.06_K12_exV0",0.06,0.06,12,0,-0.1,-0.2,0.666666666666667,"bias-dominated","mcmc",0.0100396365427911,0.119873005918931,0.119511615637984,0.974,0.532882915760716
"cfg1_psi-0.1_mu-0.15_sps0.06","sps0.06_K12_exV0",0.06,0.06,12,0,-0.1,-0.15,0.6,"bias-dominated","mc",0.0203402249921958,0.153168402057513,0.151887802474918,0.503,0.210835789806102
"cfg1_psi-0.1_mu-0.15_sps0.06","sps0.06_K12_exV0",0.06,0.06,12,0,-0.1,-0.15,0.6,"bias-dominated","mcmc",0.012791399351326,0.135865020513124,0.1353292204203,0.971,0.643037698084532
"cfg1_psi-0.1_mu-0.1_sps0.06","sps0.06_K12_exV0",0.06,0.06,12,0,-0.1,-0.1,0.5,"mixed","mc",0.0385643301545947,0.183527567831921,0.179519881857163,0.545,0.264451065933484
"cfg1_psi-0.1_mu-0.1_sps0.06","sps0.06_K12_exV0",0.06,0.06,12,0,-0.1,-0.1,0.5,"mixed","mcmc",0.0248584577319999,0.15308959662741,0.151133460880531,0.992,0.773335492593293
"cfg1_psi-0.1_mu-0.05_sps0.06","sps0.06_K12_exV0",0.06,0.06,12,0,-0.1,-0.05,0.333333333333333,"mixed","mc",0.0478468964763391,0.207255365952795,0.201757694726102,0.679,0.365233023975446
"cfg1_psi-0.1_mu-0.05_sps0.06","sps0.06_K12_exV0",0.06,0.06,12,0,-0.1,-0.05,0.333333333333333,"mixed","mcmc",0.0400690565502324,0.162475516346135,0.157535969546064,0.994,0.809086180979412
"cfg1_psi-0.05_mu-0.4_sps0.06","sps0.06_K12_exV0",0.06,0.06,12,0,-0.05,-0.4,0.888888888888889,"bias-dominated","mc",-0.0229092125880125,0.0874230068489783,0.084410160409124,0.463,0.103625515379332
"cfg1_psi-0.05_mu-0.4_sps0.06","sps0.06_K12_exV0",0.06,0.06,12,0,-0.05,-0.4,0.888888888888889,"bias-dominated","mcmc",-0.0340149338219652,0.077866262215773,0.0700788849701642,0.947,0.292414518264716
"cfg1_psi-0.05_mu-0.35_sps0.06","sps0.06_K12_exV0",0.06,0.06,12,0,-0.05,-0.35,0.875,"bias-dominated","mc",-0.0216621331744564,0.096770506245203,0.0943620000441774,0.447,0.115293944901537
"cfg1_psi-0.05_mu-0.35_sps0.06","sps0.06_K12_exV0",0.06,0.06,12,0,-0.05,-0.35,0.875,"bias-dominated","mcmc",-0.0369285908308666,0.0858550670267944,0.0775460192306498,0.945,0.327119012018992
"cfg1_psi-0.05_mu-0.3_sps0.06","sps0.06_K12_exV0",0.06,0.06,12,0,-0.05,-0.3,0.857142857142857,"bias-dominated","mc",-0.0283619073672241,0.105861867692476,0.102042883102272,0.473,0.131143457000223
"cfg1_psi-0.05_mu-0.3_sps0.06","sps0.06_K12_exV0",0.06,0.06,12,0,-0.05,-0.3,0.857142857142857,"bias-dominated","mcmc",-0.0422964680523277,0.0950931975176612,0.0852114193663137,0.944,0.371998821818272
"cfg1_psi-0.05_mu-0.25_sps0.06","sps0.06_K12_exV0",0.06,0.06,12,0,-0.05,-0.25,0.833333333333333,"bias-dominated","mc",-0.0235889742686957,0.116975088262447,0.114629278277395,0.483,0.149655974309813
"cfg1_psi-0.05_mu-0.25_sps0.06","sps0.06_K12_exV0",0.06,0.06,12,0,-0.05,-0.25,0.833333333333333,"bias-dominated","mcmc",-0.0419430215136798,0.101509677615029,0.0924854104546067,0.953,0.426829055422682
"cfg1_psi-0.05_mu-0.2_sps0.06","sps0.06_K12_exV0",0.06,0.06,12,0,-0.05,-0.2,0.8,"bias-dominated","mc",-0.023701932359778,0.130590276557674,0.128485591725701,0.474,0.180268038998962
"cfg1_psi-0.05_mu-0.2_sps0.06","sps0.06_K12_exV0",0.06,0.06,12,0,-0.05,-0.2,0.8,"bias-dominated","mcmc",-0.044845931077276,0.112207279242096,0.102907268385729,0.968,0.515415795666569
"cfg1_psi-0.05_mu-0.15_sps0.06","sps0.06_K12_exV0",0.06,0.06,12,0,-0.05,-0.15,0.75,"bias-dominated","mc",-0.0241112094890532,0.157363381196139,0.155583062728127,0.472,0.219228491179203
"cfg1_psi-0.05_mu-0.15_sps0.06","sps0.06_K12_exV0",0.06,0.06,12,0,-0.05,-0.15,0.75,"bias-dominated","mcmc",-0.0500396846297942,0.132439202571084,0.122683428234537,0.964,0.639696297911773
"cfg1_psi-0.05_mu-0.1_sps0.06","sps0.06_K12_exV0",0.06,0.06,12,0,-0.05,-0.1,0.666666666666667,"bias-dominated","mc",-0.0218786037873143,0.183666690613743,0.182450179515744,0.484,0.283268857957309
"cfg1_psi-0.05_mu-0.1_sps0.06","sps0.06_K12_exV0",0.06,0.06,12,0,-0.05,-0.1,0.666666666666667,"bias-dominated","mcmc",-0.0539038773423,0.149175951146315,0.139166100798598,0.963,0.78972934005439
"cfg1_psi-0.05_mu-0.05_sps0.06","sps0.06_K12_exV0",0.06,0.06,12,0,-0.05,-0.05,0.5,"mixed","mc",-0.00451287716966045,0.22682231707049,0.226890892143813,0.549,0.409844545602424
"cfg1_psi-0.05_mu-0.05_sps0.06","sps0.06_K12_exV0",0.06,0.06,12,0,-0.05,-0.05,0.5,"mixed","mcmc",-0.031955845939827,0.164742229079697,0.161694065825994,0.993,0.836309108474634
"cfg1_psi-0.01_mu-0.4_sps0.06","sps0.06_K12_exV0",0.06,0.06,12,0,-0.01,-0.4,0.975609756097561,"bias-dominated","mc",-0.0849309557085738,0.112816027477785,0.074294740909592,0.439,0.0978095395769338
"cfg1_psi-0.01_mu-0.4_sps0.06","sps0.06_K12_exV0",0.06,0.06,12,0,-0.01,-0.4,0.975609756097561,"bias-dominated","mcmc",-0.100176981910145,0.115700066565422,0.0579174596365239,0.83,0.264767197618933
"cfg1_psi-0.01_mu-0.35_sps0.06","sps0.06_K12_exV0",0.06,0.06,12,0,-0.01,-0.35,0.972222222222222,"bias-dominated","mc",-0.0889010289695597,0.118609928985272,0.0785563071652438,0.44,0.108725796072927
"cfg1_psi-0.01_mu-0.35_sps0.06","sps0.06_K12_exV0",0.06,0.06,12,0,-0.01,-0.35,0.972222222222222,"bias-dominated","mcmc",-0.107936208375259,0.123969021634126,0.0610066804666236,0.849,0.292132150521446
"cfg1_psi-0.01_mu-0.3_sps0.06","sps0.06_K12_exV0",0.06,0.06,12,0,-0.01,-0.3,0.967741935483871,"bias-dominated","mc",-0.106165319575907,0.13908138837697,0.0898923698116889,0.427,0.122829122631355
"cfg1_psi-0.01_mu-0.3_sps0.06","sps0.06_K12_exV0",0.06,0.06,12,0,-0.01,-0.3,0.967741935483871,"bias-dominated","mcmc",-0.126074562645491,0.143904738348507,0.069416114626724,0.83,0.33250860127903
"cfg1_psi-0.01_mu-0.25_sps0.06","sps0.06_K12_exV0",0.06,0.06,12,0,-0.01,-0.25,0.961538461538462,"bias-dominated","mc",-0.117373716774476,0.155400683496543,0.101897822390598,0.449,0.140849453035686
"cfg1_psi-0.01_mu-0.25_sps0.06","sps0.06_K12_exV0",0.06,0.06,12,0,-0.01,-0.25,0.961538461538462,"bias-dominated","mcmc",-0.141502848643636,0.161263317429505,0.0773872739167735,0.834,0.382426369949294
"cfg1_psi-0.01_mu-0.2_sps0.06","sps0.06_K12_exV0",0.06,0.06,12,0,-0.01,-0.2,0.952380952380952,"bias-dominated","mc",-0.133727395655307,0.174634393670557,0.112368954279275,0.438,0.167848732103966
"cfg1_psi-0.01_mu-0.2_sps0.06","sps0.06_K12_exV0",0.06,0.06,12,0,-0.01,-0.2,0.952380952380952,"bias-dominated","mcmc",-0.162930160556266,0.182621167558754,0.0825291747584949,0.848,0.46237706453561
"cfg1_psi-0.01_mu-0.15_sps0.06","sps0.06_K12_exV0",0.06,0.06,12,0,-0.01,-0.15,0.9375,"bias-dominated","mc",-0.160463313310155,0.209156089616965,0.134222988776525,0.436,0.204102152487528
"cfg1_psi-0.01_mu-0.15_sps0.06","sps0.06_K12_exV0",0.06,0.06,12,0,-0.01,-0.15,0.9375,"bias-dominated","mcmc",-0.196903971798959,0.218491641412635,0.0947438634247022,0.86,0.590264067300923
"cfg1_psi-0.01_mu-0.1_sps0.06","sps0.06_K12_exV0",0.06,0.06,12,0,-0.01,-0.1,0.909090909090909,"bias-dominated","mc",-0.222195770255932,0.278425359562302,0.167862736860199,0.414,0.258347171796846
"cfg1_psi-0.01_mu-0.1_sps0.06","sps0.06_K12_exV0",0.06,0.06,12,0,-0.01,-0.1,0.909090909090909,"bias-dominated","mcmc",-0.262915966819715,0.287976111922788,0.117555326055883,0.774,0.738801089525908
"cfg1_psi-0.01_mu-0.05_sps0.06","sps0.06_K12_exV0",0.06,0.06,12,0,-0.01,-0.05,0.833333333333333,"bias-dominated","mc",-0.289159910124518,0.360974517549052,0.216184838925242,0.418,0.394936671736022
"cfg1_psi-0.01_mu-0.05_sps0.06","sps0.06_K12_exV0",0.06,0.06,12,0,-0.01,-0.05,0.833333333333333,"bias-dominated","mcmc",-0.322512646385034,0.351171137602293,0.13901829697383,0.762,0.795235317019476
"cfg2_psi-0.4_mu-0.4_sps0.1","sps0.1_K12_exV0",0.1,0.1,12,0,-0.4,-0.4,0.5,"mixed","mc",0.0080156729003965,0.0748420517554006,0.0744488033700686,0.363,0.0680635747000154
"cfg2_psi-0.4_mu-0.4_sps0.1","sps0.1_K12_exV0",0.1,0.1,12,0,-0.4,-0.4,0.5,"mixed","mcmc",0.00633312093728624,0.0733608903802349,0.0731235863141982,0.905,0.232519503866262
"cfg2_psi-0.4_mu-0.35_sps0.1","sps0.1_K12_exV0",0.1,0.1,12,0,-0.4,-0.35,0.466666666666667,"mixed","mc",0.0055508662332581,0.0701755556800477,0.0699906793384535,0.422,0.0726484569789882
"cfg2_psi-0.4_mu-0.35_sps0.1","sps0.1_K12_exV0",0.1,0.1,12,0,-0.4,-0.35,0.466666666666667,"mixed","mcmc",0.00455634082579527,0.0680497095497558,0.0679309748600059,0.928,0.246962083629987
"cfg2_psi-0.4_mu-0.3_sps0.1","sps0.1_K12_exV0",0.1,0.1,12,0,-0.4,-0.3,0.428571428571428,"mixed","mc",0.013970831598174,0.0729065247820678,0.0715912181959247,0.443,0.0795037733641769
"cfg2_psi-0.4_mu-0.3_sps0.1","sps0.1_K12_exV0",0.1,0.1,12,0,-0.4,-0.3,0.428571428571428,"mixed","mcmc",0.0133170267194012,0.0718333620009544,0.0706234831489286,0.947,0.269616373457075
"cfg2_psi-0.4_mu-0.25_sps0.1","sps0.1_K12_exV0",0.1,0.1,12,0,-0.4,-0.25,0.384615384615385,"mixed","mc",0.0103210753575482,0.0743050949289455,0.0736216182825532,0.455,0.0860643761618112
"cfg2_psi-0.4_mu-0.25_sps0.1","sps0.1_K12_exV0",0.1,0.1,12,0,-0.4,-0.25,0.384615384615385,"mixed","mcmc",0.00956145718108838,0.072264211383706,0.0716647096840366,0.972,0.288630227343045
"cfg2_psi-0.4_mu-0.2_sps0.1","sps0.1_K12_exV0",0.1,0.1,12,0,-0.4,-0.2,0.333333333333333,"mixed","mc",0.0118403868365479,0.0722751382516243,0.0713343496380994,0.516,0.0936818936585339
"cfg2_psi-0.4_mu-0.2_sps0.1","sps0.1_K12_exV0",0.1,0.1,12,0,-0.4,-0.2,0.333333333333333,"mixed","mcmc",0.0112306540999863,0.0697009335566803,0.0688246276890458,0.987,0.317151576340068
"cfg2_psi-0.4_mu-0.15_sps0.1","sps0.1_K12_exV0",0.1,0.1,12,0,-0.4,-0.15,0.272727272727273,"effect-dominated","mc",0.00980393322251938,0.0662095439487636,0.0655124299790001,0.578,0.102043308032876
"cfg2_psi-0.4_mu-0.15_sps0.1","sps0.1_K12_exV0",0.1,0.1,12,0,-0.4,-0.15,0.272727272727273,"effect-dominated","mcmc",0.00921671776647408,0.0638418509524413,0.0632046586536342,0.995,0.343783903198002
"cfg2_psi-0.4_mu-0.1_sps0.1","sps0.1_K12_exV0",0.1,0.1,12,0,-0.4,-0.1,0.2,"effect-dominated","mc",0.00671654798716212,0.0614155580443192,0.0610777311487056,0.676,0.110869886888313
"cfg2_psi-0.4_mu-0.1_sps0.1","sps0.1_K12_exV0",0.1,0.1,12,0,-0.4,-0.1,0.2,"effect-dominated","mcmc",0.00693202263187967,0.0577514407571027,0.0573625874433018,0.999,0.361108231362674
"cfg2_psi-0.4_mu-0.05_sps0.1","sps0.1_K12_exV0",0.1,0.1,12,0,-0.4,-0.05,0.111111111111111,"effect-dominated","mc",0.00514764335008114,0.0523672322499803,0.0521396905321899,0.783,0.126459689784877
"cfg2_psi-0.4_mu-0.05_sps0.1","sps0.1_K12_exV0",0.1,0.1,12,0,-0.4,-0.05,0.111111111111111,"effect-dominated","mcmc",0.0105726175150326,0.046399725784814,0.0452017423258889,1,0.323848596290221
"cfg2_psi-0.36_mu-0.4_sps0.1","sps0.1_K12_exV0",0.1,0.1,12,0,-0.36,-0.4,0.526315789473684,"bias-dominated","mc",0.0103589234593402,0.0834942156483541,0.0828905760572123,0.349,0.0724735133565015
"cfg2_psi-0.36_mu-0.4_sps0.1","sps0.1_K12_exV0",0.1,0.1,12,0,-0.36,-0.4,0.526315789473684,"bias-dominated","mcmc",0.00823980281593828,0.0814557786080404,0.0810785004883414,0.894,0.244287866814444
"cfg2_psi-0.36_mu-0.35_sps0.1","sps0.1_K12_exV0",0.1,0.1,12,0,-0.36,-0.35,0.492957746478873,"mixed","mc",0.00492256492643863,0.0750027491347772,0.0748784850263355,0.405,0.0777035710058159
"cfg2_psi-0.36_mu-0.35_sps0.1","sps0.1_K12_exV0",0.1,0.1,12,0,-0.36,-0.35,0.492957746478873,"mixed","mcmc",0.0041238854961989,0.0735483716332554,0.0734694105911453,0.921,0.260461996663174
"cfg2_psi-0.36_mu-0.3_sps0.1","sps0.1_K12_exV0",0.1,0.1,12,0,-0.36,-0.3,0.454545454545455,"mixed","mc",0.0130913573607179,0.0798084064976016,0.0787667589307371,0.421,0.0843507541081955
"cfg2_psi-0.36_mu-0.3_sps0.1","sps0.1_K12_exV0",0.1,0.1,12,0,-0.36,-0.3,0.454545454545455,"mixed","mcmc",0.012211842484162,0.0780800267840234,0.0771577267714411,0.942,0.286227548411093
"cfg2_psi-0.36_mu-0.25_sps0.1","sps0.1_K12_exV0",0.1,0.1,12,0,-0.36,-0.25,0.40983606557377,"mixed","mc",0.0106955332482832,0.0792365646253935,0.0785506775980967,0.46,0.0930483300928068
"cfg2_psi-0.36_mu-0.25_sps0.1","sps0.1_K12_exV0",0.1,0.1,12,0,-0.36,-0.25,0.40983606557377,"mixed","mcmc",0.0102565435337017,0.0774496329728578,0.0768059119500716,0.975,0.309216976724886
"cfg2_psi-0.36_mu-0.2_sps0.1","sps0.1_K12_exV0",0.1,0.1,12,0,-0.36,-0.2,0.357142857142857,"mixed","mc",0.0124437347459272,0.0790817817189018,0.0781356951224042,0.512,0.101587428356933
"cfg2_psi-0.36_mu-0.2_sps0.1","sps0.1_K12_exV0",0.1,0.1,12,0,-0.36,-0.2,0.357142857142857,"mixed","mcmc",0.0121710220729914,0.0775326794019605,0.0766097359908944,0.987,0.338857283058062
"cfg2_psi-0.36_mu-0.15_sps0.1","sps0.1_K12_exV0",0.1,0.1,12,0,-0.36,-0.15,0.294117647058824,"effect-dominated","mc",0.0148895205053598,0.0811837997800284,0.0798466468479238,0.561,0.110892325929586
"cfg2_psi-0.36_mu-0.15_sps0.1","sps0.1_K12_exV0",0.1,0.1,12,0,-0.36,-0.15,0.294117647058824,"effect-dominated","mcmc",0.014621094785458,0.0779642752116922,0.0766193338451726,0.989,0.375914989844423
"cfg2_psi-0.36_mu-0.1_sps0.1","sps0.1_K12_exV0",0.1,0.1,12,0,-0.36,-0.1,0.217391304347826,"effect-dominated","mc",0.0118839212975733,0.0740940937964784,0.0731714507941844,0.648,0.12264165018766
"cfg2_psi-0.36_mu-0.1_sps0.1","sps0.1_K12_exV0",0.1,0.1,12,0,-0.36,-0.1,0.217391304347826,"effect-dominated","mcmc",0.0122908363514694,0.0692312860784298,0.068165628191351,0.999,0.399094727333384
"cfg2_psi-0.36_mu-0.05_sps0.1","sps0.1_K12_exV0",0.1,0.1,12,0,-0.36,-0.05,0.121951219512195,"effect-dominated","mc",0.0079582154012537,0.0660593030570173,0.0656109985531179,0.765,0.139875478116068
"cfg2_psi-0.36_mu-0.05_sps0.1","sps0.1_K12_exV0",0.1,0.1,12,0,-0.36,-0.05,0.121951219512195,"effect-dominated","mcmc",0.0139112977301485,0.0570417296595179,0.0553470687211954,1,0.361770187025587
"cfg2_psi-0.31_mu-0.4_sps0.1","sps0.1_K12_exV0",0.1,0.1,12,0,-0.31,-0.4,0.563380281690141,"bias-dominated","mc",0.0120185854733162,0.0929664359943812,0.0922324164454197,0.354,0.0790003665906319
"cfg2_psi-0.31_mu-0.4_sps0.1","sps0.1_K12_exV0",0.1,0.1,12,0,-0.31,-0.4,0.563380281690141,"bias-dominated","mcmc",0.0108113665586552,0.0909907901140729,0.0903914202099138,0.866,0.261181358265011
"cfg2_psi-0.31_mu-0.35_sps0.1","sps0.1_K12_exV0",0.1,0.1,12,0,-0.31,-0.35,0.53030303030303,"bias-dominated","mc",0.0101549066139259,0.0918478840459021,0.0913304600245734,0.366,0.0849832700330463
"cfg2_psi-0.31_mu-0.35_sps0.1","sps0.1_K12_exV0",0.1,0.1,12,0,-0.31,-0.35,0.53030303030303,"bias-dominated","mcmc",0.00882350451187375,0.0889679840761707,0.0885736600347906,0.904,0.280343381249781
"cfg2_psi-0.31_mu-0.3_sps0.1","sps0.1_K12_exV0",0.1,0.1,12,0,-0.31,-0.3,0.491803278688525,"mixed","mc",0.0136862704335634,0.0942703881994226,0.0933182747015957,0.386,0.0917565381644607
"cfg2_psi-0.31_mu-0.3_sps0.1","sps0.1_K12_exV0",0.1,0.1,12,0,-0.31,-0.3,0.491803278688525,"mixed","mcmc",0.0124455153485152,0.0919019189240915,0.0911008848522397,0.923,0.307011274010583
"cfg2_psi-0.31_mu-0.25_sps0.1","sps0.1_K12_exV0",0.1,0.1,12,0,-0.31,-0.25,0.446428571428571,"mixed","mc",0.0142987483370232,0.0948753905630564,0.0938386446071589,0.441,0.101946973679992
"cfg2_psi-0.31_mu-0.25_sps0.1","sps0.1_K12_exV0",0.1,0.1,12,0,-0.31,-0.25,0.446428571428571,"mixed","mcmc",0.0132495627921164,0.0939492215552523,0.0930567831033139,0.945,0.336641318754068
"cfg2_psi-0.31_mu-0.2_sps0.1","sps0.1_K12_exV0",0.1,0.1,12,0,-0.31,-0.2,0.392156862745098,"mixed","mc",0.0171467395963794,0.0979125752563268,0.0964477261443639,0.46,0.11166998109956
"cfg2_psi-0.31_mu-0.2_sps0.1","sps0.1_K12_exV0",0.1,0.1,12,0,-0.31,-0.2,0.392156862745098,"mixed","mcmc",0.0165561858142293,0.0957265014254712,0.0943310878797973,0.973,0.373134968025188
"cfg2_psi-0.31_mu-0.15_sps0.1","sps0.1_K12_exV0",0.1,0.1,12,0,-0.31,-0.15,0.326086956521739,"effect-dominated","mc",0.0208128279661678,0.101208041951493,0.0990944683691643,0.527,0.125920900884815
"cfg2_psi-0.31_mu-0.15_sps0.1","sps0.1_K12_exV0",0.1,0.1,12,0,-0.31,-0.15,0.326086956521739,"effect-dominated","mcmc",0.0208302120308199,0.0979122121467229,0.0957186795763282,0.989,0.422237979180719
"cfg2_psi-0.31_mu-0.1_sps0.1","sps0.1_K12_exV0",0.1,0.1,12,0,-0.31,-0.1,0.24390243902439,"effect-dominated","mc",0.0174276619873118,0.094977486294678,0.093411590425051,0.62,0.140128319299896
"cfg2_psi-0.31_mu-0.1_sps0.1","sps0.1_K12_exV0",0.1,0.1,12,0,-0.31,-0.1,0.24390243902439,"effect-dominated","mcmc",0.0174073873313251,0.0885609286938141,0.0868767432972368,0.998,0.451358359050701
"cfg2_psi-0.31_mu-0.05_sps0.1","sps0.1_K12_exV0",0.1,0.1,12,0,-0.31,-0.05,0.138888888888889,"effect-dominated","mc",0.0112857823511814,0.0819432699579452,0.0812029835206508,0.745,0.161839405004416
"cfg2_psi-0.31_mu-0.05_sps0.1","sps0.1_K12_exV0",0.1,0.1,12,0,-0.31,-0.05,0.138888888888889,"effect-dominated","mcmc",0.0192012274387924,0.0738665351507412,0.0713629494245439,0.999,0.419405878438654
"cfg2_psi-0.27_mu-0.4_sps0.1","sps0.1_K12_exV0",0.1,0.1,12,0,-0.27,-0.4,0.597014925373134,"bias-dominated","mc",0.0138786937219428,0.100926633902691,0.100017852718216,0.333,0.0830418914270639
"cfg2_psi-0.27_mu-0.4_sps0.1","sps0.1_K12_exV0",0.1,0.1,12,0,-0.27,-0.4,0.597014925373134,"bias-dominated","mcmc",0.0125823385841464,0.0985968891134047,0.0978396847015433,0.85,0.27518865850098
"cfg2_psi-0.27_mu-0.35_sps0.1","sps0.1_K12_exV0",0.1,0.1,12,0,-0.27,-0.35,0.564516129032258,"bias-dominated","mc",0.0134062393511993,0.103500669565019,0.102680107866212,0.367,0.0913054782075393
"cfg2_psi-0.27_mu-0.35_sps0.1","sps0.1_K12_exV0",0.1,0.1,12,0,-0.27,-0.35,0.564516129032258,"bias-dominated","mcmc",0.0121617768500052,0.100454677013125,0.099765657939825,0.888,0.296657047156021
"cfg2_psi-0.27_mu-0.3_sps0.1","sps0.1_K12_exV0",0.1,0.1,12,0,-0.27,-0.3,0.526315789473684,"bias-dominated","mc",0.0185483972364455,0.11038566256254,0.108870584932724,0.366,0.0985764809899415
"cfg2_psi-0.27_mu-0.3_sps0.1","sps0.1_K12_exV0",0.1,0.1,12,0,-0.27,-0.3,0.526315789473684,"bias-dominated","mcmc",0.0172535932007305,0.105895307338095,0.104532562843297,0.909,0.326491297501957
"cfg2_psi-0.27_mu-0.25_sps0.1","sps0.1_K12_exV0",0.1,0.1,12,0,-0.27,-0.25,0.480769230769231,"mixed","mc",0.0182966772180656,0.106841662513001,0.105316019271691,0.402,0.108758280753291
"cfg2_psi-0.27_mu-0.25_sps0.1","sps0.1_K12_exV0",0.1,0.1,12,0,-0.27,-0.25,0.480769230769231,"mixed","mcmc",0.0169216993705236,0.105395219393826,0.10407997407037,0.933,0.361591597073179
"cfg2_psi-0.27_mu-0.2_sps0.1","sps0.1_K12_exV0",0.1,0.1,12,0,-0.27,-0.2,0.425531914893617,"mixed","mc",0.020320037982885,0.118225936684521,0.116524873771714,0.414,0.121093720267267
"cfg2_psi-0.27_mu-0.2_sps0.1","sps0.1_K12_exV0",0.1,0.1,12,0,-0.27,-0.2,0.425531914893617,"mixed","mcmc",0.0187950818928608,0.113132004784341,0.111615650589966,0.952,0.402621253203349
"cfg2_psi-0.27_mu-0.15_sps0.1","sps0.1_K12_exV0",0.1,0.1,12,0,-0.27,-0.15,0.357142857142857,"mixed","mc",0.0306763889555553,0.127910264587385,0.124239407507603,0.487,0.140096621170103
"cfg2_psi-0.27_mu-0.15_sps0.1","sps0.1_K12_exV0",0.1,0.1,12,0,-0.27,-0.15,0.357142857142857,"mixed","mcmc",0.0290671795876324,0.120822368468065,0.117332479321613,0.977,0.462210003132142
"cfg2_psi-0.27_mu-0.1_sps0.1","sps0.1_K12_exV0",0.1,0.1,12,0,-0.27,-0.1,0.27027027027027,"effect-dominated","mc",0.0213777169318596,0.110997241918088,0.108973649055137,0.6,0.157083277520855
"cfg2_psi-0.27_mu-0.1_sps0.1","sps0.1_K12_exV0",0.1,0.1,12,0,-0.27,-0.1,0.27027027027027,"effect-dominated","mcmc",0.021337215694259,0.104454893390795,0.1023035385199,0.994,0.498232000771955
"cfg2_psi-0.27_mu-0.05_sps0.1","sps0.1_K12_exV0",0.1,0.1,12,0,-0.27,-0.05,0.15625,"effect-dominated","mc",0.0207295990578768,0.113944830971041,0.112099395638073,0.735,0.190060917643771
"cfg2_psi-0.27_mu-0.05_sps0.1","sps0.1_K12_exV0",0.1,0.1,12,0,-0.27,-0.05,0.15625,"effect-dominated","mcmc",0.027103404448233,0.0988978195179817,0.0951590217065041,0.999,0.475496255272014
"cfg2_psi-0.23_mu-0.4_sps0.1","sps0.1_K12_exV0",0.1,0.1,12,0,-0.23,-0.4,0.634920634920635,"bias-dominated","mc",0.0179058316346079,0.111130776434924,0.109733641772425,0.314,0.0880415702373983
"cfg2_psi-0.23_mu-0.4_sps0.1","sps0.1_K12_exV0",0.1,0.1,12,0,-0.23,-0.4,0.634920634920635,"bias-dominated","mcmc",0.0157434191704917,0.108112438577491,0.10701353196684,0.833,0.290326671384706
"cfg2_psi-0.23_mu-0.35_sps0.1","sps0.1_K12_exV0",0.1,0.1,12,0,-0.23,-0.35,0.603448275862069,"bias-dominated","mc",0.0157885875628711,0.110147285428342,0.109064384791885,0.362,0.0953220780624346
"cfg2_psi-0.23_mu-0.35_sps0.1","sps0.1_K12_exV0",0.1,0.1,12,0,-0.23,-0.35,0.603448275862069,"bias-dominated","mcmc",0.0144535509169293,0.107205490477152,0.106279854449469,0.876,0.313938474044525
"cfg2_psi-0.23_mu-0.3_sps0.1","sps0.1_K12_exV0",0.1,0.1,12,0,-0.23,-0.3,0.566037735849057,"bias-dominated","mc",0.0155109086222051,0.122119305099348,0.12119085615374,0.344,0.104590709884338
"cfg2_psi-0.23_mu-0.3_sps0.1","sps0.1_K12_exV0",0.1,0.1,12,0,-0.23,-0.3,0.566037735849057,"bias-dominated","mcmc",0.013507208122246,0.117364877157392,0.11664336841118,0.885,0.343706620124575
"cfg2_psi-0.23_mu-0.25_sps0.1","sps0.1_K12_exV0",0.1,0.1,12,0,-0.23,-0.25,0.520833333333333,"bias-dominated","mc",0.0202192103576677,0.128934267484268,0.127402748496811,0.347,0.115627663219827
"cfg2_psi-0.23_mu-0.25_sps0.1","sps0.1_K12_exV0",0.1,0.1,12,0,-0.23,-0.25,0.520833333333333,"bias-dominated","mcmc",0.0181785900198198,0.123550556818283,0.12226703637196,0.902,0.384578570274299
"cfg2_psi-0.23_mu-0.2_sps0.1","sps0.1_K12_exV0",0.1,0.1,12,0,-0.23,-0.2,0.465116279069767,"mixed","mc",0.026138831543067,0.135545063273918,0.133067398697388,0.391,0.131403261578362
"cfg2_psi-0.23_mu-0.2_sps0.1","sps0.1_K12_exV0",0.1,0.1,12,0,-0.23,-0.2,0.465116279069767,"mixed","mcmc",0.0234767022712876,0.128210016492758,0.126105334283976,0.937,0.434948376103108
"cfg2_psi-0.23_mu-0.15_sps0.1","sps0.1_K12_exV0",0.1,0.1,12,0,-0.23,-0.15,0.394736842105263,"mixed","mc",0.0378771653884206,0.151277910356132,0.146532584438268,0.421,0.154856302839907
"cfg2_psi-0.23_mu-0.15_sps0.1","sps0.1_K12_exV0",0.1,0.1,12,0,-0.23,-0.15,0.394736842105263,"mixed","mcmc",0.0346982543637509,0.141784126980508,0.137541584603452,0.961,0.49944970319366
"cfg2_psi-0.23_mu-0.1_sps0.1","sps0.1_K12_exV0",0.1,0.1,12,0,-0.23,-0.1,0.303030303030303,"effect-dominated","mc",0.0285099984192735,0.13867713196894,0.135782781990755,0.564,0.179066541347267
"cfg2_psi-0.23_mu-0.1_sps0.1","sps0.1_K12_exV0",0.1,0.1,12,0,-0.23,-0.1,0.303030303030303,"effect-dominated","mcmc",0.0264701241393364,0.128281072460916,0.125583188432958,0.992,0.553378076372295
"cfg2_psi-0.23_mu-0.05_sps0.1","sps0.1_K12_exV0",0.1,0.1,12,0,-0.23,-0.05,0.178571428571429,"effect-dominated","mc",0.0291360606783758,0.134349980064705,0.131218235534812,0.714,0.217942893836081
"cfg2_psi-0.23_mu-0.05_sps0.1","sps0.1_K12_exV0",0.1,0.1,12,0,-0.23,-0.05,0.178571428571429,"effect-dominated","mcmc",0.0354752947865638,0.119504447958866,0.114174657407648,0.995,0.539355355733812
"cfg2_psi-0.18_mu-0.4_sps0.1","sps0.1_K12_exV0",0.1,0.1,12,0,-0.18,-0.4,0.689655172413793,"bias-dominated","mc",0.0187054690695587,0.123640749063286,0.122278748554957,0.292,0.0929934647227491
"cfg2_psi-0.18_mu-0.4_sps0.1","sps0.1_K12_exV0",0.1,0.1,12,0,-0.18,-0.4,0.689655172413793,"bias-dominated","mcmc",0.0143026260966397,0.117461336704907,0.116645645927986,0.78,0.300054695015408
"cfg2_psi-0.18_mu-0.35_sps0.1","sps0.1_K12_exV0",0.1,0.1,12,0,-0.18,-0.35,0.660377358490566,"bias-dominated","mc",0.0220448574406573,0.125386402713208,0.12349504148366,0.317,0.102185510547347
"cfg2_psi-0.18_mu-0.35_sps0.1","sps0.1_K12_exV0",0.1,0.1,12,0,-0.18,-0.35,0.660377358490566,"bias-dominated","mcmc",0.0185347692547334,0.119093023377454,0.117700739206967,0.837,0.331629745047845
"cfg2_psi-0.18_mu-0.3_sps0.1","sps0.1_K12_exV0",0.1,0.1,12,0,-0.18,-0.3,0.625,"bias-dominated","mc",0.0130472768211874,0.135997995441094,0.135438424748834,0.313,0.11426538402574
"cfg2_psi-0.18_mu-0.3_sps0.1","sps0.1_K12_exV0",0.1,0.1,12,0,-0.18,-0.3,0.625,"bias-dominated","mcmc",0.00950051558665463,0.129372724257808,0.129087976555393,0.841,0.361047018129146
"cfg2_psi-0.18_mu-0.25_sps0.1","sps0.1_K12_exV0",0.1,0.1,12,0,-0.18,-0.25,0.581395348837209,"bias-dominated","mc",0.0222856154037273,0.149005531163236,0.147403281478758,0.311,0.123246699018204
"cfg2_psi-0.18_mu-0.25_sps0.1","sps0.1_K12_exV0",0.1,0.1,12,0,-0.18,-0.25,0.581395348837209,"bias-dominated","mcmc",0.0186445371048272,0.13901058112167,0.1378235038669,0.856,0.406539524368349
"cfg2_psi-0.18_mu-0.2_sps0.1","sps0.1_K12_exV0",0.1,0.1,12,0,-0.18,-0.2,0.526315789473684,"bias-dominated","mc",0.0294719456087285,0.155925281554656,0.15319127068913,0.355,0.144670317393431
"cfg2_psi-0.18_mu-0.2_sps0.1","sps0.1_K12_exV0",0.1,0.1,12,0,-0.18,-0.2,0.526315789473684,"bias-dominated","mcmc",0.0249350560961339,0.145368478598239,0.143285617965534,0.9,0.46577948752506
"cfg2_psi-0.18_mu-0.15_sps0.1","sps0.1_K12_exV0",0.1,0.1,12,0,-0.18,-0.15,0.454545454545455,"mixed","mc",0.0301360358468764,0.168873304776269,0.166245752004537,0.369,0.168940105082841
"cfg2_psi-0.18_mu-0.15_sps0.1","sps0.1_K12_exV0",0.1,0.1,12,0,-0.18,-0.15,0.454545454545455,"mixed","mcmc",0.0259703941526092,0.15600648186944,0.153906621888401,0.93,0.53621422006596
"cfg2_psi-0.18_mu-0.1_sps0.1","sps0.1_K12_exV0",0.1,0.1,12,0,-0.18,-0.1,0.357142857142857,"mixed","mc",0.0398308086317202,0.176086707808811,0.17160852203642,0.514,0.204727881002575
"cfg2_psi-0.18_mu-0.1_sps0.1","sps0.1_K12_exV0",0.1,0.1,12,0,-0.18,-0.1,0.357142857142857,"mixed","mcmc",0.0351523510381474,0.157409441631355,0.153510944695573,0.979,0.62499268316316
"cfg2_psi-0.18_mu-0.05_sps0.1","sps0.1_K12_exV0",0.1,0.1,12,0,-0.18,-0.05,0.217391304347826,"effect-dominated","mc",0.0388318935621485,0.167594600580855,0.163115421794082,0.687,0.257562943141287
"cfg2_psi-0.18_mu-0.05_sps0.1","sps0.1_K12_exV0",0.1,0.1,12,0,-0.18,-0.05,0.217391304347826,"effect-dominated","mcmc",0.0406083580580822,0.142747788647024,0.136918366403125,0.994,0.620564701708363
"cfg2_psi-0.14_mu-0.4_sps0.1","sps0.1_K12_exV0",0.1,0.1,12,0,-0.14,-0.4,0.740740740740741,"bias-dominated","mc",0.0124908705443663,0.126384239121277,0.125828402350766,0.261,0.0952642990652479
"cfg2_psi-0.14_mu-0.4_sps0.1","sps0.1_K12_exV0",0.1,0.1,12,0,-0.14,-0.4,0.740740740740741,"bias-dominated","mcmc",0.00674170727680864,0.117324463415557,0.11718921627502,0.767,0.300186518999342
"cfg2_psi-0.14_mu-0.35_sps0.1","sps0.1_K12_exV0",0.1,0.1,12,0,-0.14,-0.35,0.714285714285714,"bias-dominated","mc",0.0166846347205473,0.132788825258023,0.13180237837229,0.282,0.105159709073766
"cfg2_psi-0.14_mu-0.35_sps0.1","sps0.1_K12_exV0",0.1,0.1,12,0,-0.14,-0.35,0.714285714285714,"bias-dominated","mcmc",0.0101743183576152,0.12336483850609,0.12300608571414,0.795,0.333013389495034
"cfg2_psi-0.14_mu-0.3_sps0.1","sps0.1_K12_exV0",0.1,0.1,12,0,-0.14,-0.3,0.681818181818182,"bias-dominated","mc",0.00473738769459064,0.14192204133471,0.141913926508216,0.291,0.118364018384677
"cfg2_psi-0.14_mu-0.3_sps0.1","sps0.1_K12_exV0",0.1,0.1,12,0,-0.14,-0.3,0.681818181818182,"bias-dominated","mcmc",-0.00141240554065401,0.131751375329011,0.131809725800072,0.809,0.369657399209736
"cfg2_psi-0.14_mu-0.25_sps0.1","sps0.1_K12_exV0",0.1,0.1,12,0,-0.14,-0.25,0.641025641025641,"bias-dominated","mc",0.0156924042951562,0.155113204460185,0.154394599444677,0.298,0.130627541196206
"cfg2_psi-0.14_mu-0.25_sps0.1","sps0.1_K12_exV0",0.1,0.1,12,0,-0.14,-0.25,0.641025641025641,"bias-dominated","mcmc",0.00890292912383341,0.142090254579257,0.141882024260378,0.81,0.414530151935502
"cfg2_psi-0.14_mu-0.2_sps0.1","sps0.1_K12_exV0",0.1,0.1,12,0,-0.14,-0.2,0.588235294117647,"bias-dominated","mc",0.0285439062978736,0.162863624756962,0.160423007151275,0.335,0.157420467747629
"cfg2_psi-0.14_mu-0.2_sps0.1","sps0.1_K12_exV0",0.1,0.1,12,0,-0.14,-0.2,0.588235294117647,"bias-dominated","mcmc",0.0214932132119194,0.149659893676062,0.148182602368165,0.875,0.485456299477677
"cfg2_psi-0.14_mu-0.15_sps0.1","sps0.1_K12_exV0",0.1,0.1,12,0,-0.14,-0.15,0.517241379310345,"bias-dominated","mc",0.0274809779847651,0.181370151367419,0.17936582661086,0.345,0.180949836390679
"cfg2_psi-0.14_mu-0.15_sps0.1","sps0.1_K12_exV0",0.1,0.1,12,0,-0.14,-0.15,0.517241379310345,"bias-dominated","mcmc",0.0197046582074377,0.164534590485111,0.163432150995483,0.887,0.563937489948871
"cfg2_psi-0.14_mu-0.1_sps0.1","sps0.1_K12_exV0",0.1,0.1,12,0,-0.14,-0.1,0.416666666666667,"mixed","mc",0.0432641654785578,0.19310518461552,0.188290407584738,0.465,0.224041447346855
"cfg2_psi-0.14_mu-0.1_sps0.1","sps0.1_K12_exV0",0.1,0.1,12,0,-0.14,-0.1,0.416666666666667,"mixed","mcmc",0.0339834787586036,0.169670803654331,0.166315861390067,0.962,0.6762496203397
"cfg2_psi-0.14_mu-0.05_sps0.1","sps0.1_K12_exV0",0.1,0.1,12,0,-0.14,-0.05,0.263157894736842,"effect-dominated","mc",0.0553563377872562,0.205247052786461,0.197740055815673,0.622,0.29989762570647
"cfg2_psi-0.14_mu-0.05_sps0.1","sps0.1_K12_exV0",0.1,0.1,12,0,-0.14,-0.05,0.263157894736842,"effect-dominated","mcmc",0.0507959403660832,0.168240429477056,0.160469202396807,0.986,0.692347318127317
"cfg2_psi-0.1_mu-0.4_sps0.1","sps0.1_K12_exV0",0.1,0.1,12,0,-0.1,-0.4,0.8,"bias-dominated","mc",-0.00664630256453818,0.116809405427399,0.11667852302913,0.28,0.0984880607591831
"cfg2_psi-0.1_mu-0.4_sps0.1","sps0.1_K12_exV0",0.1,0.1,12,0,-0.1,-0.4,0.8,"bias-dominated","mcmc",-0.013401296079935,0.107925556137939,0.107143878694973,0.844,0.295243658616312
"cfg2_psi-0.1_mu-0.35_sps0.1","sps0.1_K12_exV0",0.1,0.1,12,0,-0.1,-0.35,0.777777777777778,"bias-dominated","mc",-0.00566659238308646,0.129332786742365,0.129273241733695,0.274,0.107250925596464
"cfg2_psi-0.1_mu-0.35_sps0.1","sps0.1_K12_exV0",0.1,0.1,12,0,-0.1,-0.35,0.777777777777778,"bias-dominated","mcmc",-0.0144974523507707,0.118106531594741,0.117272031661802,0.857,0.328897979199353
"cfg2_psi-0.1_mu-0.3_sps0.1","sps0.1_K12_exV0",0.1,0.1,12,0,-0.1,-0.3,0.75,"bias-dominated","mc",-0.0127132383386007,0.137387065532439,0.136866035444222,0.299,0.121529608960455
"cfg2_psi-0.1_mu-0.3_sps0.1","sps0.1_K12_exV0",0.1,0.1,12,0,-0.1,-0.3,0.75,"bias-dominated","mcmc",-0.0211187616252597,0.126292277076792,0.12457630759125,0.848,0.370966556856201
"cfg2_psi-0.1_mu-0.25_sps0.1","sps0.1_K12_exV0",0.1,0.1,12,0,-0.1,-0.25,0.714285714285714,"bias-dominated","mc",-0.00284008353362221,0.151175163165679,0.15122411387179,0.296,0.136092764224159
"cfg2_psi-0.1_mu-0.25_sps0.1","sps0.1_K12_exV0",0.1,0.1,12,0,-0.1,-0.25,0.714285714285714,"bias-dominated","mcmc",-0.0134039523292248,0.136300545995437,0.135707735557337,0.855,0.415922848770464
"cfg2_psi-0.1_mu-0.2_sps0.1","sps0.1_K12_exV0",0.1,0.1,12,0,-0.1,-0.2,0.666666666666667,"bias-dominated","mc",0.00820121041991921,0.166234862638013,0.166115514230295,0.312,0.161096607207019
"cfg2_psi-0.1_mu-0.2_sps0.1","sps0.1_K12_exV0",0.1,0.1,12,0,-0.1,-0.2,0.666666666666667,"bias-dominated","mcmc",-0.00495885943096853,0.147352777011978,0.147343003114679,0.877,0.485923105159994
"cfg2_psi-0.1_mu-0.15_sps0.1","sps0.1_K12_exV0",0.1,0.1,12,0,-0.1,-0.15,0.6,"bias-dominated","mc",0.0139165504373743,0.187137243714951,0.1867124504373,0.328,0.190318203802579
"cfg2_psi-0.1_mu-0.15_sps0.1","sps0.1_K12_exV0",0.1,0.1,12,0,-0.1,-0.15,0.6,"bias-dominated","mcmc",-0.00148698056136889,0.161332804622463,0.161406675360751,0.888,0.583750942222845
"cfg2_psi-0.1_mu-0.1_sps0.1","sps0.1_K12_exV0",0.1,0.1,12,0,-0.1,-0.1,0.5,"mixed","mc",0.0282687854717062,0.204818148746171,0.202959459907957,0.382,0.23665898009594
"cfg2_psi-0.1_mu-0.1_sps0.1","sps0.1_K12_exV0",0.1,0.1,12,0,-0.1,-0.1,0.5,"mixed","mcmc",0.0106534688002249,0.17283210472734,0.172589765786558,0.9,0.702382514648328
"cfg2_psi-0.1_mu-0.05_sps0.1","sps0.1_K12_exV0",0.1,0.1,12,0,-0.1,-0.05,0.333333333333333,"mixed","mc",0.0445493525037884,0.220661371543659,0.216225691426006,0.564,0.331532298258213
"cfg2_psi-0.1_mu-0.05_sps0.1","sps0.1_K12_exV0",0.1,0.1,12,0,-0.1,-0.05,0.333333333333333,"mixed","mcmc",0.0341793777944503,0.1750688684897,0.17178588194926,0.981,0.740927357192145
"cfg2_psi-0.05_mu-0.4_sps0.1","sps0.1_K12_exV0",0.1,0.1,12,0,-0.05,-0.4,0.888888888888889,"bias-dominated","mc",-0.0615505890180459,0.124256562384431,0.107994820099373,0.321,0.0952074199180929
"cfg2_psi-0.05_mu-0.4_sps0.1","sps0.1_K12_exV0",0.1,0.1,12,0,-0.05,-0.4,0.888888888888889,"bias-dominated","mcmc",-0.0703812717336895,0.1185217221826,0.0954095288557404,0.791,0.28039726719179
"cfg2_psi-0.05_mu-0.35_sps0.1","sps0.1_K12_exV0",0.1,0.1,12,0,-0.05,-0.35,0.875,"bias-dominated","mc",-0.0665345755692899,0.133178516517804,0.115425259394137,0.367,0.106328262638587
"cfg2_psi-0.05_mu-0.35_sps0.1","sps0.1_K12_exV0",0.1,0.1,12,0,-0.05,-0.35,0.875,"bias-dominated","mcmc",-0.0770871523584187,0.128213688991538,0.10250281856565,0.8,0.311509482608966
"cfg2_psi-0.05_mu-0.3_sps0.1","sps0.1_K12_exV0",0.1,0.1,12,0,-0.05,-0.3,0.857142857142857,"bias-dominated","mc",-0.073257218063907,0.1461881391413,0.126571609769066,0.343,0.118112912972508
"cfg2_psi-0.05_mu-0.3_sps0.1","sps0.1_K12_exV0",0.1,0.1,12,0,-0.05,-0.3,0.857142857142857,"bias-dominated","mcmc",-0.0842746991840479,0.139990505117313,0.111837490246623,0.818,0.350961850771545
"cfg2_psi-0.05_mu-0.25_sps0.1","sps0.1_K12_exV0",0.1,0.1,12,0,-0.05,-0.25,0.833333333333333,"bias-dominated","mc",-0.0719015289691268,0.156998614730661,0.139636074825386,0.359,0.133305516359209
"cfg2_psi-0.05_mu-0.25_sps0.1","sps0.1_K12_exV0",0.1,0.1,12,0,-0.05,-0.25,0.833333333333333,"bias-dominated","mcmc",-0.0859275823090529,0.148887822360087,0.121650454494542,0.81,0.394582648514503
"cfg2_psi-0.05_mu-0.2_sps0.1","sps0.1_K12_exV0",0.1,0.1,12,0,-0.05,-0.2,0.8,"bias-dominated","mc",-0.0738068337464529,0.168398132075413,0.151437827488399,0.383,0.159259356484204
"cfg2_psi-0.05_mu-0.2_sps0.1","sps0.1_K12_exV0",0.1,0.1,12,0,-0.05,-0.2,0.8,"bias-dominated","mcmc",-0.0909039042374718,0.158704392589146,0.130155694944173,0.827,0.470552095480779
"cfg2_psi-0.05_mu-0.15_sps0.1","sps0.1_K12_exV0",0.1,0.1,12,0,-0.05,-0.15,0.75,"bias-dominated","mc",-0.0789050250207525,0.192702362607937,0.175895243590817,0.369,0.188768430634563
"cfg2_psi-0.05_mu-0.15_sps0.1","sps0.1_K12_exV0",0.1,0.1,12,0,-0.05,-0.15,0.75,"bias-dominated","mcmc",-0.0998218819255171,0.177931209476749,0.147366292003041,0.829,0.570035290232679
"cfg2_psi-0.05_mu-0.1_sps0.1","sps0.1_K12_exV0",0.1,0.1,12,0,-0.05,-0.1,0.666666666666667,"bias-dominated","mc",-0.0883319603510426,0.217706307410434,0.199080722826268,0.349,0.231246885031015
"cfg2_psi-0.05_mu-0.1_sps0.1","sps0.1_K12_exV0",0.1,0.1,12,0,-0.05,-0.1,0.666666666666667,"bias-dominated","mcmc",-0.113719295716663,0.196441840297969,0.160259169481067,0.811,0.687406514523908
"cfg2_psi-0.05_mu-0.05_sps0.1","sps0.1_K12_exV0",0.1,0.1,12,0,-0.05,-0.05,0.5,"mixed","mc",-0.070397744949706,0.237545193339646,0.226987664388509,0.391,0.338154819220662
"cfg2_psi-0.05_mu-0.05_sps0.1","sps0.1_K12_exV0",0.1,0.1,12,0,-0.05,-0.05,0.5,"mixed","mcmc",-0.0870343772738729,0.189974541941835,0.168949364148568,0.913,0.742880175132593
"cfg2_psi-0.01_mu-0.4_sps0.1","sps0.1_K12_exV0",0.1,0.1,12,0,-0.01,-0.4,0.975609756097561,"bias-dominated","mc",-0.135953161054734,0.169668826066438,0.10156063755752,0.273,0.0919502778445882
"cfg2_psi-0.01_mu-0.4_sps0.1","sps0.1_K12_exV0",0.1,0.1,12,0,-0.01,-0.4,0.975609756097561,"bias-dominated","mcmc",-0.145545003786116,0.170604648180685,0.0890535141481638,0.599,0.262869504568003
"cfg2_psi-0.01_mu-0.35_sps0.1","sps0.1_K12_exV0",0.1,0.1,12,0,-0.01,-0.35,0.972222222222222,"bias-dominated","mc",-0.14417066282671,0.179944001538508,0.107732399675016,0.284,0.10006262155628
"cfg2_psi-0.01_mu-0.35_sps0.1","sps0.1_K12_exV0",0.1,0.1,12,0,-0.01,-0.35,0.972222222222222,"bias-dominated","mcmc",-0.156307193658286,0.182464170103647,0.0941812331994574,0.613,0.287633279721623
"cfg2_psi-0.01_mu-0.3_sps0.1","sps0.1_K12_exV0",0.1,0.1,12,0,-0.01,-0.3,0.967741935483871,"bias-dominated","mc",-0.167937063745971,0.205873724426746,0.119144149491611,0.254,0.111547926268037
"cfg2_psi-0.01_mu-0.3_sps0.1","sps0.1_K12_exV0",0.1,0.1,12,0,-0.01,-0.3,0.967741935483871,"bias-dominated","mcmc",-0.18022912040896,0.207995051518909,0.10387586730697,0.612,0.321224435000913
"cfg2_psi-0.01_mu-0.25_sps0.1","sps0.1_K12_exV0",0.1,0.1,12,0,-0.01,-0.25,0.961538461538462,"bias-dominated","mc",-0.182983476006681,0.226654568182523,0.133817966038021,0.299,0.126132519254346
"cfg2_psi-0.01_mu-0.25_sps0.1","sps0.1_K12_exV0",0.1,0.1,12,0,-0.01,-0.25,0.961538461538462,"bias-dominated","mcmc",-0.198607528083432,0.229251404778744,0.114561689767472,0.607,0.361687755825803
"cfg2_psi-0.01_mu-0.2_sps0.1","sps0.1_K12_exV0",0.1,0.1,12,0,-0.01,-0.2,0.952380952380952,"bias-dominated","mc",-0.206859621785943,0.251591612912196,0.143275833715471,0.28,0.1473736275614
"cfg2_psi-0.01_mu-0.2_sps0.1","sps0.1_K12_exV0",0.1,0.1,12,0,-0.01,-0.2,0.952380952380952,"bias-dominated","mcmc",-0.226139339334961,0.255576213480034,0.119140230386027,0.614,0.428860494974576
"cfg2_psi-0.01_mu-0.15_sps0.1","sps0.1_K12_exV0",0.1,0.1,12,0,-0.01,-0.15,0.9375,"bias-dominated","mc",-0.242635156966275,0.292188842905211,0.162877345115239,0.28,0.174744135031397
"cfg2_psi-0.01_mu-0.15_sps0.1","sps0.1_K12_exV0",0.1,0.1,12,0,-0.01,-0.15,0.9375,"bias-dominated","mcmc",-0.265854548481999,0.296787541594827,0.13199100546195,0.619,0.532515063094866
"cfg2_psi-0.01_mu-0.1_sps0.1","sps0.1_K12_exV0",0.1,0.1,12,0,-0.01,-0.1,0.909090909090909,"bias-dominated","mc",-0.31758345655697,0.370992015395761,0.191866193595903,0.26,0.215075245750727
"cfg2_psi-0.01_mu-0.1_sps0.1","sps0.1_K12_exV0",0.1,0.1,12,0,-0.01,-0.1,0.909090909090909,"bias-dominated","mcmc",-0.343204182283716,0.375392198655868,0.152162233882367,0.552,0.642508876117956
"cfg2_psi-0.01_mu-0.05_sps0.1","sps0.1_K12_exV0",0.1,0.1,12,0,-0.01,-0.05,0.833333333333333,"bias-dominated","mc",-0.383714088884527,0.443279661655877,0.22205779899693,0.262,0.329083482091141
"cfg2_psi-0.01_mu-0.05_sps0.1","sps0.1_K12_exV0",0.1,0.1,12,0,-0.01,-0.05,0.833333333333333,"bias-dominated","mcmc",-0.399039068556639,0.430396817932795,0.161354510101379,0.584,0.728689203429297
"cfg3_psi-0.4_mu-0.4_sps0.06","sps0.06_K25_exV0",0.06,0.06,25,0,-0.4,-0.4,0.5,"mixed","mc",0.00510195570982357,0.0425330110080007,0.0422470340405919,0.469,0.0519057216471095
"cfg3_psi-0.4_mu-0.4_sps0.06","sps0.06_K25_exV0",0.06,0.06,25,0,-0.4,-0.4,0.5,"mixed","mcmc",0.00445827652852974,0.0412815261636959,0.0410606155207885,0.919,0.13692527795334
"cfg3_psi-0.4_mu-0.35_sps0.06","sps0.06_K25_exV0",0.06,0.06,25,0,-0.4,-0.35,0.466666666666667,"mixed","mc",0.00389331847470639,0.0429301841849586,0.0427746707511215,0.488,0.0546317241200824
"cfg3_psi-0.4_mu-0.35_sps0.06","sps0.06_K25_exV0",0.06,0.06,25,0,-0.4,-0.35,0.466666666666667,"mixed","mcmc",0.00322122585836635,0.0416020064662506,0.0414978640258273,0.913,0.144984025243521
"cfg3_psi-0.4_mu-0.3_sps0.06","sps0.06_K25_exV0",0.06,0.06,25,0,-0.4,-0.3,0.428571428571428,"mixed","mc",0.00303515481882268,0.0427144743580941,0.0426278229118056,0.517,0.059342775862476
"cfg3_psi-0.4_mu-0.3_sps0.06","sps0.06_K25_exV0",0.06,0.06,25,0,-0.4,-0.3,0.428571428571428,"mixed","mcmc",0.00316348538689554,0.0407260649613321,0.0406233305186067,0.95,0.156017841486876
"cfg3_psi-0.4_mu-0.25_sps0.06","sps0.06_K25_exV0",0.06,0.06,25,0,-0.4,-0.25,0.384615384615385,"mixed","mc",0.0019895230597449,0.0405662170999903,0.0405376747096964,0.565,0.0637548768975004
"cfg3_psi-0.4_mu-0.25_sps0.06","sps0.06_K25_exV0",0.06,0.06,25,0,-0.4,-0.25,0.384615384615385,"mixed","mcmc",0.00142337440822171,0.0384817622664612,0.0384746713145053,0.97,0.167593027160392
"cfg3_psi-0.4_mu-0.2_sps0.06","sps0.06_K25_exV0",0.06,0.06,25,0,-0.4,-0.2,0.333333333333333,"mixed","mc",0.00480842492969063,0.041358296922109,0.0410983801486591,0.595,0.06942859521495
"cfg3_psi-0.4_mu-0.2_sps0.06","sps0.06_K25_exV0",0.06,0.06,25,0,-0.4,-0.2,0.333333333333333,"mixed","mcmc",0.00436596534150288,0.0389236401720619,0.0386973590375031,0.987,0.183303648747781
"cfg3_psi-0.4_mu-0.15_sps0.06","sps0.06_K25_exV0",0.06,0.06,25,0,-0.4,-0.15,0.272727272727273,"effect-dominated","mc",0.00340273970655689,0.0386390712459525,0.0385082078434005,0.645,0.0749403867178455
"cfg3_psi-0.4_mu-0.15_sps0.06","sps0.06_K25_exV0",0.06,0.06,25,0,-0.4,-0.15,0.272727272727273,"effect-dominated","mcmc",0.00310619151182543,0.0369305086114759,0.0368180609240135,0.996,0.198797241124673
"cfg3_psi-0.4_mu-0.1_sps0.06","sps0.06_K25_exV0",0.06,0.06,25,0,-0.4,-0.1,0.2,"effect-dominated","mc",0.00331749062882967,0.0370343636261283,0.036903932654465,0.75,0.0840424488427446
"cfg3_psi-0.4_mu-0.1_sps0.06","sps0.06_K25_exV0",0.06,0.06,25,0,-0.4,-0.1,0.2,"effect-dominated","mcmc",0.00316457149168163,0.0337894636651296,0.0336577805007904,0.998,0.222112314192037
"cfg3_psi-0.4_mu-0.05_sps0.06","sps0.06_K25_exV0",0.06,0.06,25,0,-0.4,-0.05,0.111111111111111,"effect-dominated","mc",0.000731766476932221,0.0318064970746355,0.0318139891224902,0.841,0.0936773594729473
"cfg3_psi-0.4_mu-0.05_sps0.06","sps0.06_K25_exV0",0.06,0.06,25,0,-0.4,-0.05,0.111111111111111,"effect-dominated","mcmc",0.0010338797061769,0.0276163777863828,0.027610827089494,1,0.2210569134099
"cfg3_psi-0.36_mu-0.4_sps0.06","sps0.06_K25_exV0",0.06,0.06,25,0,-0.36,-0.4,0.526315789473684,"bias-dominated","mc",0.0036731598609133,0.0460029986923731,0.0458790657489956,0.472,0.0544489780078018
"cfg3_psi-0.36_mu-0.4_sps0.06","sps0.06_K25_exV0",0.06,0.06,25,0,-0.36,-0.4,0.526315789473684,"bias-dominated","mcmc",0.00329107483963645,0.0449909228587487,0.0448928427860745,0.902,0.143827605019839
"cfg3_psi-0.36_mu-0.35_sps0.06","sps0.06_K25_exV0",0.06,0.06,25,0,-0.36,-0.35,0.492957746478873,"mixed","mc",0.00466235540230272,0.0475124083898502,0.0473067576824807,0.486,0.0581533511552091
"cfg3_psi-0.36_mu-0.35_sps0.06","sps0.06_K25_exV0",0.06,0.06,25,0,-0.36,-0.35,0.492957746478873,"mixed","mcmc",0.00401332699568915,0.0462263540123727,0.046074851096954,0.899,0.153988331188327
"cfg3_psi-0.36_mu-0.3_sps0.06","sps0.06_K25_exV0",0.06,0.06,25,0,-0.36,-0.3,0.454545454545455,"mixed","mc",0.00456446754719238,0.0472027119334651,0.0470050116583894,0.512,0.0632719273119571
"cfg3_psi-0.36_mu-0.3_sps0.06","sps0.06_K25_exV0",0.06,0.06,25,0,-0.36,-0.3,0.454545454545455,"mixed","mcmc",0.00461813909746785,0.0457462633088172,0.0455353364417232,0.932,0.166349340505166
"cfg3_psi-0.36_mu-0.25_sps0.06","sps0.06_K25_exV0",0.06,0.06,25,0,-0.36,-0.25,0.40983606557377,"mixed","mc",0.00218977638669035,0.0441454114625007,0.0441131295735244,0.555,0.0677529705042035
"cfg3_psi-0.36_mu-0.25_sps0.06","sps0.06_K25_exV0",0.06,0.06,25,0,-0.36,-0.25,0.40983606557377,"mixed","mcmc",0.00184622347143121,0.0424786024276884,0.0424596979387773,0.962,0.179020498598464
"cfg3_psi-0.36_mu-0.2_sps0.06","sps0.06_K25_exV0",0.06,0.06,25,0,-0.36,-0.2,0.357142857142857,"mixed","mc",0.00269876550907531,0.0454353390754598,0.0453778122817365,0.588,0.0750075947471897
"cfg3_psi-0.36_mu-0.2_sps0.06","sps0.06_K25_exV0",0.06,0.06,25,0,-0.36,-0.2,0.357142857142857,"mixed","mcmc",0.00279029722772985,0.043136590274019,0.0430677895456205,0.982,0.196232886551763
"cfg3_psi-0.36_mu-0.15_sps0.06","sps0.06_K25_exV0",0.06,0.06,25,0,-0.36,-0.15,0.294117647058824,"effect-dominated","mc",0.00435189075299659,0.0455723362091897,0.0453867693636667,0.633,0.0813491956279351
"cfg3_psi-0.36_mu-0.15_sps0.06","sps0.06_K25_exV0",0.06,0.06,25,0,-0.36,-0.15,0.294117647058824,"effect-dominated","mcmc",0.00365363592480421,0.0431235672630334,0.0429900120860358,0.989,0.215634992961855
"cfg3_psi-0.36_mu-0.1_sps0.06","sps0.06_K25_exV0",0.06,0.06,25,0,-0.36,-0.1,0.217391304347826,"effect-dominated","mc",0.00357170878194124,0.0419605777122885,0.041829208228067,0.733,0.0910193441141809
"cfg3_psi-0.36_mu-0.1_sps0.06","sps0.06_K25_exV0",0.06,0.06,25,0,-0.36,-0.1,0.217391304347826,"effect-dominated","mcmc",0.00316845748001377,0.0385780830430572,0.0384669868530396,0.999,0.239774902172136
"cfg3_psi-0.36_mu-0.05_sps0.06","sps0.06_K25_exV0",0.06,0.06,25,0,-0.36,-0.05,0.121951219512195,"effect-dominated","mc",0.000668140850361793,0.035542865023747,0.0355543661855366,0.834,0.102450324445058
"cfg3_psi-0.36_mu-0.05_sps0.06","sps0.06_K25_exV0",0.06,0.06,25,0,-0.36,-0.05,0.121951219512195,"effect-dominated","mcmc",0.000699345227613514,0.0308874156823777,0.0308949488047846,1,0.243135854428083
"cfg3_psi-0.31_mu-0.4_sps0.06","sps0.06_K25_exV0",0.06,0.06,25,0,-0.31,-0.4,0.563380281690141,"bias-dominated","mc",0.00364644009286359,0.0529410151405374,0.0528417146349864,0.447,0.05781428113583
"cfg3_psi-0.31_mu-0.4_sps0.06","sps0.06_K25_exV0",0.06,0.06,25,0,-0.31,-0.4,0.563380281690141,"bias-dominated","mcmc",0.0033213880387764,0.0519563876099607,0.051876061152453,0.863,0.153613583837511
"cfg3_psi-0.31_mu-0.35_sps0.06","sps0.06_K25_exV0",0.06,0.06,25,0,-0.31,-0.35,0.53030303030303,"bias-dominated","mc",0.00609177339507545,0.0554127048122224,0.0551043977025038,0.453,0.0623868467277431
"cfg3_psi-0.31_mu-0.35_sps0.06","sps0.06_K25_exV0",0.06,0.06,25,0,-0.31,-0.35,0.53030303030303,"bias-dominated","mcmc",0.00498396748824557,0.0539150153366999,0.0537110214076529,0.87,0.165437517659885
"cfg3_psi-0.31_mu-0.3_sps0.06","sps0.06_K25_exV0",0.06,0.06,25,0,-0.31,-0.3,0.491803278688525,"mixed","mc",0.00355381371568945,0.0548939778575946,0.0548062308140261,0.464,0.0679511471099346
"cfg3_psi-0.31_mu-0.3_sps0.06","sps0.06_K25_exV0",0.06,0.06,25,0,-0.31,-0.3,0.491803278688525,"mixed","mcmc",0.00316670121040738,0.0536466867632416,0.0535799385398238,0.908,0.179524776096159
"cfg3_psi-0.31_mu-0.25_sps0.06","sps0.06_K25_exV0",0.06,0.06,25,0,-0.31,-0.25,0.446428571428571,"mixed","mc",0.00226221700236454,0.0527962104232069,0.0527741159717749,0.539,0.074208955409431
"cfg3_psi-0.31_mu-0.25_sps0.06","sps0.06_K25_exV0",0.06,0.06,25,0,-0.31,-0.25,0.446428571428571,"mixed","mcmc",0.00263043783599369,0.0512414169538215,0.051199462821592,0.947,0.195719951513772
"cfg3_psi-0.31_mu-0.2_sps0.06","sps0.06_K25_exV0",0.06,0.06,25,0,-0.31,-0.2,0.392156862745098,"mixed","mc",0.00525486644974033,0.054397072447822,0.0541697538458567,0.569,0.0815562158453428
"cfg3_psi-0.31_mu-0.2_sps0.06","sps0.06_K25_exV0",0.06,0.06,25,0,-0.31,-0.2,0.392156862745098,"mixed","mcmc",0.00526409397084587,0.0524396958215816,0.052200919038601,0.961,0.216177141759293
"cfg3_psi-0.31_mu-0.15_sps0.06","sps0.06_K25_exV0",0.06,0.06,25,0,-0.31,-0.15,0.326086956521739,"effect-dominated","mc",0.00574243184200585,0.0549451762487674,0.054671618371907,0.62,0.0913097057226663
"cfg3_psi-0.31_mu-0.15_sps0.06","sps0.06_K25_exV0",0.06,0.06,25,0,-0.31,-0.15,0.326086956521739,"effect-dominated","mcmc",0.00555312772949668,0.0526644094015886,0.0523970250899448,0.978,0.240620904805984
"cfg3_psi-0.31_mu-0.1_sps0.06","sps0.06_K25_exV0",0.06,0.06,25,0,-0.31,-0.1,0.24390243902439,"effect-dominated","mc",0.00577342130123795,0.0505345782841359,0.050228817853667,0.683,0.102058096694794
"cfg3_psi-0.31_mu-0.1_sps0.06","sps0.06_K25_exV0",0.06,0.06,25,0,-0.31,-0.1,0.24390243902439,"effect-dominated","mcmc",0.00507447559595144,0.0464690649555192,0.0462142776068293,0.997,0.269767927488744
"cfg3_psi-0.31_mu-0.05_sps0.06","sps0.06_K25_exV0",0.06,0.06,25,0,-0.31,-0.05,0.138888888888889,"effect-dominated","mc",0.00242186007209599,0.042816290329431,0.0427691303380743,0.822,0.117004916108998
"cfg3_psi-0.31_mu-0.05_sps0.06","sps0.06_K25_exV0",0.06,0.06,25,0,-0.31,-0.05,0.138888888888889,"effect-dominated","mcmc",0.00170173119008528,0.0375174588200123,0.0374975985519763,1,0.279182047943089
"cfg3_psi-0.27_mu-0.4_sps0.06","sps0.06_K25_exV0",0.06,0.06,25,0,-0.27,-0.4,0.597014925373134,"bias-dominated","mc",0.00410415832942079,0.0591057521768766,0.0589925923379551,0.434,0.0615012100380645
"cfg3_psi-0.27_mu-0.4_sps0.06","sps0.06_K25_exV0",0.06,0.06,25,0,-0.27,-0.4,0.597014925373134,"bias-dominated","mcmc",0.00377831298950323,0.0581509044092946,0.058057063801311,0.843,0.162691361171089
"cfg3_psi-0.27_mu-0.35_sps0.06","sps0.06_K25_exV0",0.06,0.06,25,0,-0.27,-0.35,0.564516129032258,"bias-dominated","mc",0.00411196175554663,0.0620405478438996,0.0619351055912292,0.406,0.0659564789052261
"cfg3_psi-0.27_mu-0.35_sps0.06","sps0.06_K25_exV0",0.06,0.06,25,0,-0.27,-0.35,0.564516129032258,"bias-dominated","mcmc",0.00327313173278961,0.0606472971497726,0.0605892095388705,0.849,0.175660789879571
"cfg3_psi-0.27_mu-0.3_sps0.06","sps0.06_K25_exV0",0.06,0.06,25,0,-0.27,-0.3,0.526315789473684,"bias-dominated","mc",0.00495593728618599,0.0625785016229264,0.062413163306629,0.43,0.0726904988227457
"cfg3_psi-0.27_mu-0.3_sps0.06","sps0.06_K25_exV0",0.06,0.06,25,0,-0.27,-0.3,0.526315789473684,"bias-dominated","mcmc",0.00431653954292773,0.0609976865495749,0.060875208761994,0.901,0.191996919263729
"cfg3_psi-0.27_mu-0.25_sps0.06","sps0.06_K25_exV0",0.06,0.06,25,0,-0.27,-0.25,0.480769230769231,"mixed","mc",0.00499117639635941,0.0611880822284098,0.0610146896847668,0.487,0.080292798934159
"cfg3_psi-0.27_mu-0.25_sps0.06","sps0.06_K25_exV0",0.06,0.06,25,0,-0.27,-0.25,0.480769230769231,"mixed","mcmc",0.00503401701104244,0.0592834986632259,0.0590989388318969,0.941,0.210885100353291
"cfg3_psi-0.27_mu-0.2_sps0.06","sps0.06_K25_exV0",0.06,0.06,25,0,-0.27,-0.2,0.425531914893617,"mixed","mc",0.00653913531848579,0.0659098060328852,0.0656174358571527,0.523,0.0881027316277963
"cfg3_psi-0.27_mu-0.2_sps0.06","sps0.06_K25_exV0",0.06,0.06,25,0,-0.27,-0.2,0.425531914893617,"mixed","mcmc",0.00632231744981782,0.0642129937096865,0.0639329671414637,0.941,0.235070298320507
"cfg3_psi-0.27_mu-0.15_sps0.06","sps0.06_K25_exV0",0.06,0.06,25,0,-0.27,-0.15,0.357142857142857,"mixed","mc",0.00969049542886923,0.0673243357497487,0.0666566094702845,0.58,0.101122208638691
"cfg3_psi-0.27_mu-0.15_sps0.06","sps0.06_K25_exV0",0.06,0.06,25,0,-0.27,-0.15,0.357142857142857,"mixed","mcmc",0.00886718431436606,0.0640408583010604,0.0634557421001208,0.969,0.264932351951938
"cfg3_psi-0.27_mu-0.1_sps0.06","sps0.06_K25_exV0",0.06,0.06,25,0,-0.27,-0.1,0.27027027027027,"effect-dominated","mc",0.0054308315897445,0.0597045521773811,0.0594867909475936,0.659,0.112352836724815
"cfg3_psi-0.27_mu-0.1_sps0.06","sps0.06_K25_exV0",0.06,0.06,25,0,-0.27,-0.1,0.27027027027027,"effect-dominated","mcmc",0.00511589607286475,0.0551255411970978,0.0549151032796332,0.995,0.297847241150683
"cfg3_psi-0.27_mu-0.05_sps0.06","sps0.06_K25_exV0",0.06,0.06,25,0,-0.27,-0.05,0.15625,"effect-dominated","mc",0.00670600866551312,0.0531045938626816,0.0527058368906212,0.805,0.133413255227891
"cfg3_psi-0.27_mu-0.05_sps0.06","sps0.06_K25_exV0",0.06,0.06,25,0,-0.27,-0.05,0.15625,"effect-dominated","mcmc",0.00647426653437083,0.0479712110529981,0.0475560989283024,1,0.320721774455162
"cfg3_psi-0.23_mu-0.4_sps0.06","sps0.06_K25_exV0",0.06,0.06,25,0,-0.23,-0.4,0.634920634920635,"bias-dominated","mc",0.00501429205586753,0.0641317312487765,0.0639673952557048,0.415,0.0652610846763258
"cfg3_psi-0.23_mu-0.4_sps0.06","sps0.06_K25_exV0",0.06,0.06,25,0,-0.23,-0.4,0.634920634920635,"bias-dominated","mcmc",0.00455503138742704,0.063100887048567,0.0629677582096545,0.843,0.173717944532289
"cfg3_psi-0.23_mu-0.35_sps0.06","sps0.06_K25_exV0",0.06,0.06,25,0,-0.23,-0.35,0.603448275862069,"bias-dominated","mc",0.00415038442980146,0.0697367809527023,0.0696479990416132,0.371,0.0705777051406827
"cfg3_psi-0.23_mu-0.35_sps0.06","sps0.06_K25_exV0",0.06,0.06,25,0,-0.23,-0.35,0.603448275862069,"bias-dominated","mcmc",0.00332092999408895,0.068453449728787,0.0684070590617328,0.839,0.187966386391436
"cfg3_psi-0.23_mu-0.3_sps0.06","sps0.06_K25_exV0",0.06,0.06,25,0,-0.23,-0.3,0.566037735849057,"bias-dominated","mc",0.00553090593221267,0.0708611649145573,0.0706803330644331,0.426,0.077859240276169
"cfg3_psi-0.23_mu-0.3_sps0.06","sps0.06_K25_exV0",0.06,0.06,25,0,-0.23,-0.3,0.566037735849057,"bias-dominated","mcmc",0.00497787261515998,0.0696941531203355,0.0695509388612727,0.875,0.206267727584228
"cfg3_psi-0.23_mu-0.25_sps0.06","sps0.06_K25_exV0",0.06,0.06,25,0,-0.23,-0.25,0.520833333333333,"bias-dominated","mc",0.0112865997757574,0.0746584229441826,0.0738372854778741,0.453,0.087673953508322
"cfg3_psi-0.23_mu-0.25_sps0.06","sps0.06_K25_exV0",0.06,0.06,25,0,-0.23,-0.25,0.520833333333333,"bias-dominated","mcmc",0.0112936353313352,0.0730895996902943,0.0722479283234981,0.901,0.230743496583188
"cfg3_psi-0.23_mu-0.2_sps0.06","sps0.06_K25_exV0",0.06,0.06,25,0,-0.23,-0.2,0.465116279069767,"mixed","mc",0.00551208843030168,0.0795379345868547,0.0793864101821018,0.472,0.0970691823199747
"cfg3_psi-0.23_mu-0.2_sps0.06","sps0.06_K25_exV0",0.06,0.06,25,0,-0.23,-0.2,0.465116279069767,"mixed","mcmc",0.00507890765942725,0.077226191999255,0.0770975580751683,0.913,0.256484786779111
"cfg3_psi-0.23_mu-0.15_sps0.06","sps0.06_K25_exV0",0.06,0.06,25,0,-0.23,-0.15,0.394736842105263,"mixed","mc",0.00870764732717053,0.075971804244889,0.0755088969046768,0.539,0.111623115612145
"cfg3_psi-0.23_mu-0.15_sps0.06","sps0.06_K25_exV0",0.06,0.06,25,0,-0.23,-0.15,0.394736842105263,"mixed","mcmc",0.00841805643902364,0.0724686052670051,0.0720140340227559,0.966,0.291550892389035
"cfg3_psi-0.23_mu-0.1_sps0.06","sps0.06_K25_exV0",0.06,0.06,25,0,-0.23,-0.1,0.303030303030303,"effect-dominated","mc",0.00871077389059946,0.0747255727224361,0.0742532637943078,0.649,0.128633008118124
"cfg3_psi-0.23_mu-0.1_sps0.06","sps0.06_K25_exV0",0.06,0.06,25,0,-0.23,-0.1,0.303030303030303,"effect-dominated","mcmc",0.00817976633865679,0.0689709538544269,0.0685184550096641,0.991,0.337301003026093
"cfg3_psi-0.23_mu-0.05_sps0.06","sps0.06_K25_exV0",0.06,0.06,25,0,-0.23,-0.05,0.178571428571429,"effect-dominated","mc",0.0112041070363901,0.0680849202614579,0.0671903184351556,0.78,0.155454850348483
"cfg3_psi-0.23_mu-0.05_sps0.06","sps0.06_K25_exV0",0.06,0.06,25,0,-0.23,-0.05,0.178571428571429,"effect-dominated","mcmc",0.0114162479922573,0.0623320718433019,0.061308361397407,1,0.372782282265418
"cfg3_psi-0.18_mu-0.4_sps0.06","sps0.06_K25_exV0",0.06,0.06,25,0,-0.18,-0.4,0.689655172413793,"bias-dominated","mc",0.00958779406712896,0.0746743709649026,0.0740933580669675,0.387,0.071344556339573
"cfg3_psi-0.18_mu-0.4_sps0.06","sps0.06_K25_exV0",0.06,0.06,25,0,-0.18,-0.4,0.689655172413793,"bias-dominated","mcmc",0.00911518513725035,0.073776977591723,0.073248352497697,0.823,0.18868284671263
"cfg3_psi-0.18_mu-0.35_sps0.06","sps0.06_K25_exV0",0.06,0.06,25,0,-0.18,-0.35,0.660377358490566,"bias-dominated","mc",0.00752546583741813,0.0800274235705177,0.0797126714974612,0.398,0.0772296275697944
"cfg3_psi-0.18_mu-0.35_sps0.06","sps0.06_K25_exV0",0.06,0.06,25,0,-0.18,-0.35,0.660377358490566,"bias-dominated","mcmc",0.00667131328468331,0.0784149203933176,0.078169711673839,0.821,0.205270081187239
"cfg3_psi-0.18_mu-0.3_sps0.06","sps0.06_K25_exV0",0.06,0.06,25,0,-0.18,-0.3,0.625,"bias-dominated","mc",0.00956610291251665,0.0870335899368765,0.0865495596675463,0.406,0.086790531787482
"cfg3_psi-0.18_mu-0.3_sps0.06","sps0.06_K25_exV0",0.06,0.06,25,0,-0.18,-0.3,0.625,"bias-dominated","mcmc",0.00871299248747095,0.0856544781519067,0.0852528089321376,0.833,0.227592624802109
"cfg3_psi-0.18_mu-0.25_sps0.06","sps0.06_K25_exV0",0.06,0.06,25,0,-0.18,-0.25,0.581395348837209,"bias-dominated","mc",0.0179719019387934,0.0964945245433071,0.0948535777329987,0.402,0.097717918310652
"cfg3_psi-0.18_mu-0.25_sps0.06","sps0.06_K25_exV0",0.06,0.06,25,0,-0.18,-0.25,0.581395348837209,"bias-dominated","mcmc",0.0172085432264993,0.093918277196347,0.0923744654838391,0.862,0.257095543856495
"cfg3_psi-0.18_mu-0.2_sps0.06","sps0.06_K25_exV0",0.06,0.06,25,0,-0.18,-0.2,0.526315789473684,"bias-dominated","mc",0.0142295741544036,0.103159119831475,0.10222413118626,0.454,0.111279374404288
"cfg3_psi-0.18_mu-0.2_sps0.06","sps0.06_K25_exV0",0.06,0.06,25,0,-0.18,-0.2,0.526315789473684,"bias-dominated","mcmc",0.0135116795979118,0.0990925276966818,0.0982161390491947,0.879,0.290325050625299
"cfg3_psi-0.18_mu-0.15_sps0.06","sps0.06_K25_exV0",0.06,0.06,25,0,-0.18,-0.15,0.454545454545455,"mixed","mc",0.0122025242377513,0.0979334328717982,0.0972188622823039,0.516,0.12853585887398
"cfg3_psi-0.18_mu-0.15_sps0.06","sps0.06_K25_exV0",0.06,0.06,25,0,-0.18,-0.15,0.454545454545455,"mixed","mcmc",0.0116005609131001,0.0945155825258518,0.0938479075763494,0.939,0.334586292013442
"cfg3_psi-0.18_mu-0.1_sps0.06","sps0.06_K25_exV0",0.06,0.06,25,0,-0.18,-0.1,0.357142857142857,"mixed","mc",0.0128238866754574,0.104931703436135,0.104197252285883,0.584,0.151440339470491
"cfg3_psi-0.18_mu-0.1_sps0.06","sps0.06_K25_exV0",0.06,0.06,25,0,-0.18,-0.1,0.357142857142857,"mixed","mcmc",0.0117474853800378,0.0988715524256037,0.0982203018422804,0.976,0.398392599233121
"cfg3_psi-0.18_mu-0.05_sps0.06","sps0.06_K25_exV0",0.06,0.06,25,0,-0.18,-0.05,0.217391304347826,"effect-dominated","mc",0.0190769624968725,0.102769999372543,0.101034401186668,0.744,0.195619943066337
"cfg3_psi-0.18_mu-0.05_sps0.06","sps0.06_K25_exV0",0.06,0.06,25,0,-0.18,-0.05,0.217391304347826,"effect-dominated","mcmc",0.0199623174767847,0.0938389997419242,0.0917370123393707,0.999,0.462755218123084
"cfg3_psi-0.14_mu-0.4_sps0.06","sps0.06_K25_exV0",0.06,0.06,25,0,-0.14,-0.4,0.740740740740741,"bias-dominated","mc",0.00950589051082325,0.0861780675383516,0.0856950465969427,0.346,0.0753109965162982
"cfg3_psi-0.14_mu-0.4_sps0.06","sps0.06_K25_exV0",0.06,0.06,25,0,-0.14,-0.4,0.740740740740741,"bias-dominated","mcmc",0.00844689556741307,0.083622716670457,0.0832366327746168,0.779,0.197194082600347
"cfg3_psi-0.14_mu-0.35_sps0.06","sps0.06_K25_exV0",0.06,0.06,25,0,-0.14,-0.35,0.714285714285714,"bias-dominated","mc",0.0106024995857778,0.0897176227491965,0.0891335156824784,0.373,0.0837278443568328
"cfg3_psi-0.14_mu-0.35_sps0.06","sps0.06_K25_exV0",0.06,0.06,25,0,-0.14,-0.35,0.714285714285714,"bias-dominated","mcmc",0.00942019193637887,0.0868576830325423,0.0863885412871934,0.803,0.219548200980138
"cfg3_psi-0.14_mu-0.3_sps0.06","sps0.06_K25_exV0",0.06,0.06,25,0,-0.14,-0.3,0.681818181818182,"bias-dominated","mc",0.0126951747398806,0.102607491117326,0.101870050942341,0.364,0.0936114716233154
"cfg3_psi-0.14_mu-0.3_sps0.06","sps0.06_K25_exV0",0.06,0.06,25,0,-0.14,-0.3,0.681818181818182,"bias-dominated","mcmc",0.0113396671795858,0.0996190251244815,0.0990210446435029,0.788,0.242452583630278
"cfg3_psi-0.14_mu-0.25_sps0.06","sps0.06_K25_exV0",0.06,0.06,25,0,-0.14,-0.25,0.641025641025641,"bias-dominated","mc",0.0187419710533969,0.110921903963252,0.10938177028892,0.375,0.106310089618013
"cfg3_psi-0.14_mu-0.25_sps0.06","sps0.06_K25_exV0",0.06,0.06,25,0,-0.14,-0.25,0.641025641025641,"bias-dominated","mcmc",0.0176698880004123,0.107556628717811,0.106148343887713,0.817,0.277110065498882
"cfg3_psi-0.14_mu-0.2_sps0.06","sps0.06_K25_exV0",0.06,0.06,25,0,-0.14,-0.2,0.588235294117647,"bias-dominated","mc",0.0175750035369622,0.120813082022184,0.119587713665052,0.413,0.124334327455707
"cfg3_psi-0.14_mu-0.2_sps0.06","sps0.06_K25_exV0",0.06,0.06,25,0,-0.14,-0.2,0.588235294117647,"bias-dominated","mcmc",0.0166781486045883,0.115487444856114,0.114333991183975,0.849,0.318786183700851
"cfg3_psi-0.14_mu-0.15_sps0.06","sps0.06_K25_exV0",0.06,0.06,25,0,-0.14,-0.15,0.517241379310345,"bias-dominated","mc",0.0225717436033283,0.133744148175174,0.131891656183321,0.46,0.14625079689714
"cfg3_psi-0.14_mu-0.15_sps0.06","sps0.06_K25_exV0",0.06,0.06,25,0,-0.14,-0.15,0.517241379310345,"bias-dominated","mcmc",0.021192981921229,0.126990945213002,0.125272706262428,0.899,0.375827955027329
"cfg3_psi-0.14_mu-0.1_sps0.06","sps0.06_K25_exV0",0.06,0.06,25,0,-0.14,-0.1,0.416666666666667,"mixed","mc",0.024739418973116,0.136580737563623,0.134388687550841,0.529,0.176664949749467
"cfg3_psi-0.14_mu-0.1_sps0.06","sps0.06_K25_exV0",0.06,0.06,25,0,-0.14,-0.1,0.416666666666667,"mixed","mcmc",0.0219576742698744,0.128136543538368,0.126304343225939,0.963,0.46085786985088
"cfg3_psi-0.14_mu-0.05_sps0.06","sps0.06_K25_exV0",0.06,0.06,25,0,-0.14,-0.05,0.263157894736842,"effect-dominated","mc",0.0385693013201501,0.151804750484904,0.146896800289845,0.69,0.238975716149898
"cfg3_psi-0.14_mu-0.05_sps0.06","sps0.06_K25_exV0",0.06,0.06,25,0,-0.14,-0.05,0.263157894736842,"effect-dominated","mcmc",0.0374437879441473,0.137526427450084,0.132397167649382,0.997,0.56243820469413
"cfg3_psi-0.1_mu-0.4_sps0.06","sps0.06_K25_exV0",0.06,0.06,25,0,-0.1,-0.4,0.8,"bias-dominated","mc",0.00497254194517941,0.0920302511193867,0.0919417981221966,0.299,0.0791602175622338
"cfg3_psi-0.1_mu-0.4_sps0.06","sps0.06_K25_exV0",0.06,0.06,25,0,-0.1,-0.4,0.8,"bias-dominated","mcmc",0.00277387102248871,0.0882019892695812,0.0882024729068794,0.719,0.199905927981251
"cfg3_psi-0.1_mu-0.35_sps0.06","sps0.06_K25_exV0",0.06,0.06,25,0,-0.1,-0.35,0.777777777777778,"bias-dominated","mc",0.0128646583850108,0.0992618643213704,0.0984739325333344,0.336,0.0896133171286958
"cfg3_psi-0.1_mu-0.35_sps0.06","sps0.06_K25_exV0",0.06,0.06,25,0,-0.1,-0.35,0.777777777777778,"bias-dominated","mcmc",0.0105190597632044,0.0944592551904378,0.0939186935270301,0.76,0.225476596152061
"cfg3_psi-0.1_mu-0.3_sps0.06","sps0.06_K25_exV0",0.06,0.06,25,0,-0.1,-0.3,0.75,"bias-dominated","mc",0.0107566488753835,0.110330731652359,0.109860065929356,0.331,0.099968798890264
"cfg3_psi-0.1_mu-0.3_sps0.06","sps0.06_K25_exV0",0.06,0.06,25,0,-0.1,-0.3,0.75,"bias-dominated","mcmc",0.00747481575097021,0.103972074316481,0.103754924951119,0.747,0.24977982255948
"cfg3_psi-0.1_mu-0.25_sps0.06","sps0.06_K25_exV0",0.06,0.06,25,0,-0.1,-0.25,0.714285714285714,"bias-dominated","mc",0.0142948809461178,0.119209398929877,0.118408436057945,0.356,0.115130101074009
"cfg3_psi-0.1_mu-0.25_sps0.06","sps0.06_K25_exV0",0.06,0.06,25,0,-0.1,-0.25,0.714285714285714,"bias-dominated","mcmc",0.0112936946254704,0.113256269406963,0.11274815816171,0.785,0.289165953635503
"cfg3_psi-0.1_mu-0.2_sps0.06","sps0.06_K25_exV0",0.06,0.06,25,0,-0.1,-0.2,0.666666666666667,"bias-dominated","mc",0.018598272793655,0.135606641493881,0.134392435773505,0.362,0.134509895178187
"cfg3_psi-0.1_mu-0.2_sps0.06","sps0.06_K25_exV0",0.06,0.06,25,0,-0.1,-0.2,0.666666666666667,"bias-dominated","mcmc",0.015851612675405,0.126057091153695,0.125119028836932,0.809,0.339249584009031
"cfg3_psi-0.1_mu-0.15_sps0.06","sps0.06_K25_exV0",0.06,0.06,25,0,-0.1,-0.15,0.6,"bias-dominated","mc",0.0262678956025067,0.153777811948247,0.151593514709265,0.406,0.163005754096721
"cfg3_psi-0.1_mu-0.15_sps0.06","sps0.06_K25_exV0",0.06,0.06,25,0,-0.1,-0.15,0.6,"bias-dominated","mcmc",0.0222182611515321,0.142060049757022,0.140382027774541,0.848,0.408362495237477
"cfg3_psi-0.1_mu-0.1_sps0.06","sps0.06_K25_exV0",0.06,0.06,25,0,-0.1,-0.1,0.5,"mixed","mc",0.0310906802596271,0.168053036998004,0.165234667490169,0.459,0.206171357792723
"cfg3_psi-0.1_mu-0.1_sps0.06","sps0.06_K25_exV0",0.06,0.06,25,0,-0.1,-0.1,0.5,"mixed","mcmc",0.0250558648534787,0.153529840202281,0.151547293116812,0.914,0.521032478321965
"cfg3_psi-0.1_mu-0.05_sps0.06","sps0.06_K25_exV0",0.06,0.06,25,0,-0.1,-0.05,0.333333333333333,"mixed","mc",0.0546951686090585,0.196804753041293,0.189146307593215,0.605,0.290768766507149
"cfg3_psi-0.1_mu-0.05_sps0.06","sps0.06_K25_exV0",0.06,0.06,25,0,-0.1,-0.05,0.333333333333333,"mixed","mcmc",0.0485955145460084,0.171838200654911,0.164906146663893,0.988,0.664766448854354
"cfg3_psi-0.05_mu-0.4_sps0.06","sps0.06_K25_exV0",0.06,0.06,25,0,-0.05,-0.4,0.888888888888889,"bias-dominated","mc",-0.0215740651363903,0.0837668320265738,0.0809814785066322,0.352,0.0801502840721536
"cfg3_psi-0.05_mu-0.4_sps0.06","sps0.06_K25_exV0",0.06,0.06,25,0,-0.05,-0.4,0.888888888888889,"bias-dominated","mcmc",-0.0261158148273946,0.0785349176435082,0.0741025552451987,0.828,0.192586377566485
"cfg3_psi-0.05_mu-0.35_sps0.06","sps0.06_K25_exV0",0.06,0.06,25,0,-0.05,-0.35,0.875,"bias-dominated","mc",-0.0186195612864602,0.0935220534638024,0.0916956624715813,0.33,0.0898842748007648
"cfg3_psi-0.05_mu-0.35_sps0.06","sps0.06_K25_exV0",0.06,0.06,25,0,-0.05,-0.35,0.875,"bias-dominated","mcmc",-0.0247327197521904,0.0867888272265134,0.0832317284792214,0.838,0.215471810354893
"cfg3_psi-0.05_mu-0.3_sps0.06","sps0.06_K25_exV0",0.06,0.06,25,0,-0.05,-0.3,0.857142857142857,"bias-dominated","mc",-0.0262002612908459,0.102405772504649,0.099046952751787,0.351,0.102311699611377
"cfg3_psi-0.05_mu-0.3_sps0.06","sps0.06_K25_exV0",0.06,0.06,25,0,-0.05,-0.3,0.857142857142857,"bias-dominated","mcmc",-0.0320607886312704,0.0962695449285757,0.0908194874043475,0.826,0.24387658143906
"cfg3_psi-0.05_mu-0.25_sps0.06","sps0.06_K25_exV0",0.06,0.06,25,0,-0.05,-0.25,0.833333333333333,"bias-dominated","mc",-0.0214517492193081,0.114710188299283,0.112742896520378,0.363,0.117361681884075
"cfg3_psi-0.05_mu-0.25_sps0.06","sps0.06_K25_exV0",0.06,0.06,25,0,-0.05,-0.25,0.833333333333333,"bias-dominated","mcmc",-0.0288353267639661,0.1064130792099,0.102483023606231,0.841,0.279249255915328
"cfg3_psi-0.05_mu-0.2_sps0.06","sps0.06_K25_exV0",0.06,0.06,25,0,-0.05,-0.2,0.8,"bias-dominated","mc",-0.0251410118422383,0.129826841625477,0.127433031461637,0.368,0.140491802923236
"cfg3_psi-0.05_mu-0.2_sps0.06","sps0.06_K25_exV0",0.06,0.06,25,0,-0.05,-0.2,0.8,"bias-dominated","mcmc",-0.0329897779306783,0.11998185628734,0.115415081472361,0.86,0.335170463150769
"cfg3_psi-0.05_mu-0.15_sps0.06","sps0.06_K25_exV0",0.06,0.06,25,0,-0.05,-0.15,0.75,"bias-dominated","mc",-0.0175747816015215,0.147073279114735,0.146092503232439,0.384,0.170554812845962
"cfg3_psi-0.05_mu-0.15_sps0.06","sps0.06_K25_exV0",0.06,0.06,25,0,-0.05,-0.15,0.75,"bias-dominated","mcmc",-0.0277007514847518,0.132613667679126,0.12975318536206,0.879,0.404246594259849
"cfg3_psi-0.05_mu-0.1_sps0.06","sps0.06_K25_exV0",0.06,0.06,25,0,-0.05,-0.1,0.666666666666667,"bias-dominated","mc",-0.0123957027876144,0.179906952859018,0.179569216022015,0.405,0.223124529761742
"cfg3_psi-0.05_mu-0.1_sps0.06","sps0.06_K25_exV0",0.06,0.06,25,0,-0.05,-0.1,0.666666666666667,"bias-dominated","mcmc",-0.0283996014013883,0.157088836933878,0.154577681406695,0.883,0.54152940684578
"cfg3_psi-0.05_mu-0.05_sps0.06","sps0.06_K25_exV0",0.06,0.06,25,0,-0.05,-0.05,0.5,"mixed","mc",0.0117724074516807,0.219400515893759,0.219194075741291,0.453,0.329283588591243
"cfg3_psi-0.05_mu-0.05_sps0.06","sps0.06_K25_exV0",0.06,0.06,25,0,-0.05,-0.05,0.5,"mixed","mcmc",-0.00981884790135678,0.177095803619033,0.176911875511675,0.901,0.731613240980595
"cfg3_psi-0.01_mu-0.4_sps0.06","sps0.06_K25_exV0",0.06,0.06,25,0,-0.01,-0.4,0.975609756097561,"bias-dominated","mc",-0.0803789089110667,0.106952861273008,0.0705912789614632,0.378,0.076338430406674
"cfg3_psi-0.01_mu-0.4_sps0.06","sps0.06_K25_exV0",0.06,0.06,25,0,-0.01,-0.4,0.975609756097561,"bias-dominated","mcmc",-0.0863451281768018,0.106606387863551,0.0625568072041182,0.683,0.176576726275459
"cfg3_psi-0.01_mu-0.35_sps0.06","sps0.06_K25_exV0",0.06,0.06,25,0,-0.01,-0.35,0.972222222222222,"bias-dominated","mc",-0.0897696802247376,0.118765396741209,0.0777989501991972,0.374,0.0854730343510283
"cfg3_psi-0.01_mu-0.35_sps0.06","sps0.06_K25_exV0",0.06,0.06,25,0,-0.01,-0.35,0.972222222222222,"bias-dominated","mcmc",-0.0964987388840192,0.118524898767874,0.0688540914371557,0.688,0.197641853168196
"cfg3_psi-0.01_mu-0.3_sps0.06","sps0.06_K25_exV0",0.06,0.06,25,0,-0.01,-0.3,0.967741935483871,"bias-dominated","mc",-0.0998467460520617,0.132366770275249,0.0869433627382792,0.382,0.0976028207830691
"cfg3_psi-0.01_mu-0.3_sps0.06","sps0.06_K25_exV0",0.06,0.06,25,0,-0.01,-0.3,0.967741935483871,"bias-dominated","mcmc",-0.10897787052518,0.13273477743278,0.075816178807005,0.672,0.223035458629173
"cfg3_psi-0.01_mu-0.25_sps0.06","sps0.06_K25_exV0",0.06,0.06,25,0,-0.01,-0.25,0.961538461538462,"bias-dominated","mc",-0.11736412062275,0.152083462013536,0.0967698662574604,0.36,0.110168570400095
"cfg3_psi-0.01_mu-0.25_sps0.06","sps0.06_K25_exV0",0.06,0.06,25,0,-0.01,-0.25,0.961538461538462,"bias-dominated","mcmc",-0.125851067622219,0.151977393224764,0.08524026473724,0.675,0.25336786803519
"cfg3_psi-0.01_mu-0.2_sps0.06","sps0.06_K25_exV0",0.06,0.06,25,0,-0.01,-0.2,0.952380952380952,"bias-dominated","mc",-0.135593477607185,0.177070860854886,0.113936298317764,0.376,0.127375316072073
"cfg3_psi-0.01_mu-0.2_sps0.06","sps0.06_K25_exV0",0.06,0.06,25,0,-0.01,-0.2,0.952380952380952,"bias-dominated","mcmc",-0.148635762750285,0.178274921339155,0.0984837888527324,0.663,0.300422388615078
"cfg3_psi-0.01_mu-0.15_sps0.06","sps0.06_K25_exV0",0.06,0.06,25,0,-0.01,-0.15,0.9375,"bias-dominated","mc",-0.168033291102851,0.213445268691587,0.131685370656019,0.345,0.152742251887066
"cfg3_psi-0.01_mu-0.15_sps0.06","sps0.06_K25_exV0",0.06,0.06,25,0,-0.01,-0.15,0.9375,"bias-dominated","mcmc",-0.18312145058621,0.214040832657119,0.110870666474228,0.651,0.360855921487707
"cfg3_psi-0.01_mu-0.1_sps0.06","sps0.06_K25_exV0",0.06,0.06,25,0,-0.01,-0.1,0.909090909090909,"bias-dominated","mc",-0.200119911354221,0.254401164428264,0.157151742631914,0.376,0.206826611333703
"cfg3_psi-0.01_mu-0.1_sps0.06","sps0.06_K25_exV0",0.06,0.06,25,0,-0.01,-0.1,0.909090909090909,"bias-dominated","mcmc",-0.222002869937897,0.256946432750465,0.12943317963535,0.69,0.488541096608195
"cfg3_psi-0.01_mu-0.05_sps0.06","sps0.06_K25_exV0",0.06,0.06,25,0,-0.01,-0.05,0.833333333333333,"bias-dominated","mc",-0.27057145293409,0.341780477839462,0.208922551491762,0.369,0.317987835970544
"cfg3_psi-0.01_mu-0.05_sps0.06","sps0.06_K25_exV0",0.06,0.06,25,0,-0.01,-0.05,0.833333333333333,"bias-dominated","mcmc",-0.299078407845792,0.339288841611551,0.160295722716657,0.64,0.70501862979672
"cfg4_psi-0.4_mu-0.4_sps0.1","sps0.1_K25_exV0",0.1,0.1,25,0,-0.4,-0.4,0.5,"mixed","mc",0.012027064779105,0.0717240287705326,0.0707438386474891,0.31,0.0526282687471031
"cfg4_psi-0.4_mu-0.4_sps0.1","sps0.1_K25_exV0",0.1,0.1,25,0,-0.4,-0.4,0.5,"mixed","mcmc",0.0113698296993315,0.0707993368731624,0.069915386257413,0.708,0.138791584714831
"cfg4_psi-0.4_mu-0.35_sps0.1","sps0.1_K25_exV0",0.1,0.1,25,0,-0.4,-0.35,0.466666666666667,"mixed","mc",0.00921906344241098,0.070547688962634,0.0699777262375875,0.339,0.0552559011708583
"cfg4_psi-0.4_mu-0.35_sps0.1","sps0.1_K25_exV0",0.1,0.1,25,0,-0.4,-0.35,0.466666666666667,"mixed","mcmc",0.0085275333732762,0.0695198531219834,0.0690293865602085,0.712,0.146603453566478
"cfg4_psi-0.4_mu-0.3_sps0.1","sps0.1_K25_exV0",0.1,0.1,25,0,-0.4,-0.3,0.428571428571428,"mixed","mc",0.00916570634415627,0.0698144557194234,0.0692448041192228,0.357,0.0601902118748211
"cfg4_psi-0.4_mu-0.3_sps0.1","sps0.1_K25_exV0",0.1,0.1,25,0,-0.4,-0.3,0.428571428571428,"mixed","mcmc",0.00925922811356153,0.0682996121318903,0.0677029349401279,0.778,0.158228925385499
"cfg4_psi-0.4_mu-0.25_sps0.1","sps0.1_K25_exV0",0.1,0.1,25,0,-0.4,-0.25,0.384615384615385,"mixed","mc",0.00694485500724218,0.0655091081837949,0.0651725379563216,0.398,0.0645785585601978
"cfg4_psi-0.4_mu-0.25_sps0.1","sps0.1_K25_exV0",0.1,0.1,25,0,-0.4,-0.25,0.384615384615385,"mixed","mcmc",0.0063531113945488,0.0638743316767149,0.0635894003320524,0.832,0.16972272158186
"cfg4_psi-0.4_mu-0.2_sps0.1","sps0.1_K25_exV0",0.1,0.1,25,0,-0.4,-0.2,0.333333333333333,"mixed","mc",0.0120690496200751,0.0687216370482138,0.0676873919048258,0.417,0.0709909202471643
"cfg4_psi-0.4_mu-0.2_sps0.1","sps0.1_K25_exV0",0.1,0.1,25,0,-0.4,-0.2,0.333333333333333,"mixed","mcmc",0.0115852877283292,0.0669441744879146,0.0659670771020026,0.882,0.187254943269403
"cfg4_psi-0.4_mu-0.15_sps0.1","sps0.1_K25_exV0",0.1,0.1,25,0,-0.4,-0.15,0.272727272727273,"effect-dominated","mc",0.00963310312553755,0.0650221493513838,0.0643367892647691,0.494,0.0766898043070446
"cfg4_psi-0.4_mu-0.15_sps0.1","sps0.1_K25_exV0",0.1,0.1,25,0,-0.4,-0.15,0.272727272727273,"effect-dominated","mcmc",0.00938694456554007,0.0641388820657563,0.0634800061085694,0.933,0.203388871368181
"cfg4_psi-0.4_mu-0.1_sps0.1","sps0.1_K25_exV0",0.1,0.1,25,0,-0.4,-0.1,0.2,"effect-dominated","mc",0.0106696439082878,0.0597901788101835,0.0588599071498907,0.597,0.0871214622932713
"cfg4_psi-0.4_mu-0.1_sps0.1","sps0.1_K25_exV0",0.1,0.1,25,0,-0.4,-0.1,0.2,"effect-dominated","mcmc",0.0105021360510849,0.0575624688168365,0.0566246351331091,0.98,0.229995398974842
"cfg4_psi-0.4_mu-0.05_sps0.1","sps0.1_K25_exV0",0.1,0.1,25,0,-0.4,-0.05,0.111111111111111,"effect-dominated","mc",0.00509794087357113,0.0426218540108075,0.0423370507243028,0.78,0.0974178990903494
"cfg4_psi-0.4_mu-0.05_sps0.1","sps0.1_K25_exV0",0.1,0.1,25,0,-0.4,-0.05,0.111111111111111,"effect-dominated","mcmc",0.00535215898910179,0.0389739460270683,0.0386240168516166,1,0.229781908779192
"cfg4_psi-0.36_mu-0.4_sps0.1","sps0.1_K25_exV0",0.1,0.1,25,0,-0.36,-0.4,0.526315789473684,"bias-dominated","mc",0.0103578965963884,0.0772815129466403,0.0766225635087923,0.304,0.0551262614502334
"cfg4_psi-0.36_mu-0.4_sps0.1","sps0.1_K25_exV0",0.1,0.1,25,0,-0.36,-0.4,0.526315789473684,"bias-dominated","mcmc",0.0099759724575633,0.0766593132223237,0.076045467915154,0.7,0.145596090591988
"cfg4_psi-0.36_mu-0.35_sps0.1","sps0.1_K25_exV0",0.1,0.1,25,0,-0.36,-0.35,0.492957746478873,"mixed","mc",0.0112077507996526,0.0789366372467468,0.07817602261787,0.335,0.0588835896958648
"cfg4_psi-0.36_mu-0.35_sps0.1","sps0.1_K25_exV0",0.1,0.1,25,0,-0.36,-0.35,0.492957746478873,"mixed","mcmc",0.0105427226913538,0.0779746669895999,0.0772973127926009,0.697,0.155968142861889
"cfg4_psi-0.36_mu-0.3_sps0.1","sps0.1_K25_exV0",0.1,0.1,25,0,-0.36,-0.3,0.454545454545455,"mixed","mc",0.0130489379819801,0.0798504194318661,0.078816411537922,0.34,0.0644533051923565
"cfg4_psi-0.36_mu-0.3_sps0.1","sps0.1_K25_exV0",0.1,0.1,25,0,-0.36,-0.3,0.454545454545455,"mixed","mcmc",0.0131065497675991,0.0789654620059586,0.0779091289604712,0.771,0.169429061570437
"cfg4_psi-0.36_mu-0.25_sps0.1","sps0.1_K25_exV0",0.1,0.1,25,0,-0.36,-0.25,0.40983606557377,"mixed","mc",0.00898737755039152,0.074233835574258,0.0737246547197492,0.391,0.0688536669992267
"cfg4_psi-0.36_mu-0.25_sps0.1","sps0.1_K25_exV0",0.1,0.1,25,0,-0.36,-0.25,0.40983606557377,"mixed","mcmc",0.00865394950468997,0.073186892911892,0.07270981480678,0.813,0.182011723038736
"cfg4_psi-0.36_mu-0.2_sps0.1","sps0.1_K25_exV0",0.1,0.1,25,0,-0.36,-0.2,0.357142857142857,"mixed","mc",0.0107534910146681,0.0773539100366266,0.0766411357734514,0.4,0.0767300544282801
"cfg4_psi-0.36_mu-0.2_sps0.1","sps0.1_K25_exV0",0.1,0.1,25,0,-0.36,-0.2,0.357142857142857,"mixed","mcmc",0.0108291420372471,0.0759527664891482,0.0752144243461447,0.868,0.200576508674511
"cfg4_psi-0.36_mu-0.15_sps0.1","sps0.1_K25_exV0",0.1,0.1,25,0,-0.36,-0.15,0.294117647058824,"effect-dominated","mc",0.0130386904594106,0.0807888018229165,0.0797695821558786,0.478,0.0836143139114865
"cfg4_psi-0.36_mu-0.15_sps0.1","sps0.1_K25_exV0",0.1,0.1,25,0,-0.36,-0.15,0.294117647058824,"effect-dominated","mcmc",0.0122122488432643,0.0779376240790748,0.077013409810058,0.914,0.221289484736266
"cfg4_psi-0.36_mu-0.1_sps0.1","sps0.1_K25_exV0",0.1,0.1,25,0,-0.36,-0.1,0.217391304347826,"effect-dominated","mc",0.0118467448448029,0.0726993271444163,0.0717634781809915,0.584,0.0940696866391853
"cfg4_psi-0.36_mu-0.1_sps0.1","sps0.1_K25_exV0",0.1,0.1,25,0,-0.36,-0.1,0.217391304347826,"effect-dominated","mcmc",0.0111952029003733,0.0683885258924188,0.0674997342207908,0.972,0.247797996518805
"cfg4_psi-0.36_mu-0.05_sps0.1","sps0.1_K25_exV0",0.1,0.1,25,0,-0.36,-0.05,0.121951219512195,"effect-dominated","mc",0.00645930088719277,0.0498010704739378,0.0494051102348345,0.754,0.107510120110088
"cfg4_psi-0.36_mu-0.05_sps0.1","sps0.1_K25_exV0",0.1,0.1,25,0,-0.36,-0.05,0.121951219512195,"effect-dominated","mcmc",0.00652418989833688,0.046778488226074,0.0463444680259034,0.999,0.254955507323128
"cfg4_psi-0.31_mu-0.4_sps0.1","sps0.1_K25_exV0",0.1,0.1,25,0,-0.31,-0.4,0.563380281690141,"bias-dominated","mc",0.0114221052515837,0.0902604207716899,0.0895795935081051,0.274,0.058517931641861
"cfg4_psi-0.31_mu-0.4_sps0.1","sps0.1_K25_exV0",0.1,0.1,25,0,-0.31,-0.4,0.563380281690141,"bias-dominated","mcmc",0.011008358676827,0.0893063378148599,0.0886696132474798,0.665,0.155155648546684
"cfg4_psi-0.31_mu-0.35_sps0.1","sps0.1_K25_exV0",0.1,0.1,25,0,-0.31,-0.35,0.53030303030303,"bias-dominated","mc",0.0146497748682875,0.0942174318039826,0.0931180945443912,0.298,0.0633004126477063
"cfg4_psi-0.31_mu-0.35_sps0.1","sps0.1_K25_exV0",0.1,0.1,25,0,-0.31,-0.35,0.53030303030303,"bias-dominated","mcmc",0.0134736675743289,0.0927531169191316,0.0918152003282784,0.672,0.167648781884793
"cfg4_psi-0.31_mu-0.3_sps0.1","sps0.1_K25_exV0",0.1,0.1,25,0,-0.31,-0.3,0.491803278688525,"mixed","mc",0.0126329582481266,0.0941809785622102,0.093376572399664,0.306,0.0692192185339196
"cfg4_psi-0.31_mu-0.3_sps0.1","sps0.1_K25_exV0",0.1,0.1,25,0,-0.31,-0.3,0.491803278688525,"mixed","mcmc",0.0122309707052903,0.0933566362583723,0.0925982684957595,0.723,0.182223360810592
"cfg4_psi-0.31_mu-0.25_sps0.1","sps0.1_K25_exV0",0.1,0.1,25,0,-0.31,-0.25,0.446428571428571,"mixed","mc",0.0117618190107868,0.0926138963769993,0.0919099605948322,0.358,0.0756709124380335
"cfg4_psi-0.31_mu-0.25_sps0.1","sps0.1_K25_exV0",0.1,0.1,25,0,-0.31,-0.25,0.446428571428571,"mixed","mcmc",0.0120831442064462,0.0914696592198446,0.0907134229813302,0.787,0.199419318774406
"cfg4_psi-0.31_mu-0.2_sps0.1","sps0.1_K25_exV0",0.1,0.1,25,0,-0.31,-0.2,0.392156862745098,"mixed","mc",0.0168015958305389,0.096331849342342,0.0949027824322147,0.38,0.0836890676273661
"cfg4_psi-0.31_mu-0.2_sps0.1","sps0.1_K25_exV0",0.1,0.1,25,0,-0.31,-0.2,0.392156862745098,"mixed","mcmc",0.0167110387398505,0.0946601398000912,0.0932200258765919,0.824,0.221371714784721
"cfg4_psi-0.31_mu-0.15_sps0.1","sps0.1_K25_exV0",0.1,0.1,25,0,-0.31,-0.15,0.326086956521739,"effect-dominated","mc",0.0186247758273712,0.0999466456640997,0.0982451108538841,0.445,0.0944632026394513
"cfg4_psi-0.31_mu-0.15_sps0.1","sps0.1_K25_exV0",0.1,0.1,25,0,-0.31,-0.15,0.326086956521739,"effect-dominated","mcmc",0.0182282246581406,0.0970993722709241,0.0954207789020092,0.883,0.247975128807916
"cfg4_psi-0.31_mu-0.1_sps0.1","sps0.1_K25_exV0",0.1,0.1,25,0,-0.31,-0.1,0.24390243902439,"effect-dominated","mc",0.0173605327126838,0.0858567560089668,0.0841253322599259,0.545,0.106570698510898
"cfg4_psi-0.31_mu-0.1_sps0.1","sps0.1_K25_exV0",0.1,0.1,25,0,-0.31,-0.1,0.24390243902439,"effect-dominated","mcmc",0.0165701117871483,0.0826943128784867,0.0810577024651908,0.959,0.281864999290872
"cfg4_psi-0.31_mu-0.05_sps0.1","sps0.1_K25_exV0",0.1,0.1,25,0,-0.31,-0.05,0.138888888888889,"effect-dominated","mc",0.0124085719772949,0.0710475699839028,0.0699905938346517,0.731,0.125336132154583
"cfg4_psi-0.31_mu-0.05_sps0.1","sps0.1_K25_exV0",0.1,0.1,25,0,-0.31,-0.05,0.138888888888889,"effect-dominated","mcmc",0.0116793396755343,0.0678534289186012,0.066874157891886,0.996,0.298089268585613
"cfg4_psi-0.27_mu-0.4_sps0.1","sps0.1_K25_exV0",0.1,0.1,25,0,-0.27,-0.4,0.597014925373134,"bias-dominated","mc",0.0126123549157128,0.0995228478611047,0.098769839683457,0.261,0.0621631834873372
"cfg4_psi-0.27_mu-0.4_sps0.1","sps0.1_K25_exV0",0.1,0.1,25,0,-0.27,-0.4,0.597014925373134,"bias-dominated","mcmc",0.0121151221894132,0.0982999743834631,0.0975993566194861,0.643,0.163627725151326
"cfg4_psi-0.27_mu-0.35_sps0.1","sps0.1_K25_exV0",0.1,0.1,25,0,-0.27,-0.35,0.564516129032258,"bias-dominated","mc",0.0126108691132394,0.105299179347537,0.10459360866921,0.263,0.0666969048822598
"cfg4_psi-0.27_mu-0.35_sps0.1","sps0.1_K25_exV0",0.1,0.1,25,0,-0.27,-0.35,0.564516129032258,"bias-dominated","mcmc",0.0116964894316697,0.10402215587947,0.103414194114405,0.635,0.177117594545568
"cfg4_psi-0.27_mu-0.3_sps0.1","sps0.1_K25_exV0",0.1,0.1,25,0,-0.27,-0.3,0.526315789473684,"bias-dominated","mc",0.0147871778781056,0.105422169954367,0.104432175921296,0.278,0.0736332463307473
"cfg4_psi-0.27_mu-0.3_sps0.1","sps0.1_K25_exV0",0.1,0.1,25,0,-0.27,-0.3,0.526315789473684,"bias-dominated","mcmc",0.0138486140534474,0.103108755322012,0.102225639612807,0.691,0.193621969725169
"cfg4_psi-0.27_mu-0.25_sps0.1","sps0.1_K25_exV0",0.1,0.1,25,0,-0.27,-0.25,0.480769230769231,"mixed","mc",0.0169451552614476,0.107173807864869,0.105878690502499,0.318,0.0819794172051994
"cfg4_psi-0.27_mu-0.25_sps0.1","sps0.1_K25_exV0",0.1,0.1,25,0,-0.27,-0.25,0.480769230769231,"mixed","mcmc",0.016767735699299,0.10490523297775,0.103608328001497,0.752,0.21470419615408
"cfg4_psi-0.27_mu-0.2_sps0.1","sps0.1_K25_exV0",0.1,0.1,25,0,-0.27,-0.2,0.425531914893617,"mixed","mc",0.0211709283094068,0.116623247985151,0.114742928779201,0.337,0.0905328748114413
"cfg4_psi-0.27_mu-0.2_sps0.1","sps0.1_K25_exV0",0.1,0.1,25,0,-0.27,-0.2,0.425531914893617,"mixed","mcmc",0.0208210738396637,0.115178739293591,0.113337859251726,0.777,0.240322822746403
"cfg4_psi-0.27_mu-0.15_sps0.1","sps0.1_K25_exV0",0.1,0.1,25,0,-0.27,-0.15,0.357142857142857,"mixed","mc",0.0267083700143243,0.119843603277127,0.116888044866256,0.408,0.104880960522292
"cfg4_psi-0.27_mu-0.15_sps0.1","sps0.1_K25_exV0",0.1,0.1,25,0,-0.27,-0.15,0.357142857142857,"mixed","mcmc",0.0256525957865847,0.116342062062,0.113535501250898,0.854,0.273911931813425
"cfg4_psi-0.27_mu-0.1_sps0.1","sps0.1_K25_exV0",0.1,0.1,25,0,-0.27,-0.1,0.27027027027027,"effect-dominated","mc",0.0203522216968179,0.107465907126388,0.105573927276679,0.5,0.11802057790902
"cfg4_psi-0.27_mu-0.1_sps0.1","sps0.1_K25_exV0",0.1,0.1,25,0,-0.27,-0.1,0.27027027027027,"effect-dominated","mcmc",0.0196782373314886,0.10259629582713,0.100741827503686,0.935,0.311471548586223
"cfg4_psi-0.27_mu-0.05_sps0.1","sps0.1_K25_exV0",0.1,0.1,25,0,-0.27,-0.05,0.15625,"effect-dominated","mc",0.0239780649575088,0.10204362765589,0.099236092971336,0.694,0.145589564380879
"cfg4_psi-0.27_mu-0.05_sps0.1","sps0.1_K25_exV0",0.1,0.1,25,0,-0.27,-0.05,0.15625,"effect-dominated","mcmc",0.0230923766429509,0.0949973532964151,0.0921940291630501,0.992,0.347489673995749
"cfg4_psi-0.23_mu-0.4_sps0.1","sps0.1_K25_exV0",0.1,0.1,25,0,-0.23,-0.4,0.634920634920635,"bias-dominated","mc",0.0138122692359225,0.105537451206998,0.104682057483519,0.257,0.065666731973639
"cfg4_psi-0.23_mu-0.4_sps0.1","sps0.1_K25_exV0",0.1,0.1,25,0,-0.23,-0.4,0.634920634920635,"bias-dominated","mcmc",0.0130397279244223,0.103797239328299,0.103026437552057,0.624,0.173637899949384
"cfg4_psi-0.23_mu-0.35_sps0.1","sps0.1_K25_exV0",0.1,0.1,25,0,-0.23,-0.35,0.603448275862069,"bias-dominated","mc",0.0133926037396282,0.116965941235211,0.116254826819668,0.246,0.0710310604056786
"cfg4_psi-0.23_mu-0.35_sps0.1","sps0.1_K25_exV0",0.1,0.1,25,0,-0.23,-0.35,0.603448275862069,"bias-dominated","mcmc",0.0123554019281369,0.115377234745342,0.114771175664621,0.608,0.187525903865027
"cfg4_psi-0.23_mu-0.3_sps0.1","sps0.1_K25_exV0",0.1,0.1,25,0,-0.23,-0.3,0.566037735849057,"bias-dominated","mc",0.015566812840772,0.116623278423377,0.115637517457097,0.278,0.0785163898040372
"cfg4_psi-0.23_mu-0.3_sps0.1","sps0.1_K25_exV0",0.1,0.1,25,0,-0.23,-0.3,0.566037735849057,"bias-dominated","mcmc",0.0147054321321791,0.114962343975857,0.114074992448526,0.676,0.20634229320912
"cfg4_psi-0.23_mu-0.25_sps0.1","sps0.1_K25_exV0",0.1,0.1,25,0,-0.23,-0.25,0.520833333333333,"bias-dominated","mc",0.0288904746309368,0.130334781272325,0.127156062966943,0.296,0.089471225299133
"cfg4_psi-0.23_mu-0.25_sps0.1","sps0.1_K25_exV0",0.1,0.1,25,0,-0.23,-0.25,0.520833333333333,"bias-dominated","mcmc",0.0282989076407713,0.127260724546466,0.124136512405266,0.702,0.232847792063473
"cfg4_psi-0.23_mu-0.2_sps0.1","sps0.1_K25_exV0",0.1,0.1,25,0,-0.23,-0.2,0.465116279069767,"mixed","mc",0.020880344844876,0.134700316782077,0.133138696301278,0.302,0.0988475430138303
"cfg4_psi-0.23_mu-0.2_sps0.1","sps0.1_K25_exV0",0.1,0.1,25,0,-0.23,-0.2,0.465116279069767,"mixed","mcmc",0.0199737259939605,0.131458253734665,0.129997007530375,0.715,0.258613499689635
"cfg4_psi-0.23_mu-0.15_sps0.1","sps0.1_K25_exV0",0.1,0.1,25,0,-0.23,-0.15,0.394736842105263,"mixed","mc",0.0261203540018767,0.12922040009367,0.126616233468551,0.384,0.115656683591878
"cfg4_psi-0.23_mu-0.15_sps0.1","sps0.1_K25_exV0",0.1,0.1,25,0,-0.23,-0.15,0.394736842105263,"mixed","mcmc",0.0255231280666558,0.12537700635987,0.122813055918986,0.833,0.299646851523069
"cfg4_psi-0.23_mu-0.1_sps0.1","sps0.1_K25_exV0",0.1,0.1,25,0,-0.23,-0.1,0.303030303030303,"effect-dominated","mc",0.0289420302780122,0.137250516090078,0.134231446135066,0.493,0.134646915726075
"cfg4_psi-0.23_mu-0.1_sps0.1","sps0.1_K25_exV0",0.1,0.1,25,0,-0.23,-0.1,0.303030303030303,"effect-dominated","mcmc",0.0275797230155359,0.128982841601879,0.126062778528049,0.92,0.349043296664659
"cfg4_psi-0.23_mu-0.05_sps0.1","sps0.1_K25_exV0",0.1,0.1,25,0,-0.23,-0.05,0.178571428571429,"effect-dominated","mc",0.036240576618654,0.130842570077451,0.125786410123637,0.659,0.17267485354544
"cfg4_psi-0.23_mu-0.05_sps0.1","sps0.1_K25_exV0",0.1,0.1,25,0,-0.23,-0.05,0.178571428571429,"effect-dominated","mcmc",0.0354011508262767,0.121779137444122,0.116578331366312,0.991,0.406992209941428
"cfg4_psi-0.18_mu-0.4_sps0.1","sps0.1_K25_exV0",0.1,0.1,25,0,-0.18,-0.4,0.689655172413793,"bias-dominated","mc",0.0186616488829237,0.116250702008912,0.114800469190076,0.251,0.0707031761430102
"cfg4_psi-0.18_mu-0.4_sps0.1","sps0.1_K25_exV0",0.1,0.1,25,0,-0.18,-0.4,0.689655172413793,"bias-dominated","mcmc",0.0174597283960717,0.113880480286229,0.112590400447065,0.598,0.184030926937221
"cfg4_psi-0.18_mu-0.35_sps0.1","sps0.1_K25_exV0",0.1,0.1,25,0,-0.18,-0.35,0.660377358490566,"bias-dominated","mc",0.0148625424822263,0.122152992577315,0.121306115262825,0.266,0.0767728754885664
"cfg4_psi-0.18_mu-0.35_sps0.1","sps0.1_K25_exV0",0.1,0.1,25,0,-0.18,-0.35,0.660377358490566,"bias-dominated","mcmc",0.0134957354025686,0.119673448799846,0.118969547476739,0.607,0.200276114178639
"cfg4_psi-0.18_mu-0.3_sps0.1","sps0.1_K25_exV0",0.1,0.1,25,0,-0.18,-0.3,0.625,"bias-dominated","mc",0.0181481246040586,0.131407414960231,0.130213324163372,0.263,0.0857953591278193
"cfg4_psi-0.18_mu-0.3_sps0.1","sps0.1_K25_exV0",0.1,0.1,25,0,-0.18,-0.3,0.625,"bias-dominated","mcmc",0.0165256668454684,0.12871901841826,0.12771765671868,0.637,0.221041412255204
"cfg4_psi-0.18_mu-0.25_sps0.1","sps0.1_K25_exV0",0.1,0.1,25,0,-0.18,-0.25,0.581395348837209,"bias-dominated","mc",0.0317071399897659,0.143301356854094,0.139819475165405,0.266,0.097243517749417
"cfg4_psi-0.18_mu-0.25_sps0.1","sps0.1_K25_exV0",0.1,0.1,25,0,-0.18,-0.25,0.581395348837209,"bias-dominated","mcmc",0.0302598754250857,0.139682802230245,0.136434011219965,0.656,0.251673392440477
"cfg4_psi-0.18_mu-0.2_sps0.1","sps0.1_K25_exV0",0.1,0.1,25,0,-0.18,-0.2,0.526315789473684,"bias-dominated","mc",0.0291803643226714,0.153477939918844,0.150753809539989,0.289,0.110452516443094
"cfg4_psi-0.18_mu-0.2_sps0.1","sps0.1_K25_exV0",0.1,0.1,25,0,-0.18,-0.2,0.526315789473684,"bias-dominated","mcmc",0.0275507803255956,0.147785231152652,0.145267104266161,0.687,0.284736516676716
"cfg4_psi-0.18_mu-0.15_sps0.1","sps0.1_K25_exV0",0.1,0.1,25,0,-0.18,-0.15,0.454545454545455,"mixed","mc",0.0302128880241928,0.155888879554378,0.153009594803917,0.363,0.130054061608659
"cfg4_psi-0.18_mu-0.15_sps0.1","sps0.1_K25_exV0",0.1,0.1,25,0,-0.18,-0.15,0.454545454545455,"mixed","mcmc",0.0283504700162528,0.149593317844585,0.146955801522805,0.767,0.333099903111561
"cfg4_psi-0.18_mu-0.1_sps0.1","sps0.1_K25_exV0",0.1,0.1,25,0,-0.18,-0.1,0.357142857142857,"mixed","mc",0.0343056028091876,0.166404592395571,0.162911491738228,0.418,0.154020792666673
"cfg4_psi-0.18_mu-0.1_sps0.1","sps0.1_K25_exV0",0.1,0.1,25,0,-0.18,-0.1,0.357142857142857,"mixed","mcmc",0.0320587297051319,0.15761141333512,0.154393759252385,0.852,0.398217736308252
"cfg4_psi-0.18_mu-0.05_sps0.1","sps0.1_K25_exV0",0.1,0.1,25,0,-0.18,-0.05,0.217391304347826,"effect-dominated","mc",0.0522235844168464,0.173119533429102,0.165137338072867,0.587,0.210661256021596
"cfg4_psi-0.18_mu-0.05_sps0.1","sps0.1_K25_exV0",0.1,0.1,25,0,-0.18,-0.05,0.217391304347826,"effect-dominated","mcmc",0.050427067960404,0.157763849948423,0.149562401958329,0.967,0.489356194656621
"cfg4_psi-0.14_mu-0.4_sps0.1","sps0.1_K25_exV0",0.1,0.1,25,0,-0.14,-0.4,0.740740740740741,"bias-dominated","mc",0.00827683337037032,0.116120037348375,0.115882638428007,0.221,0.0732090963117178
"cfg4_psi-0.14_mu-0.4_sps0.1","sps0.1_K25_exV0",0.1,0.1,25,0,-0.14,-0.4,0.740740740740741,"bias-dominated","mcmc",0.00714690661654056,0.114154945198284,0.113988010358736,0.55,0.187790521622326
"cfg4_psi-0.14_mu-0.35_sps0.1","sps0.1_K25_exV0",0.1,0.1,25,0,-0.14,-0.35,0.714285714285714,"bias-dominated","mc",0.0129617912115602,0.125582317325026,0.124974113008389,0.252,0.0808388192773227
"cfg4_psi-0.14_mu-0.35_sps0.1","sps0.1_K25_exV0",0.1,0.1,25,0,-0.14,-0.35,0.714285714285714,"bias-dominated","mcmc",0.0106199902436851,0.121053466364265,0.120647060632522,0.584,0.208733712479148
"cfg4_psi-0.14_mu-0.3_sps0.1","sps0.1_K25_exV0",0.1,0.1,25,0,-0.14,-0.3,0.681818181818182,"bias-dominated","mc",0.0108254473153515,0.135972206383876,0.135608407702331,0.233,0.0896504564773509
"cfg4_psi-0.14_mu-0.3_sps0.1","sps0.1_K25_exV0",0.1,0.1,25,0,-0.14,-0.3,0.681818181818182,"bias-dominated","mcmc",0.00827259158762202,0.131417409458701,0.131222403027519,0.564,0.22822486547045
"cfg4_psi-0.14_mu-0.25_sps0.1","sps0.1_K25_exV0",0.1,0.1,25,0,-0.14,-0.25,0.641025641025641,"bias-dominated","mc",0.0246788359611837,0.152133511064712,0.150193602935813,0.252,0.10291528789848
"cfg4_psi-0.14_mu-0.25_sps0.1","sps0.1_K25_exV0",0.1,0.1,25,0,-0.14,-0.25,0.641025641025641,"bias-dominated","mcmc",0.0220238107398668,0.146869431932153,0.145281411354147,0.591,0.260872837223886
"cfg4_psi-0.14_mu-0.2_sps0.1","sps0.1_K25_exV0",0.1,0.1,25,0,-0.14,-0.2,0.588235294117647,"bias-dominated","mc",0.0234597289764193,0.16037634572537,0.158730617063533,0.272,0.119665592775294
"cfg4_psi-0.14_mu-0.2_sps0.1","sps0.1_K25_exV0",0.1,0.1,25,0,-0.14,-0.2,0.588235294117647,"bias-dominated","mcmc",0.021678003936831,0.154207471537445,0.152752550764469,0.646,0.301258140627949
"cfg4_psi-0.14_mu-0.15_sps0.1","sps0.1_K25_exV0",0.1,0.1,25,0,-0.14,-0.15,0.517241379310345,"bias-dominated","mc",0.0333133822444696,0.180914798794543,0.177910188076246,0.302,0.139877058685065
"cfg4_psi-0.14_mu-0.15_sps0.1","sps0.1_K25_exV0",0.1,0.1,25,0,-0.14,-0.15,0.517241379310345,"bias-dominated","mcmc",0.029244592862946,0.169584741960085,0.167127706153448,0.688,0.353344411471215
"cfg4_psi-0.14_mu-0.1_sps0.1","sps0.1_K25_exV0",0.1,0.1,25,0,-0.14,-0.1,0.416666666666667,"mixed","mc",0.0416955089995493,0.190989647964923,0.186476013102212,0.368,0.171144056189465
"cfg4_psi-0.14_mu-0.1_sps0.1","sps0.1_K25_exV0",0.1,0.1,25,0,-0.14,-0.1,0.416666666666667,"mixed","mcmc",0.036243727242916,0.1779642432248,0.174321691577013,0.801,0.437977331276912
"cfg4_psi-0.14_mu-0.05_sps0.1","sps0.1_K25_exV0",0.1,0.1,25,0,-0.14,-0.05,0.263157894736842,"effect-dominated","mc",0.0687878791849126,0.206546134090273,0.194852510082792,0.511,0.243800389472791
"cfg4_psi-0.14_mu-0.05_sps0.1","sps0.1_K25_exV0",0.1,0.1,25,0,-0.14,-0.05,0.263157894736842,"effect-dominated","mcmc",0.0645404277835088,0.187290096664671,0.175906385747449,0.942,0.557452907255989
"cfg4_psi-0.1_mu-0.4_sps0.1","sps0.1_K25_exV0",0.1,0.1,25,0,-0.1,-0.4,0.8,"bias-dominated","mc",-0.0111841214947447,0.11816872757442,0.117697137684684,0.209,0.073848404042361
"cfg4_psi-0.1_mu-0.4_sps0.1","sps0.1_K25_exV0",0.1,0.1,25,0,-0.1,-0.4,0.8,"bias-dominated","mcmc",-0.0142554624583039,0.113903599956691,0.113064563275424,0.53,0.184869995304684
"cfg4_psi-0.1_mu-0.35_sps0.1","sps0.1_K25_exV0",0.1,0.1,25,0,-0.1,-0.35,0.777777777777778,"bias-dominated","mc",0.000452918433139548,0.125009015938952,0.12507074646991,0.235,0.0840226539175963
"cfg4_psi-0.1_mu-0.35_sps0.1","sps0.1_K25_exV0",0.1,0.1,25,0,-0.1,-0.35,0.777777777777778,"bias-dominated","mcmc",-0.00272457414552192,0.12019239718786,0.120221638151248,0.561,0.208839633799646
"cfg4_psi-0.1_mu-0.3_sps0.1","sps0.1_K25_exV0",0.1,0.1,25,0,-0.1,-0.3,0.75,"bias-dominated","mc",-0.00974892527214801,0.133619471558757,0.1333300361292,0.228,0.0931789923124909
"cfg4_psi-0.1_mu-0.3_sps0.1","sps0.1_K25_exV0",0.1,0.1,25,0,-0.1,-0.3,0.75,"bias-dominated","mcmc",-0.0125884791643925,0.129118310147637,0.128567483468856,0.561,0.23020947597102
"cfg4_psi-0.1_mu-0.25_sps0.1","sps0.1_K25_exV0",0.1,0.1,25,0,-0.1,-0.25,0.714285714285714,"bias-dominated","mc",0.00187352907412215,0.150757932862979,0.150821720588675,0.243,0.106332126586415
"cfg4_psi-0.1_mu-0.25_sps0.1","sps0.1_K25_exV0",0.1,0.1,25,0,-0.1,-0.25,0.714285714285714,"bias-dominated","mcmc",-0.00306859331630531,0.143276925362883,0.143315737017877,0.562,0.262631372568583
"cfg4_psi-0.1_mu-0.2_sps0.1","sps0.1_K25_exV0",0.1,0.1,25,0,-0.1,-0.2,0.666666666666667,"bias-dominated","mc",0.00418271897425795,0.162980915264034,0.163008758837501,0.24,0.123119605052809
"cfg4_psi-0.1_mu-0.2_sps0.1","sps0.1_K25_exV0",0.1,0.1,25,0,-0.1,-0.2,0.666666666666667,"bias-dominated","mcmc",0.000479062631913218,0.153513613883597,0.153589680436328,0.618,0.307210845589428
"cfg4_psi-0.1_mu-0.15_sps0.1","sps0.1_K25_exV0",0.1,0.1,25,0,-0.1,-0.15,0.6,"bias-dominated","mc",0.0110766847004296,0.179000605461083,0.178746956018187,0.28,0.14537755950568
"cfg4_psi-0.1_mu-0.15_sps0.1","sps0.1_K25_exV0",0.1,0.1,25,0,-0.1,-0.15,0.6,"bias-dominated","mcmc",0.0062932899540592,0.168008771562864,0.167974871278408,0.646,0.363333135082154
"cfg4_psi-0.1_mu-0.1_sps0.1","sps0.1_K25_exV0",0.1,0.1,25,0,-0.1,-0.1,0.5,"mixed","mc",0.0320087867499555,0.209535891942531,0.20718023852236,0.315,0.187055802225081
"cfg4_psi-0.1_mu-0.1_sps0.1","sps0.1_K25_exV0",0.1,0.1,25,0,-0.1,-0.1,0.5,"mixed","mcmc",0.0215621083022111,0.189355037011637,0.188217510765074,0.713,0.466128009961431
"cfg4_psi-0.1_mu-0.05_sps0.1","sps0.1_K25_exV0",0.1,0.1,25,0,-0.1,-0.05,0.333333333333333,"mixed","mc",0.0623958467000125,0.233314216292976,0.224928599145835,0.423,0.262627573926391
"cfg4_psi-0.1_mu-0.05_sps0.1","sps0.1_K25_exV0",0.1,0.1,25,0,-0.1,-0.05,0.333333333333333,"mixed","mcmc",0.0503667733828279,0.199661491819997,0.193300969266864,0.908,0.59960887693576
"cfg4_psi-0.05_mu-0.4_sps0.1","sps0.1_K25_exV0",0.1,0.1,25,0,-0.05,-0.4,0.888888888888889,"bias-dominated","mc",-0.0635054422215406,0.120685091787125,0.102676641358169,0.266,0.0738096324290055
"cfg4_psi-0.05_mu-0.4_sps0.1","sps0.1_K25_exV0",0.1,0.1,25,0,-0.05,-0.4,0.888888888888889,"bias-dominated","mcmc",-0.0664791477899243,0.118162373632773,0.0977364920259062,0.636,0.181298837232073
"cfg4_psi-0.05_mu-0.35_sps0.1","sps0.1_K25_exV0",0.1,0.1,25,0,-0.05,-0.35,0.875,"bias-dominated","mc",-0.0598400777443045,0.129667927023875,0.115092061310941,0.264,0.0823026694314928
"cfg4_psi-0.05_mu-0.35_sps0.1","sps0.1_K25_exV0",0.1,0.1,25,0,-0.05,-0.35,0.875,"bias-dominated","mcmc",-0.0645983725584532,0.126077619965959,0.108325208838709,0.677,0.20143211139301
"cfg4_psi-0.05_mu-0.3_sps0.1","sps0.1_K25_exV0",0.1,0.1,25,0,-0.05,-0.3,0.857142857142857,"bias-dominated","mc",-0.0737639277566948,0.144329090976943,0.124117583922564,0.24,0.0917758932462302
"cfg4_psi-0.05_mu-0.3_sps0.1","sps0.1_K25_exV0",0.1,0.1,25,0,-0.05,-0.3,0.857142857142857,"bias-dominated","mcmc",-0.0782859290314388,0.141217603427234,0.11759061351061,0.632,0.223237080522571
"cfg4_psi-0.05_mu-0.25_sps0.1","sps0.1_K25_exV0",0.1,0.1,25,0,-0.05,-0.25,0.833333333333333,"bias-dominated","mc",-0.0701705445433833,0.155424368566941,0.138751868830734,0.276,0.104972318751922
"cfg4_psi-0.05_mu-0.25_sps0.1","sps0.1_K25_exV0",0.1,0.1,25,0,-0.05,-0.25,0.833333333333333,"bias-dominated","mcmc",-0.0757967897897762,0.151044189651981,0.130714498680725,0.666,0.252970536414707
"cfg4_psi-0.05_mu-0.2_sps0.1","sps0.1_K25_exV0",0.1,0.1,25,0,-0.05,-0.2,0.8,"bias-dominated","mc",-0.0772217661476678,0.173553552575945,0.15550503612754,0.273,0.120774235424915
"cfg4_psi-0.05_mu-0.2_sps0.1","sps0.1_K25_exV0",0.1,0.1,25,0,-0.05,-0.2,0.8,"bias-dominated","mcmc",-0.0846354957500496,0.166848864234977,0.143861295795892,0.653,0.296928094436328
"cfg4_psi-0.05_mu-0.15_sps0.1","sps0.1_K25_exV0",0.1,0.1,25,0,-0.05,-0.15,0.75,"bias-dominated","mc",-0.0808928436810993,0.18801485481221,0.169808033495124,0.279,0.141057462444093
"cfg4_psi-0.05_mu-0.15_sps0.1","sps0.1_K25_exV0",0.1,0.1,25,0,-0.05,-0.15,0.75,"bias-dominated","mcmc",-0.0886079095318638,0.179653233559505,0.156359748873701,0.653,0.343274666855017
"cfg4_psi-0.05_mu-0.1_sps0.1","sps0.1_K25_exV0",0.1,0.1,25,0,-0.05,-0.1,0.666666666666667,"bias-dominated","mc",-0.0777268523615925,0.207853611859178,0.192870057925302,0.296,0.184770141359514
"cfg4_psi-0.05_mu-0.1_sps0.1","sps0.1_K25_exV0",0.1,0.1,25,0,-0.05,-0.1,0.666666666666667,"bias-dominated","mcmc",-0.0884321950067182,0.196132519658318,0.175152477985207,0.686,0.454377750176881
"cfg4_psi-0.05_mu-0.05_sps0.1","sps0.1_K25_exV0",0.1,0.1,25,0,-0.05,-0.05,0.5,"mixed","mc",-0.0579835065716875,0.22663188138311,0.219198473068346,0.304,0.262891253094159
"cfg4_psi-0.05_mu-0.05_sps0.1","sps0.1_K25_exV0",0.1,0.1,25,0,-0.05,-0.05,0.5,"mixed","mcmc",-0.0713346381417774,0.200589965429433,0.187571017267278,0.72,0.608236109574527
"cfg4_psi-0.01_mu-0.4_sps0.1","sps0.1_K25_exV0",0.1,0.1,25,0,-0.01,-0.4,0.975609756097561,"bias-dominated","mc",-0.131677129727232,0.164698273213568,0.0989770233816222,0.239,0.0704188851362314
"cfg4_psi-0.01_mu-0.4_sps0.1","sps0.1_K25_exV0",0.1,0.1,25,0,-0.01,-0.4,0.975609756097561,"bias-dominated","mcmc",-0.135274373393668,0.164356715409348,0.0933953772924525,0.461,0.169927407174125
"cfg4_psi-0.01_mu-0.35_sps0.1","sps0.1_K25_exV0",0.1,0.1,25,0,-0.01,-0.35,0.972222222222222,"bias-dominated","mc",-0.146437052071682,0.181196927364494,0.106770390010866,0.227,0.0781938072405876
"cfg4_psi-0.01_mu-0.35_sps0.1","sps0.1_K25_exV0",0.1,0.1,25,0,-0.01,-0.35,0.972222222222222,"bias-dominated","mcmc",-0.150229400939161,0.180957769719993,0.100930810677606,0.461,0.188790568658901
"cfg4_psi-0.01_mu-0.3_sps0.1","sps0.1_K25_exV0",0.1,0.1,25,0,-0.01,-0.3,0.967741935483871,"bias-dominated","mc",-0.162137378740419,0.199985139556713,0.117129183828833,0.238,0.0879290592138029
"cfg4_psi-0.01_mu-0.3_sps0.1","sps0.1_K25_exV0",0.1,0.1,25,0,-0.01,-0.3,0.967741935483871,"bias-dominated","mcmc",-0.167883856417886,0.200309458880495,0.109319901720444,0.46,0.209334041383686
"cfg4_psi-0.01_mu-0.25_sps0.1","sps0.1_K25_exV0",0.1,0.1,25,0,-0.01,-0.25,0.961538461538462,"bias-dominated","mc",-0.185220848084456,0.225905411422242,0.129395655183269,0.222,0.0963341530427992
"cfg4_psi-0.01_mu-0.25_sps0.1","sps0.1_K25_exV0",0.1,0.1,25,0,-0.01,-0.25,0.961538461538462,"bias-dominated","mcmc",-0.190747943095659,0.225670123802563,0.120651497154428,0.444,0.232726411882155
"cfg4_psi-0.01_mu-0.2_sps0.1","sps0.1_K25_exV0",0.1,0.1,25,0,-0.01,-0.2,0.952380952380952,"bias-dominated","mc",-0.211701705845144,0.257810306983285,0.147208058004352,0.235,0.110676219266579
"cfg4_psi-0.01_mu-0.2_sps0.1","sps0.1_K25_exV0",0.1,0.1,25,0,-0.01,-0.2,0.952380952380952,"bias-dominated","mcmc",-0.219980091998046,0.258562466840804,0.135947747953052,0.453,0.268680041818016
"cfg4_psi-0.01_mu-0.15_sps0.1","sps0.1_K25_exV0",0.1,0.1,25,0,-0.01,-0.15,0.9375,"bias-dominated","mc",-0.257061465519415,0.304041439811409,0.162440718585766,0.223,0.126123185938038
"cfg4_psi-0.01_mu-0.15_sps0.1","sps0.1_K25_exV0",0.1,0.1,25,0,-0.01,-0.15,0.9375,"bias-dominated","mcmc",-0.265838777376747,0.304244926598996,0.148042684522084,0.409,0.307510518670541
"cfg4_psi-0.01_mu-0.1_sps0.1","sps0.1_K25_exV0",0.1,0.1,25,0,-0.01,-0.1,0.909090909090909,"bias-dominated","mc",-0.295679652501264,0.348440465894324,0.184440558687817,0.228,0.169891029248231
"cfg4_psi-0.01_mu-0.1_sps0.1","sps0.1_K25_exV0",0.1,0.1,25,0,-0.01,-0.1,0.909090909090909,"bias-dominated","mcmc",-0.309967210778021,0.350006954418936,0.162639626266619,0.454,0.417303111977225
"cfg4_psi-0.01_mu-0.05_sps0.1","sps0.1_K25_exV0",0.1,0.1,25,0,-0.01,-0.05,0.833333333333333,"bias-dominated","mc",-0.369967130572487,0.430051160609703,0.219354597574772,0.231,0.262490172143765
"cfg4_psi-0.01_mu-0.05_sps0.1","sps0.1_K25_exV0",0.1,0.1,25,0,-0.01,-0.05,0.833333333333333,"bias-dominated","mcmc",-0.387565035056455,0.427754527952622,0.181107923254408,0.431,0.605835434875043
"cfg5_psi-0.4_mu-0.4_sps0.06","sps0.06_K12_exV0.3",0.06,0.06,12,0.3,-0.4,-0.4,0.5,"mixed","mc",-0.059997202126148,0.0737973879299614,0.0429911437479874,0.463,0.119073931072377
"cfg5_psi-0.4_mu-0.4_sps0.06","sps0.06_K12_exV0.3",0.06,0.06,12,0.3,-0.4,-0.4,0.5,"mixed","mcmc",-0.0620670876412956,0.0739924362765932,0.0403011344668206,0.918,0.255276150975065
"cfg5_psi-0.4_mu-0.35_sps0.06","sps0.06_K12_exV0.3",0.06,0.06,12,0.3,-0.4,-0.35,0.466666666666667,"mixed","mc",-0.0656293905758408,0.0766299338612953,0.0395789887766578,0.426,0.125566121507176
"cfg5_psi-0.4_mu-0.35_sps0.06","sps0.06_K12_exV0.3",0.06,0.06,12,0.3,-0.4,-0.35,0.466666666666667,"mixed","mcmc",-0.0674355120676,0.0770125738756669,0.037212538480407,0.929,0.270468648543888
"cfg5_psi-0.4_mu-0.3_sps0.06","sps0.06_K12_exV0.3",0.06,0.06,12,0.3,-0.4,-0.3,0.428571428571428,"mixed","mc",-0.0661033998716,0.0784339212230279,0.0422374777699126,0.465,0.13470964568328
"cfg5_psi-0.4_mu-0.3_sps0.06","sps0.06_K12_exV0.3",0.06,0.06,12,0.3,-0.4,-0.3,0.428571428571428,"mixed","mcmc",-0.068469090188346,0.0784826554671492,0.0383794721412009,0.959,0.292150269670963
"cfg5_psi-0.4_mu-0.25_sps0.06","sps0.06_K12_exV0.3",0.06,0.06,12,0.3,-0.4,-0.25,0.384615384615385,"mixed","mc",-0.0744193998305686,0.0850441079771223,0.0411819035458789,0.445,0.148323425521674
"cfg5_psi-0.4_mu-0.25_sps0.06","sps0.06_K12_exV0.3",0.06,0.06,12,0.3,-0.4,-0.25,0.384615384615385,"mixed","mcmc",-0.0754404945704278,0.0844962511316691,0.0380762134712427,0.954,0.31589659294122
"cfg5_psi-0.4_mu-0.2_sps0.06","sps0.06_K12_exV0.3",0.06,0.06,12,0.3,-0.4,-0.2,0.333333333333333,"mixed","mc",-0.0786556579442118,0.0885183891761998,0.0406256463191809,0.45,0.159062520678513
"cfg5_psi-0.4_mu-0.2_sps0.06","sps0.06_K12_exV0.3",0.06,0.06,12,0.3,-0.4,-0.2,0.333333333333333,"mixed","mcmc",-0.0809226164344984,0.0886033676171528,0.0361024970436693,0.973,0.340707740920432
"cfg5_psi-0.4_mu-0.15_sps0.06","sps0.06_K12_exV0.3",0.06,0.06,12,0.3,-0.4,-0.15,0.272727272727273,"effect-dominated","mc",-0.0857155624940241,0.0951666667636285,0.0413672341024857,0.495,0.173967988740616
"cfg5_psi-0.4_mu-0.15_sps0.06","sps0.06_K12_exV0.3",0.06,0.06,12,0.3,-0.4,-0.15,0.272727272727273,"effect-dominated","mcmc",-0.0876996418751111,0.0948360487215515,0.0361102880769282,0.977,0.346235239067937
"cfg5_psi-0.4_mu-0.1_sps0.06","sps0.06_K12_exV0.3",0.06,0.06,12,0.3,-0.4,-0.1,0.2,"effect-dominated","mc",-0.0969578681192917,0.104794921870903,0.0397835416960404,0.44,0.171169169356186
"cfg5_psi-0.4_mu-0.1_sps0.06","sps0.06_K12_exV0.3",0.06,0.06,12,0.3,-0.4,-0.1,0.2,"effect-dominated","mcmc",-0.0916982336957911,0.0958887014330009,0.0280510938011822,0.993,0.300419612278344
"cfg5_psi-0.4_mu-0.05_sps0.06","sps0.06_K12_exV0.3",0.06,0.06,12,0.3,-0.4,-0.05,0.111111111111111,"effect-dominated","mc",-0.0804211791056828,0.0837686800423275,0.0234558283411329,0.668,0.121815399724349
"cfg5_psi-0.4_mu-0.05_sps0.06","sps0.06_K12_exV0.3",0.06,0.06,12,0.3,-0.4,-0.05,0.111111111111111,"effect-dominated","mcmc",-0.0375397015604231,0.0395355256158576,0.0124089715549499,1,0.230612112904281
"cfg5_psi-0.36_mu-0.4_sps0.06","sps0.06_K12_exV0.3",0.06,0.06,12,0.3,-0.36,-0.4,0.526315789473684,"bias-dominated","mc",-0.0622198762419006,0.0769144502084737,0.0452389900144984,0.476,0.126523343807845
"cfg5_psi-0.36_mu-0.4_sps0.06","sps0.06_K12_exV0.3",0.06,0.06,12,0.3,-0.36,-0.4,0.526315789473684,"bias-dominated","mcmc",-0.0642087375166237,0.0773412512838297,0.0431366195316047,0.913,0.268724489696268
"cfg5_psi-0.36_mu-0.35_sps0.06","sps0.06_K12_exV0.3",0.06,0.06,12,0.3,-0.36,-0.35,0.492957746478873,"mixed","mc",-0.067918808513404,0.0807302965989136,0.0436614539568913,0.446,0.133225981490294
"cfg5_psi-0.36_mu-0.35_sps0.06","sps0.06_K12_exV0.3",0.06,0.06,12,0.3,-0.36,-0.35,0.492957746478873,"mixed","mcmc",-0.0697959928975099,0.0809071726500841,0.0409410078992819,0.929,0.286696151080366
"cfg5_psi-0.36_mu-0.3_sps0.06","sps0.06_K12_exV0.3",0.06,0.06,12,0.3,-0.36,-0.3,0.454545454545455,"mixed","mc",-0.0699802839391006,0.0834288646560376,0.0454444773115106,0.466,0.143893985976813
"cfg5_psi-0.36_mu-0.3_sps0.06","sps0.06_K12_exV0.3",0.06,0.06,12,0.3,-0.36,-0.3,0.454545454545455,"mixed","mcmc",-0.07232987441411,0.0833902369117116,0.0415216199630364,0.959,0.310625856705167
"cfg5_psi-0.36_mu-0.25_sps0.06","sps0.06_K12_exV0.3",0.06,0.06,12,0.3,-0.36,-0.25,0.40983606557377,"mixed","mc",-0.0780738396126506,0.0901454138205723,0.045085517685009,0.453,0.156780924995724
"cfg5_psi-0.36_mu-0.25_sps0.06","sps0.06_K12_exV0.3",0.06,0.06,12,0.3,-0.36,-0.25,0.40983606557377,"mixed","mcmc",-0.0798267932235886,0.0902352660613008,0.0420934458434463,0.951,0.336349252231944
"cfg5_psi-0.36_mu-0.2_sps0.06","sps0.06_K12_exV0.3",0.06,0.06,12,0.3,-0.36,-0.2,0.357142857142857,"mixed","mc",-0.0851812123283491,0.095954563979801,0.044197203617809,0.446,0.168926076418543
"cfg5_psi-0.36_mu-0.2_sps0.06","sps0.06_K12_exV0.3",0.06,0.06,12,0.3,-0.36,-0.2,0.357142857142857,"mixed","mcmc",-0.0865509057111135,0.0953331304606913,0.0399868156953086,0.973,0.365471731803509
"cfg5_psi-0.36_mu-0.15_sps0.06","sps0.06_K12_exV0.3",0.06,0.06,12,0.3,-0.36,-0.15,0.294117647058824,"effect-dominated","mc",-0.0940070728072372,0.103889329268333,0.0442450067087536,0.471,0.189466118211439
"cfg5_psi-0.36_mu-0.15_sps0.06","sps0.06_K12_exV0.3",0.06,0.06,12,0.3,-0.36,-0.15,0.294117647058824,"effect-dominated","mcmc",-0.0954740891596562,0.103082333075891,0.0388867312765215,0.978,0.373895108420318
"cfg5_psi-0.36_mu-0.1_sps0.06","sps0.06_K12_exV0.3",0.06,0.06,12,0.3,-0.36,-0.1,0.217391304347826,"effect-dominated","mc",-0.103922513641295,0.113288091971509,0.0451258161178297,0.45,0.189135112892376
"cfg5_psi-0.36_mu-0.1_sps0.06","sps0.06_K12_exV0.3",0.06,0.06,12,0.3,-0.36,-0.1,0.217391304347826,"effect-dominated","mcmc",-0.0985360577815787,0.103764438500592,0.0325386351432511,0.989,0.329267715638736
"cfg5_psi-0.36_mu-0.05_sps0.06","sps0.06_K12_exV0.3",0.06,0.06,12,0.3,-0.36,-0.05,0.121951219512195,"effect-dominated","mc",-0.0884757171677426,0.0920368682635748,0.0253668300638395,0.624,0.132177353148537
"cfg5_psi-0.36_mu-0.05_sps0.06","sps0.06_K12_exV0.3",0.06,0.06,12,0.3,-0.36,-0.05,0.121951219512195,"effect-dominated","mcmc",-0.0418097413583648,0.0441506187102764,0.0141923952922323,1,0.253182463369034
"cfg5_psi-0.31_mu-0.4_sps0.06","sps0.06_K12_exV0.3",0.06,0.06,12,0.3,-0.31,-0.4,0.563380281690141,"bias-dominated","mc",-0.0655906497935719,0.0826681024139128,0.0503429859325686,0.46,0.136167549467607
"cfg5_psi-0.31_mu-0.4_sps0.06","sps0.06_K12_exV0.3",0.06,0.06,12,0.3,-0.31,-0.4,0.563380281690141,"bias-dominated","mcmc",-0.0675604463298483,0.0832015233590561,0.0485843598393582,0.903,0.288171518403995
"cfg5_psi-0.31_mu-0.35_sps0.06","sps0.06_K12_exV0.3",0.06,0.06,12,0.3,-0.31,-0.35,0.53030303030303,"bias-dominated","mc",-0.0719269205394398,0.0882568014124089,0.0511702989707824,0.461,0.143917547124749
"cfg5_psi-0.31_mu-0.35_sps0.06","sps0.06_K12_exV0.3",0.06,0.06,12,0.3,-0.31,-0.35,0.53030303030303,"bias-dominated","mcmc",-0.0740388551210513,0.088585111451788,0.0486614615597478,0.911,0.307958100065568
"cfg5_psi-0.31_mu-0.3_sps0.06","sps0.06_K12_exV0.3",0.06,0.06,12,0.3,-0.31,-0.3,0.491803278688525,"mixed","mc",-0.0756417828276173,0.0913288570560503,0.0512045185950283,0.456,0.15647676195682
"cfg5_psi-0.31_mu-0.3_sps0.06","sps0.06_K12_exV0.3",0.06,0.06,12,0.3,-0.31,-0.3,0.491803278688525,"mixed","mcmc",-0.0780501624599247,0.0912887398826305,0.0473714071941871,0.949,0.335828903256449
"cfg5_psi-0.31_mu-0.25_sps0.06","sps0.06_K12_exV0.3",0.06,0.06,12,0.3,-0.31,-0.25,0.446428571428571,"mixed","mc",-0.0842213995435066,0.0980977503364313,0.0503235227000136,0.466,0.170844494288824
"cfg5_psi-0.31_mu-0.25_sps0.06","sps0.06_K12_exV0.3",0.06,0.06,12,0.3,-0.31,-0.25,0.446428571428571,"mixed","mcmc",-0.0868128016563356,0.0990865105321928,0.0477907731264111,0.934,0.367064465667335
"cfg5_psi-0.31_mu-0.2_sps0.06","sps0.06_K12_exV0.3",0.06,0.06,12,0.3,-0.31,-0.2,0.392156862745098,"mixed","mc",-0.0922693453166465,0.106153783799432,0.0525142978745347,0.459,0.188044818636881
"cfg5_psi-0.31_mu-0.2_sps0.06","sps0.06_K12_exV0.3",0.06,0.06,12,0.3,-0.31,-0.2,0.392156862745098,"mixed","mcmc",-0.0942154933610768,0.105903198365299,0.0483866665955929,0.967,0.402551815077704
"cfg5_psi-0.31_mu-0.15_sps0.06","sps0.06_K12_exV0.3",0.06,0.06,12,0.3,-0.31,-0.15,0.326086956521739,"effect-dominated","mc",-0.102637787149609,0.114601276996894,0.0510052828364637,0.471,0.210189255785774
"cfg5_psi-0.31_mu-0.15_sps0.06","sps0.06_K12_exV0.3",0.06,0.06,12,0.3,-0.31,-0.15,0.326086956521739,"effect-dominated","mcmc",-0.104248403245162,0.11339804793014,0.0446472964050086,0.979,0.417625637455757
"cfg5_psi-0.31_mu-0.1_sps0.06","sps0.06_K12_exV0.3",0.06,0.06,12,0.3,-0.31,-0.1,0.24390243902439,"effect-dominated","mc",-0.116686050609217,0.127267088631797,0.0508316958534748,0.452,0.212366452783055
"cfg5_psi-0.31_mu-0.1_sps0.06","sps0.06_K12_exV0.3",0.06,0.06,12,0.3,-0.31,-0.1,0.24390243902439,"effect-dominated","mcmc",-0.111313851933728,0.11704596176424,0.0361979809771049,0.987,0.369658657528154
"cfg5_psi-0.31_mu-0.05_sps0.06","sps0.06_K12_exV0.3",0.06,0.06,12,0.3,-0.31,-0.05,0.138888888888889,"effect-dominated","mc",-0.0993764209295556,0.103892488919403,0.0303132827686507,0.595,0.150069956231724
"cfg5_psi-0.31_mu-0.05_sps0.06","sps0.06_K12_exV0.3",0.06,0.06,12,0.3,-0.31,-0.05,0.138888888888889,"effect-dominated","mcmc",-0.0473876500647621,0.0505888251381076,0.0177187416031069,1,0.289309589722534
"cfg5_psi-0.27_mu-0.4_sps0.06","sps0.06_K12_exV0.3",0.06,0.06,12,0.3,-0.27,-0.4,0.597014925373134,"bias-dominated","mc",-0.0685050389101404,0.0888413408558969,0.0565954639130146,0.456,0.143430457314794
"cfg5_psi-0.27_mu-0.4_sps0.06","sps0.06_K12_exV0.3",0.06,0.06,12,0.3,-0.27,-0.4,0.597014925373134,"bias-dominated","mcmc",-0.070987288152027,0.0895940005725867,0.0546889453195242,0.894,0.306696196322585
"cfg5_psi-0.27_mu-0.35_sps0.06","sps0.06_K12_exV0.3",0.06,0.06,12,0.3,-0.27,-0.35,0.564516129032258,"bias-dominated","mc",-0.0747353692584554,0.0939377223949086,0.0569399897521787,0.46,0.153714875013489
"cfg5_psi-0.27_mu-0.35_sps0.06","sps0.06_K12_exV0.3",0.06,0.06,12,0.3,-0.27,-0.35,0.564516129032258,"bias-dominated","mcmc",-0.0771092528894255,0.0942316732632452,0.0541914022045797,0.906,0.329356466647877
"cfg5_psi-0.27_mu-0.3_sps0.06","sps0.06_K12_exV0.3",0.06,0.06,12,0.3,-0.27,-0.3,0.526315789473684,"bias-dominated","mc",-0.0811545490267589,0.0999715865601405,0.0584094937538036,0.451,0.168041177487307
"cfg5_psi-0.27_mu-0.3_sps0.06","sps0.06_K12_exV0.3",0.06,0.06,12,0.3,-0.27,-0.3,0.526315789473684,"bias-dominated","mcmc",-0.083768000327543,0.0997519405404039,0.0541877114369283,0.929,0.359446523285934
"cfg5_psi-0.27_mu-0.25_sps0.06","sps0.06_K12_exV0.3",0.06,0.06,12,0.3,-0.27,-0.25,0.480769230769231,"mixed","mc",-0.0904009911165602,0.107242309334737,0.0577226612537337,0.456,0.183632670684463
"cfg5_psi-0.27_mu-0.25_sps0.06","sps0.06_K12_exV0.3",0.06,0.06,12,0.3,-0.27,-0.25,0.480769230769231,"mixed","mcmc",-0.0925552224807686,0.107577926683943,0.0548593715950442,0.929,0.395737509685344
"cfg5_psi-0.27_mu-0.2_sps0.06","sps0.06_K12_exV0.3",0.06,0.06,12,0.3,-0.27,-0.2,0.425531914893617,"mixed","mc",-0.100139525759037,0.117636633020519,0.0617597528835378,0.454,0.207356952444315
"cfg5_psi-0.27_mu-0.2_sps0.06","sps0.06_K12_exV0.3",0.06,0.06,12,0.3,-0.27,-0.2,0.425531914893617,"mixed","mcmc",-0.102580485454201,0.11721988483042,0.056753558214506,0.95,0.438136106978314
"cfg5_psi-0.27_mu-0.15_sps0.06","sps0.06_K12_exV0.3",0.06,0.06,12,0.3,-0.27,-0.15,0.357142857142857,"mixed","mc",-0.110077339168668,0.124845845407086,0.0589316337327457,0.481,0.230376036470321
"cfg5_psi-0.27_mu-0.15_sps0.06","sps0.06_K12_exV0.3",0.06,0.06,12,0.3,-0.27,-0.15,0.357142857142857,"mixed","mcmc",-0.11282967177914,0.124529112635837,0.052723285224702,0.972,0.458680990918046
"cfg5_psi-0.27_mu-0.1_sps0.06","sps0.06_K12_exV0.3",0.06,0.06,12,0.3,-0.27,-0.1,0.27027027027027,"effect-dominated","mc",-0.130796439664788,0.142818208212885,0.0573813958765997,0.437,0.235659534644353
"cfg5_psi-0.27_mu-0.1_sps0.06","sps0.06_K12_exV0.3",0.06,0.06,12,0.3,-0.27,-0.1,0.27027027027027,"effect-dominated","mcmc",-0.124412238903438,0.131371033373844,0.0422104838362616,0.98,0.408534956539345
"cfg5_psi-0.27_mu-0.05_sps0.06","sps0.06_K12_exV0.3",0.06,0.06,12,0.3,-0.27,-0.05,0.15625,"effect-dominated","mc",-0.11187668957435,0.117082527913857,0.0345415371744499,0.567,0.168387241481742
"cfg5_psi-0.27_mu-0.05_sps0.06","sps0.06_K12_exV0.3",0.06,0.06,12,0.3,-0.27,-0.05,0.15625,"effect-dominated","mcmc",-0.0544436946294519,0.0587666162055346,0.0221334404132777,1,0.326544397971139
"cfg5_psi-0.23_mu-0.4_sps0.06","sps0.06_K12_exV0.3",0.06,0.06,12,0.3,-0.23,-0.4,0.634920634920635,"bias-dominated","mc",-0.0718597105630683,0.096049997464302,0.063764016973094,0.468,0.151510210601631
"cfg5_psi-0.23_mu-0.4_sps0.06","sps0.06_K12_exV0.3",0.06,0.06,12,0.3,-0.23,-0.4,0.634920634920635,"bias-dominated","mcmc",-0.0749274704266914,0.0967188008204407,0.0611894169963542,0.877,0.326109006397511
"cfg5_psi-0.23_mu-0.35_sps0.06","sps0.06_K12_exV0.3",0.06,0.06,12,0.3,-0.23,-0.35,0.603448275862069,"bias-dominated","mc",-0.0788533153793302,0.100089400698382,0.0616753324472732,0.462,0.166126196625492
"cfg5_psi-0.23_mu-0.35_sps0.06","sps0.06_K12_exV0.3",0.06,0.06,12,0.3,-0.23,-0.35,0.603448275862069,"bias-dominated","mcmc",-0.081872711307585,0.101086493735606,0.0593199563057796,0.894,0.353958580595752
"cfg5_psi-0.23_mu-0.3_sps0.06","sps0.06_K12_exV0.3",0.06,0.06,12,0.3,-0.23,-0.3,0.566037735849057,"bias-dominated","mc",-0.087350389558547,0.111078432246753,0.0686515884372797,0.435,0.18034802319872
"cfg5_psi-0.23_mu-0.3_sps0.06","sps0.06_K12_exV0.3",0.06,0.06,12,0.3,-0.23,-0.3,0.566037735849057,"bias-dominated","mcmc",-0.0903311317173167,0.11117295620276,0.064837618326708,0.905,0.38628849808121
"cfg5_psi-0.23_mu-0.25_sps0.06","sps0.06_K12_exV0.3",0.06,0.06,12,0.3,-0.23,-0.25,0.520833333333333,"bias-dominated","mc",-0.099221832829043,0.119048528121359,0.065817261032021,0.436,0.198093102200026
"cfg5_psi-0.23_mu-0.25_sps0.06","sps0.06_K12_exV0.3",0.06,0.06,12,0.3,-0.23,-0.25,0.520833333333333,"bias-dominated","mcmc",-0.100362285529084,0.117713736044468,0.0615444800119817,0.929,0.428450836536546
"cfg5_psi-0.23_mu-0.2_sps0.06","sps0.06_K12_exV0.3",0.06,0.06,12,0.3,-0.23,-0.2,0.465116279069767,"mixed","mc",-0.109054688423085,0.129150303919951,0.0692218722887687,0.439,0.228418984089445
"cfg5_psi-0.23_mu-0.2_sps0.06","sps0.06_K12_exV0.3",0.06,0.06,12,0.3,-0.23,-0.2,0.465116279069767,"mixed","mcmc",-0.111794435182945,0.128814524826367,0.0640256616812559,0.94,0.478360023222724
"cfg5_psi-0.23_mu-0.15_sps0.06","sps0.06_K12_exV0.3",0.06,0.06,12,0.3,-0.23,-0.15,0.394736842105263,"mixed","mc",-0.120378656561942,0.140064626243789,0.0716394498857609,0.457,0.254358314013451
"cfg5_psi-0.23_mu-0.15_sps0.06","sps0.06_K12_exV0.3",0.06,0.06,12,0.3,-0.23,-0.15,0.394736842105263,"mixed","mcmc",-0.124270263143625,0.140274334232108,0.0651001426346093,0.955,0.507396484903166
"cfg5_psi-0.23_mu-0.1_sps0.06","sps0.06_K12_exV0.3",0.06,0.06,12,0.3,-0.23,-0.1,0.303030303030303,"effect-dominated","mc",-0.144396070974642,0.158468319056191,0.0653165299190149,0.44,0.266806345634341
"cfg5_psi-0.23_mu-0.1_sps0.06","sps0.06_K12_exV0.3",0.06,0.06,12,0.3,-0.23,-0.1,0.303030303030303,"effect-dominated","mcmc",-0.13943540219709,0.147861641723554,0.04922658798134,0.982,0.461527253519056
"cfg5_psi-0.23_mu-0.05_sps0.06","sps0.06_K12_exV0.3",0.06,0.06,12,0.3,-0.23,-0.05,0.178571428571429,"effect-dominated","mc",-0.127401959453594,0.133035427812761,0.038322766277033,0.539,0.192541244404044
"cfg5_psi-0.23_mu-0.05_sps0.06","sps0.06_K12_exV0.3",0.06,0.06,12,0.3,-0.23,-0.05,0.178571428571429,"effect-dominated","mcmc",-0.0635358487655523,0.0691247810572308,0.0272428605565249,1,0.376760531940477
"cfg5_psi-0.18_mu-0.4_sps0.06","sps0.06_K12_exV0.3",0.06,0.06,12,0.3,-0.18,-0.4,0.689655172413793,"bias-dominated","mc",-0.0752864348990011,0.106613503935948,0.0755254661537199,0.469,0.165850807654781
"cfg5_psi-0.18_mu-0.4_sps0.06","sps0.06_K12_exV0.3",0.06,0.06,12,0.3,-0.18,-0.4,0.689655172413793,"bias-dominated","mcmc",-0.0785774396949494,0.106682336208151,0.0721936198605119,0.864,0.353216945016078
"cfg5_psi-0.18_mu-0.35_sps0.06","sps0.06_K12_exV0.3",0.06,0.06,12,0.3,-0.18,-0.35,0.660377358490566,"bias-dominated","mc",-0.0829418721189144,0.111506472758142,0.0745647317140446,0.49,0.181547565390959
"cfg5_psi-0.18_mu-0.35_sps0.06","sps0.06_K12_exV0.3",0.06,0.06,12,0.3,-0.18,-0.35,0.660377358490566,"bias-dominated","mcmc",-0.0859972012655356,0.111450232207908,0.0709271901317933,0.875,0.387853012661304
"cfg5_psi-0.18_mu-0.3_sps0.06","sps0.06_K12_exV0.3",0.06,0.06,12,0.3,-0.18,-0.3,0.625,"bias-dominated","mc",-0.0981686095805206,0.126578000107277,0.0799456409674394,0.429,0.199710377179106
"cfg5_psi-0.18_mu-0.3_sps0.06","sps0.06_K12_exV0.3",0.06,0.06,12,0.3,-0.18,-0.3,0.625,"bias-dominated","mcmc",-0.101875670335836,0.127166025382139,0.0761468590899462,0.878,0.424791786882896
"cfg5_psi-0.18_mu-0.25_sps0.06","sps0.06_K12_exV0.3",0.06,0.06,12,0.3,-0.18,-0.25,0.581395348837209,"bias-dominated","mc",-0.107961911534772,0.137233013263793,0.0847603085005914,0.432,0.220636486856917
"cfg5_psi-0.18_mu-0.25_sps0.06","sps0.06_K12_exV0.3",0.06,0.06,12,0.3,-0.18,-0.25,0.581395348837209,"bias-dominated","mcmc",-0.11013085423319,0.136345055700083,0.0804216189623366,0.888,0.475848960630525
"cfg5_psi-0.18_mu-0.2_sps0.06","sps0.06_K12_exV0.3",0.06,0.06,12,0.3,-0.18,-0.2,0.526315789473684,"bias-dominated","mc",-0.11588401496687,0.145728058211114,0.088404623196655,0.473,0.260000351939098
"cfg5_psi-0.18_mu-0.2_sps0.06","sps0.06_K12_exV0.3",0.06,0.06,12,0.3,-0.18,-0.2,0.526315789473684,"bias-dominated","mcmc",-0.119960408349343,0.145506034721941,0.0823911091321494,0.928,0.543497771897135
"cfg5_psi-0.18_mu-0.15_sps0.06","sps0.06_K12_exV0.3",0.06,0.06,12,0.3,-0.18,-0.15,0.454545454545455,"mixed","mc",-0.139063751813907,0.16485526095179,0.0885797740530767,0.444,0.29542174487112
"cfg5_psi-0.18_mu-0.15_sps0.06","sps0.06_K12_exV0.3",0.06,0.06,12,0.3,-0.18,-0.15,0.454545454545455,"mixed","mcmc",-0.143140055215765,0.164731314678235,0.0815719597230607,0.928,0.581089220527012
"cfg5_psi-0.18_mu-0.1_sps0.06","sps0.06_K12_exV0.3",0.06,0.06,12,0.3,-0.18,-0.1,0.357142857142857,"mixed","mc",-0.164676741998636,0.184758476712296,0.0838110353796812,0.46,0.319663027392121
"cfg5_psi-0.18_mu-0.1_sps0.06","sps0.06_K12_exV0.3",0.06,0.06,12,0.3,-0.18,-0.1,0.357142857142857,"mixed","mcmc",-0.160911347548385,0.173891149685395,0.0659546828455777,0.97,0.550910588045226
"cfg5_psi-0.18_mu-0.05_sps0.06","sps0.06_K12_exV0.3",0.06,0.06,12,0.3,-0.18,-0.05,0.217391304347826,"effect-dominated","mc",-0.153519705661175,0.161631874405649,0.0505877645237389,0.523,0.234651325763183
"cfg5_psi-0.18_mu-0.05_sps0.06","sps0.06_K12_exV0.3",0.06,0.06,12,0.3,-0.18,-0.05,0.217391304347826,"effect-dominated","mcmc",-0.0798499842547312,0.0884225820890607,0.0379996975623583,1,0.461995774927705
"cfg5_psi-0.14_mu-0.4_sps0.06","sps0.06_K12_exV0.3",0.06,0.06,12,0.3,-0.14,-0.4,0.740740740740741,"bias-dominated","mc",-0.081812818086026,0.117245284330757,0.0840248753304464,0.452,0.177414307565495
"cfg5_psi-0.14_mu-0.4_sps0.06","sps0.06_K12_exV0.3",0.06,0.06,12,0.3,-0.14,-0.4,0.740740740740741,"bias-dominated","mcmc",-0.0850455393611482,0.116707133880507,0.0799637764172813,0.848,0.372699771622347
"cfg5_psi-0.14_mu-0.35_sps0.06","sps0.06_K12_exV0.3",0.06,0.06,12,0.3,-0.14,-0.35,0.714285714285714,"bias-dominated","mc",-0.0899080941585033,0.126712592494139,0.0893341832540552,0.483,0.197523333732695
"cfg5_psi-0.14_mu-0.35_sps0.06","sps0.06_K12_exV0.3",0.06,0.06,12,0.3,-0.14,-0.35,0.714285714285714,"bias-dominated","mcmc",-0.0931130084487247,0.125835117367615,0.0846853944702725,0.847,0.413917721116074
"cfg5_psi-0.14_mu-0.3_sps0.06","sps0.06_K12_exV0.3",0.06,0.06,12,0.3,-0.14,-0.3,0.681818181818182,"bias-dominated","mc",-0.103448895986101,0.138823168261698,0.092621686133512,0.443,0.216397068661599
"cfg5_psi-0.14_mu-0.3_sps0.06","sps0.06_K12_exV0.3",0.06,0.06,12,0.3,-0.14,-0.3,0.681818181818182,"bias-dominated","mcmc",-0.108008234396011,0.13948232741773,0.0883025384846094,0.87,0.458268614744811
"cfg5_psi-0.14_mu-0.25_sps0.06","sps0.06_K12_exV0.3",0.06,0.06,12,0.3,-0.14,-0.25,0.641025641025641,"bias-dominated","mc",-0.11054729413011,0.151949485745998,0.104301585797072,0.458,0.244728161929305
"cfg5_psi-0.14_mu-0.25_sps0.06","sps0.06_K12_exV0.3",0.06,0.06,12,0.3,-0.14,-0.25,0.641025641025641,"bias-dominated","mcmc",-0.114802947131843,0.150471741163517,0.0973216302696472,0.875,0.52027036385986
"cfg5_psi-0.14_mu-0.2_sps0.06","sps0.06_K12_exV0.3",0.06,0.06,12,0.3,-0.14,-0.2,0.588235294117647,"bias-dominated","mc",-0.1256958839827,0.168789294816092,0.112707913955451,0.457,0.289804435891156
"cfg5_psi-0.14_mu-0.2_sps0.06","sps0.06_K12_exV0.3",0.06,0.06,12,0.3,-0.14,-0.2,0.588235294117647,"bias-dominated","mcmc",-0.130242704653607,0.166746708285406,0.104173675961323,0.9,0.599766750271892
"cfg5_psi-0.14_mu-0.15_sps0.06","sps0.06_K12_exV0.3",0.06,0.06,12,0.3,-0.14,-0.15,0.517241379310345,"bias-dominated","mc",-0.154768210567859,0.19116955592844,0.112272905532976,0.456,0.340607825598669
"cfg5_psi-0.14_mu-0.15_sps0.06","sps0.06_K12_exV0.3",0.06,0.06,12,0.3,-0.14,-0.15,0.517241379310345,"bias-dominated","mcmc",-0.158024956467668,0.189231353157623,0.104151167141197,0.912,0.659725158807277
"cfg5_psi-0.14_mu-0.1_sps0.06","sps0.06_K12_exV0.3",0.06,0.06,12,0.3,-0.14,-0.1,0.416666666666667,"mixed","mc",-0.183115429823193,0.215141372016427,0.112992551216478,0.461,0.375950664117555
"cfg5_psi-0.14_mu-0.1_sps0.06","sps0.06_K12_exV0.3",0.06,0.06,12,0.3,-0.14,-0.1,0.416666666666667,"mixed","mcmc",-0.181144167184806,0.203344882318762,0.0924363366674095,0.949,0.636028937609689
"cfg5_psi-0.14_mu-0.05_sps0.06","sps0.06_K12_exV0.3",0.06,0.06,12,0.3,-0.14,-0.05,0.263157894736842,"effect-dominated","mc",-0.182457872363077,0.196518597251465,0.0730343610660002,0.482,0.286735009815645
"cfg5_psi-0.14_mu-0.05_sps0.06","sps0.06_K12_exV0.3",0.06,0.06,12,0.3,-0.14,-0.05,0.263157894736842,"effect-dominated","mcmc",-0.0985041731390385,0.111970063646603,0.0532640599964546,0.988,0.556222672380913
"cfg5_psi-0.1_mu-0.4_sps0.06","sps0.06_K12_exV0.3",0.06,0.06,12,0.3,-0.1,-0.4,0.8,"bias-dominated","mc",-0.0869632986800971,0.128093453737306,0.0940966085721072,0.462,0.190295170752263
"cfg5_psi-0.1_mu-0.4_sps0.06","sps0.06_K12_exV0.3",0.06,0.06,12,0.3,-0.1,-0.4,0.8,"bias-dominated","mcmc",-0.0911364275154227,0.126413093992658,0.0876476127258421,0.842,0.386775859605604
"cfg5_psi-0.1_mu-0.35_sps0.06","sps0.06_K12_exV0.3",0.06,0.06,12,0.3,-0.1,-0.35,0.777777777777778,"bias-dominated","mc",-0.0987804789431677,0.142872042285983,0.103273921924539,0.454,0.212280105595129
"cfg5_psi-0.1_mu-0.35_sps0.06","sps0.06_K12_exV0.3",0.06,0.06,12,0.3,-0.1,-0.35,0.777777777777778,"bias-dominated","mcmc",-0.103552452541794,0.140933795672018,0.0956471259777801,0.84,0.432854767985417
"cfg5_psi-0.1_mu-0.3_sps0.06","sps0.06_K12_exV0.3",0.06,0.06,12,0.3,-0.1,-0.3,0.75,"bias-dominated","mc",-0.113125363704474,0.157722842679723,0.109960167461364,0.432,0.234106820111006
"cfg5_psi-0.1_mu-0.3_sps0.06","sps0.06_K12_exV0.3",0.06,0.06,12,0.3,-0.1,-0.3,0.75,"bias-dominated","mcmc",-0.11953592764681,0.156697799380889,0.101368821490635,0.842,0.486200728348051
"cfg5_psi-0.1_mu-0.25_sps0.06","sps0.06_K12_exV0.3",0.06,0.06,12,0.3,-0.1,-0.25,0.714285714285714,"bias-dominated","mc",-0.121736917717047,0.171907598066386,0.121437606324964,0.446,0.270648150987069
"cfg5_psi-0.1_mu-0.25_sps0.06","sps0.06_K12_exV0.3",0.06,0.06,12,0.3,-0.1,-0.25,0.714285714285714,"bias-dominated","mcmc",-0.128605729707899,0.169868578128484,0.111032555361217,0.868,0.556333187950119
"cfg5_psi-0.1_mu-0.2_sps0.06","sps0.06_K12_exV0.3",0.06,0.06,12,0.3,-0.1,-0.2,0.666666666666667,"bias-dominated","mc",-0.143398004708661,0.192340813707088,0.128251508031648,0.456,0.323319401528084
"cfg5_psi-0.1_mu-0.2_sps0.06","sps0.06_K12_exV0.3",0.06,0.06,12,0.3,-0.1,-0.2,0.666666666666667,"bias-dominated","mcmc",-0.148534505268963,0.187373594637705,0.114277837466831,0.89,0.660624715469411
"cfg5_psi-0.1_mu-0.15_sps0.06","sps0.06_K12_exV0.3",0.06,0.06,12,0.3,-0.1,-0.15,0.6,"bias-dominated","mc",-0.176002877009616,0.228213148735256,0.145345635964387,0.451,0.389949188543458
"cfg5_psi-0.1_mu-0.15_sps0.06","sps0.06_K12_exV0.3",0.06,0.06,12,0.3,-0.1,-0.15,0.6,"bias-dominated","mcmc",-0.181272667895933,0.220877762536102,0.126266183144384,0.89,0.738716718660462
"cfg5_psi-0.1_mu-0.1_sps0.06","sps0.06_K12_exV0.3",0.06,0.06,12,0.3,-0.1,-0.1,0.5,"mixed","mc",-0.209278260707038,0.262802216814605,0.159037441081568,0.457,0.45179309777922
"cfg5_psi-0.1_mu-0.1_sps0.06","sps0.06_K12_exV0.3",0.06,0.06,12,0.3,-0.1,-0.1,0.5,"mixed","mcmc",-0.212209424796797,0.247428842616324,0.127296490848918,0.92,0.732547233496878
"cfg5_psi-0.1_mu-0.05_sps0.06","sps0.06_K12_exV0.3",0.06,0.06,12,0.3,-0.1,-0.05,0.333333333333333,"mixed","mc",-0.222135790346264,0.248906042281829,0.112350038107279,0.478,0.374438903181699
"cfg5_psi-0.1_mu-0.05_sps0.06","sps0.06_K12_exV0.3",0.06,0.06,12,0.3,-0.1,-0.05,0.333333333333333,"mixed","mcmc",-0.125670395925738,0.149929600369275,0.0818078797179256,0.974,0.664011231152886
"cfg5_psi-0.05_mu-0.4_sps0.06","sps0.06_K12_exV0.3",0.06,0.06,12,0.3,-0.05,-0.4,0.888888888888889,"bias-dominated","mc",-0.103760504588216,0.144459504520248,0.100560521838279,0.481,0.19946330381374
"cfg5_psi-0.05_mu-0.4_sps0.06","sps0.06_K12_exV0.3",0.06,0.06,12,0.3,-0.05,-0.4,0.888888888888889,"bias-dominated","mcmc",-0.112860043216082,0.143619617903505,0.0888656423732329,0.818,0.384943781088993
"cfg5_psi-0.05_mu-0.35_sps0.06","sps0.06_K12_exV0.3",0.06,0.06,12,0.3,-0.05,-0.35,0.875,"bias-dominated","mc",-0.113299285771222,0.158517116332084,0.110920021931279,0.467,0.219887543469403
"cfg5_psi-0.05_mu-0.35_sps0.06","sps0.06_K12_exV0.3",0.06,0.06,12,0.3,-0.05,-0.35,0.875,"bias-dominated","mcmc",-0.123402762241256,0.157347215030234,0.097670076240328,0.829,0.432971328769379
"cfg5_psi-0.05_mu-0.3_sps0.06","sps0.06_K12_exV0.3",0.06,0.06,12,0.3,-0.05,-0.3,0.857142857142857,"bias-dominated","mc",-0.132138365489993,0.181490157186536,0.124473383276792,0.452,0.25297582739698
"cfg5_psi-0.05_mu-0.3_sps0.06","sps0.06_K12_exV0.3",0.06,0.06,12,0.3,-0.05,-0.3,0.857142857142857,"bias-dominated","mcmc",-0.143611413929447,0.179833744480488,0.108294344765396,0.82,0.495271333581751
"cfg5_psi-0.05_mu-0.25_sps0.06","sps0.06_K12_exV0.3",0.06,0.06,12,0.3,-0.05,-0.25,0.833333333333333,"bias-dominated","mc",-0.148311979151599,0.202012179482326,0.137227215989188,0.462,0.295329989576566
"cfg5_psi-0.05_mu-0.25_sps0.06","sps0.06_K12_exV0.3",0.06,0.06,12,0.3,-0.05,-0.25,0.833333333333333,"bias-dominated","mcmc",-0.162465416073412,0.200419926730876,0.11741772665759,0.835,0.579014912791913
"cfg5_psi-0.05_mu-0.2_sps0.06","sps0.06_K12_exV0.3",0.06,0.06,12,0.3,-0.05,-0.2,0.8,"bias-dominated","mc",-0.177662982561514,0.234883776496413,0.153720144976304,0.464,0.361689018704502
"cfg5_psi-0.05_mu-0.2_sps0.06","sps0.06_K12_exV0.3",0.06,0.06,12,0.3,-0.05,-0.2,0.8,"bias-dominated","mcmc",-0.19083899518162,0.231192151568731,0.130565447960976,0.833,0.701972993631424
"cfg5_psi-0.05_mu-0.15_sps0.06","sps0.06_K12_exV0.3",0.06,0.06,12,0.3,-0.05,-0.15,0.75,"bias-dominated","mc",-0.22542133437925,0.28541366713396,0.175148109478198,0.446,0.456661495919706
"cfg5_psi-0.05_mu-0.15_sps0.06","sps0.06_K12_exV0.3",0.06,0.06,12,0.3,-0.05,-0.15,0.75,"bias-dominated","mcmc",-0.237930431653586,0.279184687407502,0.146131974358429,0.847,0.8148923045775
"cfg5_psi-0.05_mu-0.1_sps0.06","sps0.06_K12_exV0.3",0.06,0.06,12,0.3,-0.05,-0.1,0.666666666666667,"bias-dominated","mc",-0.28118926139162,0.354664518380715,0.216255141354887,0.451,0.555792360231176
"cfg5_psi-0.05_mu-0.1_sps0.06","sps0.06_K12_exV0.3",0.06,0.06,12,0.3,-0.05,-0.1,0.666666666666667,"bias-dominated","mcmc",-0.293357565448323,0.334674469451941,0.161165485172173,0.858,0.82179488204593
"cfg5_psi-0.05_mu-0.05_sps0.06","sps0.06_K12_exV0.3",0.06,0.06,12,0.3,-0.05,-0.05,0.5,"mixed","mc",-0.326054088009461,0.372345721497148,0.179895609840792,0.464,0.499352986892289
"cfg5_psi-0.05_mu-0.05_sps0.06","sps0.06_K12_exV0.3",0.06,0.06,12,0.3,-0.05,-0.05,0.5,"mixed","mcmc",-0.224190501098397,0.249931933703657,0.110529668006416,0.925,0.761628947677942
"cfg5_psi-0.01_mu-0.4_sps0.06","sps0.06_K12_exV0.3",0.06,0.06,12,0.3,-0.01,-0.4,0.975609756097561,"bias-dominated","mc",-0.136627148507836,0.166963598248627,0.0960160638396603,0.414,0.196280387105801
"cfg5_psi-0.01_mu-0.4_sps0.06","sps0.06_K12_exV0.3",0.06,0.06,12,0.3,-0.01,-0.4,0.975609756097561,"bias-dominated","mcmc",-0.151760606622216,0.171447495609036,0.0798080908155759,0.695,0.364437629258175
"cfg5_psi-0.01_mu-0.35_sps0.06","sps0.06_K12_exV0.3",0.06,0.06,12,0.3,-0.01,-0.35,0.972222222222222,"bias-dominated","mc",-0.14353106580982,0.177602396379205,0.104653699140915,0.438,0.214384619554849
"cfg5_psi-0.01_mu-0.35_sps0.06","sps0.06_K12_exV0.3",0.06,0.06,12,0.3,-0.01,-0.35,0.972222222222222,"bias-dominated","mcmc",-0.162965817623142,0.183420069589863,0.0842149414958057,0.748,0.40785756833446
"cfg5_psi-0.01_mu-0.3_sps0.06","sps0.06_K12_exV0.3",0.06,0.06,12,0.3,-0.01,-0.3,0.967741935483871,"bias-dominated","mc",-0.175741883315643,0.212555065271259,0.119619208223913,0.421,0.253858251072563
"cfg5_psi-0.01_mu-0.3_sps0.06","sps0.06_K12_exV0.3",0.06,0.06,12,0.3,-0.01,-0.3,0.967741935483871,"bias-dominated","mcmc",-0.194881119780405,0.218312313681795,0.0984444349112695,0.709,0.473643113608947
"cfg5_psi-0.01_mu-0.25_sps0.06","sps0.06_K12_exV0.3",0.06,0.06,12,0.3,-0.01,-0.25,0.961538461538462,"bias-dominated","mc",-0.199344910132411,0.241334895468672,0.136097983954254,0.431,0.294975977880973
"cfg5_psi-0.01_mu-0.25_sps0.06","sps0.06_K12_exV0.3",0.06,0.06,12,0.3,-0.01,-0.25,0.961538461538462,"bias-dominated","mcmc",-0.224813393761835,0.249057561488016,0.107238551960896,0.72,0.560823485566713
"cfg5_psi-0.01_mu-0.2_sps0.06","sps0.06_K12_exV0.3",0.06,0.06,12,0.3,-0.01,-0.2,0.952380952380952,"bias-dominated","mc",-0.239825576203404,0.28647705159991,0.156771717677477,0.443,0.368231126721554
"cfg5_psi-0.01_mu-0.2_sps0.06","sps0.06_K12_exV0.3",0.06,0.06,12,0.3,-0.01,-0.2,0.952380952380952,"bias-dominated","mcmc",-0.26910488759644,0.295382198948709,0.121852578874885,0.72,0.698312420654449
"cfg5_psi-0.01_mu-0.15_sps0.06","sps0.06_K12_exV0.3",0.06,0.06,12,0.3,-0.01,-0.15,0.9375,"bias-dominated","mc",-0.31966592052857,0.368626016984881,0.18366429218273,0.39,0.480931654969903
"cfg5_psi-0.01_mu-0.15_sps0.06","sps0.06_K12_exV0.3",0.06,0.06,12,0.3,-0.01,-0.15,0.9375,"bias-dominated","mcmc",-0.346955395568062,0.374002373449484,0.139711302621288,0.707,0.839344388481465
"cfg5_psi-0.01_mu-0.1_sps0.06","sps0.06_K12_exV0.3",0.06,0.06,12,0.3,-0.01,-0.1,0.909090909090909,"bias-dominated","mc",-0.441726885436785,0.495951732323951,0.225602251436681,0.353,0.614154247585677
"cfg5_psi-0.01_mu-0.1_sps0.06","sps0.06_K12_exV0.3",0.06,0.06,12,0.3,-0.01,-0.1,0.909090909090909,"bias-dominated","mcmc",-0.466601724963294,0.492926835887604,0.159012517684061,0.667,0.85096968129025
"cfg5_psi-0.01_mu-0.05_sps0.06","sps0.06_K12_exV0.3",0.06,0.06,12,0.3,-0.01,-0.05,0.833333333333333,"bias-dominated","mc",-0.602349085081045,0.637699063807704,0.209474473954436,0.359,0.59801080012459
"cfg5_psi-0.01_mu-0.05_sps0.06","sps0.06_K12_exV0.3",0.06,0.06,12,0.3,-0.01,-0.05,0.833333333333333,"bias-dominated","mcmc",-0.496314628476684,0.509128546197196,0.113563033930928,0.723,0.801096482509429
"cfg6_psi-0.4_mu-0.4_sps0.1","sps0.1_K12_exV0.3",0.1,0.1,12,0.3,-0.4,-0.4,0.5,"mixed","mc",-0.0550822035012034,0.0875444402461999,0.0680780029815978,0.413,0.12033091726573
"cfg6_psi-0.4_mu-0.4_sps0.1","sps0.1_K12_exV0.3",0.1,0.1,12,0.3,-0.4,-0.4,0.5,"mixed","mcmc",-0.0572257066204007,0.0871819329452122,0.0658045452231937,0.815,0.257959910732661
"cfg6_psi-0.4_mu-0.35_sps0.1","sps0.1_K12_exV0.3",0.1,0.1,12,0.3,-0.4,-0.35,0.466666666666667,"mixed","mc",-0.0616409748481362,0.0858289213282695,0.0597542008620849,0.421,0.126782182086195
"cfg6_psi-0.4_mu-0.35_sps0.1","sps0.1_K12_exV0.3",0.1,0.1,12,0.3,-0.4,-0.35,0.466666666666667,"mixed","mcmc",-0.0634505100389924,0.0860114074967297,0.058097937706307,0.84,0.273200367413148
"cfg6_psi-0.4_mu-0.3_sps0.1","sps0.1_K12_exV0.3",0.1,0.1,12,0.3,-0.4,-0.3,0.428571428571428,"mixed","mc",-0.0601997594137496,0.0872099461499483,0.0631312064135224,0.455,0.136981498395252
"cfg6_psi-0.4_mu-0.3_sps0.1","sps0.1_K12_exV0.3",0.1,0.1,12,0.3,-0.4,-0.3,0.428571428571428,"mixed","mcmc",-0.0626554318860508,0.0866958587294374,0.0599505032409726,0.88,0.296694773905163
"cfg6_psi-0.4_mu-0.25_sps0.1","sps0.1_K12_exV0.3",0.1,0.1,12,0.3,-0.4,-0.25,0.384615384615385,"mixed","mc",-0.0693857730852928,0.092843581580706,0.0617199683131646,0.446,0.1505755631291
"cfg6_psi-0.4_mu-0.25_sps0.1","sps0.1_K12_exV0.3",0.1,0.1,12,0.3,-0.4,-0.25,0.384615384615385,"mixed","mcmc",-0.0704738938890404,0.0917382986570405,0.0587605183701076,0.887,0.320733374364168
"cfg6_psi-0.4_mu-0.2_sps0.1","sps0.1_K12_exV0.3",0.1,0.1,12,0.3,-0.4,-0.2,0.333333333333333,"mixed","mc",-0.073225962249835,0.0924304677265094,0.056431678612975,0.464,0.162461808660803
"cfg6_psi-0.4_mu-0.2_sps0.1","sps0.1_K12_exV0.3",0.1,0.1,12,0.3,-0.4,-0.2,0.333333333333333,"mixed","mcmc",-0.075519022760699,0.0922826426662504,0.0530639154025948,0.916,0.348104896500617
"cfg6_psi-0.4_mu-0.15_sps0.1","sps0.1_K12_exV0.3",0.1,0.1,12,0.3,-0.4,-0.15,0.272727272727273,"effect-dominated","mc",-0.0807209993130065,0.0967848538042192,0.0534254852883153,0.491,0.178590879380854
"cfg6_psi-0.4_mu-0.15_sps0.1","sps0.1_K12_exV0.3",0.1,0.1,12,0.3,-0.4,-0.15,0.272727272727273,"effect-dominated","mcmc",-0.0828238196514692,0.0960816068264599,0.0487264233555917,0.931,0.355457085226712
"cfg6_psi-0.4_mu-0.1_sps0.1","sps0.1_K12_exV0.3",0.1,0.1,12,0.3,-0.4,-0.1,0.2,"effect-dominated","mc",-0.0940601772724252,0.104816068080764,0.046273452559789,0.446,0.175861495939889
"cfg6_psi-0.4_mu-0.1_sps0.1","sps0.1_K12_exV0.3",0.1,0.1,12,0.3,-0.4,-0.1,0.2,"effect-dominated","mcmc",-0.0887829582021777,0.0956829961459691,0.0356944838948603,0.974,0.308873547730572
"cfg6_psi-0.4_mu-0.05_sps0.1","sps0.1_K12_exV0.3",0.1,0.1,12,0.3,-0.4,-0.05,0.111111111111111,"effect-dominated","mc",-0.079338333674742,0.0833261398779589,0.0254818311821751,0.643,0.126381516030278
"cfg6_psi-0.4_mu-0.05_sps0.1","sps0.1_K12_exV0.3",0.1,0.1,12,0.3,-0.4,-0.05,0.111111111111111,"effect-dominated","mcmc",-0.0349433529504926,0.0405969566837417,0.0206761330774865,1,0.240265972553541
"cfg6_psi-0.36_mu-0.4_sps0.1","sps0.1_K12_exV0.3",0.1,0.1,12,0.3,-0.36,-0.4,0.526315789473684,"bias-dominated","mc",-0.0560616570236945,0.0923550927407111,0.0734298693490299,0.436,0.128209195668882
"cfg6_psi-0.36_mu-0.4_sps0.1","sps0.1_K12_exV0.3",0.1,0.1,12,0.3,-0.36,-0.4,0.526315789473684,"bias-dominated","mcmc",-0.0581343162596705,0.0922191541983189,0.0716233452000922,0.799,0.271765900087625
"cfg6_psi-0.36_mu-0.35_sps0.1","sps0.1_K12_exV0.3",0.1,0.1,12,0.3,-0.36,-0.35,0.492957746478873,"mixed","mc",-0.0626077155249605,0.091367610239182,0.0665788773145744,0.435,0.13495178408083
"cfg6_psi-0.36_mu-0.35_sps0.1","sps0.1_K12_exV0.3",0.1,0.1,12,0.3,-0.36,-0.35,0.492957746478873,"mixed","mcmc",-0.0645071253342974,0.0912491198122898,0.0645709071461175,0.839,0.290301171598731
"cfg6_psi-0.36_mu-0.3_sps0.1","sps0.1_K12_exV0.3",0.1,0.1,12,0.3,-0.36,-0.3,0.454545454545455,"mixed","mc",-0.0637052811452532,0.0941222921971766,0.0693213422485896,0.444,0.146298369057996
"cfg6_psi-0.36_mu-0.3_sps0.1","sps0.1_K12_exV0.3",0.1,0.1,12,0.3,-0.36,-0.3,0.454545454545455,"mixed","mcmc",-0.0661567528411958,0.093404440568955,0.065969884016159,0.873,0.315553701473426
"cfg6_psi-0.36_mu-0.25_sps0.1","sps0.1_K12_exV0.3",0.1,0.1,12,0.3,-0.36,-0.25,0.40983606557377,"mixed","mc",-0.0718281154318648,0.0986075577990856,0.0675924628167693,0.452,0.159864477314636
"cfg6_psi-0.36_mu-0.25_sps0.1","sps0.1_K12_exV0.3",0.1,0.1,12,0.3,-0.36,-0.25,0.40983606557377,"mixed","mcmc",-0.0735496223489033,0.0986435857049645,0.0657672820516009,0.878,0.342322757731627
"cfg6_psi-0.36_mu-0.2_sps0.1","sps0.1_K12_exV0.3",0.1,0.1,12,0.3,-0.36,-0.2,0.357142857142857,"mixed","mc",-0.0783928860962565,0.101545056988313,0.0645764982976897,0.47,0.173020965965333
"cfg6_psi-0.36_mu-0.2_sps0.1","sps0.1_K12_exV0.3",0.1,0.1,12,0.3,-0.36,-0.2,0.357142857142857,"mixed","mcmc",-0.0797367318920699,0.100828966054822,0.0617442007737221,0.909,0.374235764587846
"cfg6_psi-0.36_mu-0.15_sps0.1","sps0.1_K12_exV0.3",0.1,0.1,12,0.3,-0.36,-0.15,0.294117647058824,"effect-dominated","mc",-0.0874841449709124,0.106436286532481,0.0606538239181061,0.473,0.195471559505506
"cfg6_psi-0.36_mu-0.15_sps0.1","sps0.1_K12_exV0.3",0.1,0.1,12,0.3,-0.36,-0.15,0.294117647058824,"effect-dominated","mcmc",-0.0890612456722847,0.10517149173559,0.0559666817191517,0.93,0.38583638239603
"cfg6_psi-0.36_mu-0.1_sps0.1","sps0.1_K12_exV0.3",0.1,0.1,12,0.3,-0.36,-0.1,0.217391304347826,"effect-dominated","mc",-0.0991567688706713,0.113913908551319,0.0561022389016366,0.454,0.196488375375816
"cfg6_psi-0.36_mu-0.1_sps0.1","sps0.1_K12_exV0.3",0.1,0.1,12,0.3,-0.36,-0.1,0.217391304347826,"effect-dominated","mcmc",-0.0938316770097108,0.104419464169995,0.0458382158152263,0.967,0.341399944473659
"cfg6_psi-0.36_mu-0.05_sps0.1","sps0.1_K12_exV0.3",0.1,0.1,12,0.3,-0.36,-0.05,0.121951219512195,"effect-dominated","mc",-0.0868758429531067,0.0914599280743255,0.0286063748005086,0.619,0.138547161751024
"cfg6_psi-0.36_mu-0.05_sps0.1","sps0.1_K12_exV0.3",0.1,0.1,12,0.3,-0.36,-0.05,0.121951219512195,"effect-dominated","mcmc",-0.0383595607319263,0.0459163542071719,0.0252486272361377,1,0.266541188510341
"cfg6_psi-0.31_mu-0.4_sps0.1","sps0.1_K12_exV0.3",0.1,0.1,12,0.3,-0.31,-0.4,0.563380281690141,"bias-dominated","mc",-0.058132946948001,0.0997614483443371,0.0811140341830079,0.423,0.138133033715388
"cfg6_psi-0.31_mu-0.4_sps0.1","sps0.1_K12_exV0.3",0.1,0.1,12,0.3,-0.31,-0.4,0.563380281690141,"bias-dominated","mcmc",-0.0602608682693191,0.0994843765402111,0.0791962181672476,0.796,0.291755414584947
"cfg6_psi-0.31_mu-0.35_sps0.1","sps0.1_K12_exV0.3",0.1,0.1,12,0.3,-0.31,-0.35,0.53030303030303,"bias-dominated","mc",-0.0651923467963424,0.104156578967871,0.0812721109452274,0.426,0.145949668145142
"cfg6_psi-0.31_mu-0.35_sps0.1","sps0.1_K12_exV0.3",0.1,0.1,12,0.3,-0.31,-0.35,0.53030303030303,"bias-dominated","mcmc",-0.0673648444110291,0.103925556520836,0.0791755505408506,0.802,0.31165886831464
"cfg6_psi-0.31_mu-0.3_sps0.1","sps0.1_K12_exV0.3",0.1,0.1,12,0.3,-0.31,-0.3,0.491803278688525,"mixed","mc",-0.0683110462275123,0.10595338336703,0.0810326273603444,0.429,0.15933932135976
"cfg6_psi-0.31_mu-0.3_sps0.1","sps0.1_K12_exV0.3",0.1,0.1,12,0.3,-0.31,-0.3,0.491803278688525,"mixed","mcmc",-0.0707963599180766,0.105293780241862,0.0779790761441034,0.847,0.340965448948793
"cfg6_psi-0.31_mu-0.25_sps0.1","sps0.1_K12_exV0.3",0.1,0.1,12,0.3,-0.31,-0.25,0.446428571428571,"mixed","mc",-0.0763503983116042,0.108119429152274,0.0765917354014437,0.474,0.174734924187203
"cfg6_psi-0.31_mu-0.25_sps0.1","sps0.1_K12_exV0.3",0.1,0.1,12,0.3,-0.31,-0.25,0.446428571428571,"mixed","mcmc",-0.0789119204346625,0.109042044511845,0.0752910687244271,0.859,0.374783406682159
"cfg6_psi-0.31_mu-0.2_sps0.1","sps0.1_K12_exV0.3",0.1,0.1,12,0.3,-0.31,-0.2,0.392156862745098,"mixed","mc",-0.0824233810958324,0.116525386658782,0.0824096070130041,0.466,0.193711962471461
"cfg6_psi-0.31_mu-0.2_sps0.1","sps0.1_K12_exV0.3",0.1,0.1,12,0.3,-0.31,-0.2,0.392156862745098,"mixed","mcmc",-0.0845294995855533,0.115398555109341,0.078598778547307,0.883,0.414047756767285
"cfg6_psi-0.31_mu-0.15_sps0.1","sps0.1_K12_exV0.3",0.1,0.1,12,0.3,-0.31,-0.15,0.326086956521739,"effect-dominated","mc",-0.092439687611129,0.119844575321444,0.0763115314888405,0.485,0.219808398530064
"cfg6_psi-0.31_mu-0.15_sps0.1","sps0.1_K12_exV0.3",0.1,0.1,12,0.3,-0.31,-0.15,0.326086956521739,"effect-dominated","mcmc",-0.0942254218352987,0.117785975408229,0.0707114275687946,0.929,0.435165373324032
"cfg6_psi-0.31_mu-0.1_sps0.1","sps0.1_K12_exV0.3",0.1,0.1,12,0.3,-0.31,-0.1,0.24390243902439,"effect-dominated","mc",-0.110420709489746,0.128919129153783,0.0665720708568474,0.451,0.221596297714886
"cfg6_psi-0.31_mu-0.1_sps0.1","sps0.1_K12_exV0.3",0.1,0.1,12,0.3,-0.31,-0.1,0.24390243902439,"effect-dominated","mcmc",-0.105459475632428,0.117712989870043,0.0523200188058629,0.959,0.385114719818169
"cfg6_psi-0.31_mu-0.05_sps0.1","sps0.1_K12_exV0.3",0.1,0.1,12,0.3,-0.31,-0.05,0.138888888888889,"effect-dominated","mc",-0.0968201180984588,0.103434510751626,0.0364127537335927,0.593,0.160018374092571
"cfg6_psi-0.31_mu-0.05_sps0.1","sps0.1_K12_exV0.3",0.1,0.1,12,0.3,-0.31,-0.05,0.138888888888889,"effect-dominated","mcmc",-0.0422415866991107,0.053163641285603,0.0322965040222288,1,0.310249361451881
"cfg6_psi-0.27_mu-0.4_sps0.1","sps0.1_K12_exV0.3",0.1,0.1,12,0.3,-0.27,-0.4,0.597014925373134,"bias-dominated","mc",-0.0596440283119405,0.108363266119971,0.0905172950967038,0.425,0.145889910101887
"cfg6_psi-0.27_mu-0.4_sps0.1","sps0.1_K12_exV0.3",0.1,0.1,12,0.3,-0.27,-0.4,0.597014925373134,"bias-dominated","mcmc",-0.0622440494363027,0.108447091162482,0.0888501223162381,0.781,0.310170311206662
"cfg6_psi-0.27_mu-0.35_sps0.1","sps0.1_K12_exV0.3",0.1,0.1,12,0.3,-0.27,-0.35,0.564516129032258,"bias-dominated","mc",-0.0658190418447927,0.112503205840501,0.0912861337402175,0.427,0.156028554217052
"cfg6_psi-0.27_mu-0.35_sps0.1","sps0.1_K12_exV0.3",0.1,0.1,12,0.3,-0.27,-0.35,0.564516129032258,"bias-dominated","mcmc",-0.0682920894954075,0.112062797372966,0.088894112463291,0.798,0.333122222057167
"cfg6_psi-0.27_mu-0.3_sps0.1","sps0.1_K12_exV0.3",0.1,0.1,12,0.3,-0.27,-0.3,0.526315789473684,"bias-dominated","mc",-0.0721187128228244,0.118258307324314,0.0937694578379022,0.433,0.171434160235554
"cfg6_psi-0.27_mu-0.3_sps0.1","sps0.1_K12_exV0.3",0.1,0.1,12,0.3,-0.27,-0.3,0.526315789473684,"bias-dominated","mcmc",-0.0749391605737911,0.11702196522269,0.089924128608411,0.804,0.364621953703124
"cfg6_psi-0.27_mu-0.25_sps0.1","sps0.1_K12_exV0.3",0.1,0.1,12,0.3,-0.27,-0.25,0.480769230769231,"mixed","mc",-0.0801049483099942,0.121799249468246,0.0917969558775758,0.46,0.188165655205332
"cfg6_psi-0.27_mu-0.25_sps0.1","sps0.1_K12_exV0.3",0.1,0.1,12,0.3,-0.27,-0.25,0.480769230769231,"mixed","mcmc",-0.0824702516099393,0.121107068049057,0.0887324798696398,0.835,0.404557801181354
"cfg6_psi-0.27_mu-0.2_sps0.1","sps0.1_K12_exV0.3",0.1,0.1,12,0.3,-0.27,-0.2,0.425531914893617,"mixed","mc",-0.0870715922388367,0.132462382354718,0.0998738972877329,0.444,0.214401126968238
"cfg6_psi-0.27_mu-0.2_sps0.1","sps0.1_K12_exV0.3",0.1,0.1,12,0.3,-0.27,-0.2,0.425531914893617,"mixed","mcmc",-0.0900987369962912,0.129970816076819,0.0937198700243697,0.864,0.450905094811376
"cfg6_psi-0.27_mu-0.15_sps0.1","sps0.1_K12_exV0.3",0.1,0.1,12,0.3,-0.27,-0.15,0.357142857142857,"mixed","mc",-0.0967044032144504,0.134388833927923,0.09336666652431,0.474,0.242403922214167
"cfg6_psi-0.27_mu-0.15_sps0.1","sps0.1_K12_exV0.3",0.1,0.1,12,0.3,-0.27,-0.15,0.357142857142857,"mixed","mcmc",-0.0998117619942173,0.13233540107759,0.086935771546302,0.908,0.478924579286376
"cfg6_psi-0.27_mu-0.1_sps0.1","sps0.1_K12_exV0.3",0.1,0.1,12,0.3,-0.27,-0.1,0.27027027027027,"effect-dominated","mc",-0.123356611689555,0.145172811285088,0.0765777751343859,0.447,0.247282440266232
"cfg6_psi-0.27_mu-0.1_sps0.1","sps0.1_K12_exV0.3",0.1,0.1,12,0.3,-0.27,-0.1,0.27027027027027,"effect-dominated","mcmc",-0.117350653661913,0.133144503803274,0.0629304633811255,0.941,0.42605549646775
"cfg6_psi-0.27_mu-0.05_sps0.1","sps0.1_K12_exV0.3",0.1,0.1,12,0.3,-0.27,-0.05,0.15625,"effect-dominated","mc",-0.106959793623627,0.119723546063627,0.0538165983345003,0.56,0.183964813607987
"cfg6_psi-0.27_mu-0.05_sps0.1","sps0.1_K12_exV0.3",0.1,0.1,12,0.3,-0.27,-0.05,0.15625,"effect-dominated","mcmc",-0.0466746943231055,0.0665415416356542,0.0474499860302238,1,0.352422604850867
"cfg6_psi-0.23_mu-0.4_sps0.1","sps0.1_K12_exV0.3",0.1,0.1,12,0.3,-0.23,-0.4,0.634920634920635,"bias-dominated","mc",-0.0615163654528465,0.11956295112811,0.102574644145403,0.421,0.153747547733571
"cfg6_psi-0.23_mu-0.4_sps0.1","sps0.1_K12_exV0.3",0.1,0.1,12,0.3,-0.23,-0.4,0.634920634920635,"bias-dominated","mcmc",-0.064894314428398,0.118894989421526,0.0996728706597661,0.761,0.327842153922264
"cfg6_psi-0.23_mu-0.35_sps0.1","sps0.1_K12_exV0.3",0.1,0.1,12,0.3,-0.23,-0.35,0.603448275862069,"bias-dominated","mc",-0.0682206362097886,0.120616240587483,0.0995194775659737,0.432,0.168610487001062
"cfg6_psi-0.23_mu-0.35_sps0.1","sps0.1_K12_exV0.3",0.1,0.1,12,0.3,-0.23,-0.35,0.603448275862069,"bias-dominated","mcmc",-0.0715556627436087,0.120381732571588,0.0968551991162892,0.799,0.356869896076006
"cfg6_psi-0.23_mu-0.3_sps0.1","sps0.1_K12_exV0.3",0.1,0.1,12,0.3,-0.23,-0.3,0.566037735849057,"bias-dominated","mc",-0.075809260352343,0.136586412210385,0.113673769054725,0.395,0.183169975028055
"cfg6_psi-0.23_mu-0.3_sps0.1","sps0.1_K12_exV0.3",0.1,0.1,12,0.3,-0.23,-0.3,0.566037735849057,"bias-dominated","mcmc",-0.0794405489332423,0.134380822800101,0.108439678556803,0.772,0.388414023891131
"cfg6_psi-0.23_mu-0.25_sps0.1","sps0.1_K12_exV0.3",0.1,0.1,12,0.3,-0.23,-0.25,0.520833333333333,"bias-dominated","mc",-0.0867149683582821,0.137684182372858,0.106999519791166,0.427,0.203013762769285
"cfg6_psi-0.23_mu-0.25_sps0.1","sps0.1_K12_exV0.3",0.1,0.1,12,0.3,-0.23,-0.25,0.520833333333333,"bias-dominated","mcmc",-0.0880921833361866,0.135618060219097,0.10316330820992,0.818,0.435754490100297
"cfg6_psi-0.23_mu-0.2_sps0.1","sps0.1_K12_exV0.3",0.1,0.1,12,0.3,-0.23,-0.2,0.465116279069767,"mixed","mc",-0.0941259237973218,0.146575581626288,0.112415963934544,0.433,0.236167012488503
"cfg6_psi-0.23_mu-0.2_sps0.1","sps0.1_K12_exV0.3",0.1,0.1,12,0.3,-0.23,-0.2,0.465116279069767,"mixed","mcmc",-0.0976116856099269,0.143867008342919,0.105739565810098,0.845,0.490185781320572
"cfg6_psi-0.23_mu-0.15_sps0.1","sps0.1_K12_exV0.3",0.1,0.1,12,0.3,-0.23,-0.15,0.394736842105263,"mixed","mc",-0.102008316304937,0.158553176308624,0.121442007902821,0.458,0.266972642386613
"cfg6_psi-0.23_mu-0.15_sps0.1","sps0.1_K12_exV0.3",0.1,0.1,12,0.3,-0.23,-0.15,0.394736842105263,"mixed","mcmc",-0.107484045202103,0.153566282523414,0.10973524948727,0.872,0.525493533532987
"cfg6_psi-0.23_mu-0.1_sps0.1","sps0.1_K12_exV0.3",0.1,0.1,12,0.3,-0.23,-0.1,0.303030303030303,"effect-dominated","mc",-0.13217324484657,0.164058655579837,0.0972364682006723,0.455,0.285061107506707
"cfg6_psi-0.23_mu-0.1_sps0.1","sps0.1_K12_exV0.3",0.1,0.1,12,0.3,-0.23,-0.1,0.303030303030303,"effect-dominated","mcmc",-0.12803917260727,0.151832815017861,0.0816445946412126,0.927,0.482613065331532
"cfg6_psi-0.23_mu-0.05_sps0.1","sps0.1_K12_exV0.3",0.1,0.1,12,0.3,-0.23,-0.05,0.178571428571429,"effect-dominated","mc",-0.11948942336861,0.13578099538534,0.0645206891640286,0.542,0.212641692809946
"cfg6_psi-0.23_mu-0.05_sps0.1","sps0.1_K12_exV0.3",0.1,0.1,12,0.3,-0.23,-0.05,0.178571428571429,"effect-dominated","mcmc",-0.0530596492146364,0.0803110443856281,0.0603172914774963,0.993,0.402090842650637
"cfg6_psi-0.18_mu-0.4_sps0.1","sps0.1_K12_exV0.3",0.1,0.1,12,0.3,-0.18,-0.4,0.689655172413793,"bias-dominated","mc",-0.0625306868955081,0.135195397223394,0.119925354773229,0.403,0.166415429580596
"cfg6_psi-0.18_mu-0.4_sps0.1","sps0.1_K12_exV0.3",0.1,0.1,12,0.3,-0.18,-0.4,0.689655172413793,"bias-dominated","mcmc",-0.0667710250934675,0.132823347083128,0.114877624483358,0.74,0.348024984441824
"cfg6_psi-0.18_mu-0.35_sps0.1","sps0.1_K12_exV0.3",0.1,0.1,12,0.3,-0.18,-0.35,0.660377358490566,"bias-dominated","mc",-0.0688759731198608,0.137284917170211,0.118816523158184,0.436,0.183681462900839
"cfg6_psi-0.18_mu-0.35_sps0.1","sps0.1_K12_exV0.3",0.1,0.1,12,0.3,-0.18,-0.35,0.660377358490566,"bias-dominated","mcmc",-0.0727144059934416,0.13523511894452,0.114079650786996,0.78,0.385096025354779
"cfg6_psi-0.18_mu-0.3_sps0.1","sps0.1_K12_exV0.3",0.1,0.1,12,0.3,-0.18,-0.3,0.625,"bias-dominated","mc",-0.0859001588563692,0.155877107398285,0.13013750839169,0.373,0.200847114281434
"cfg6_psi-0.18_mu-0.3_sps0.1","sps0.1_K12_exV0.3",0.1,0.1,12,0.3,-0.18,-0.3,0.625,"bias-dominated","mcmc",-0.0911686531618129,0.152654006915283,0.122501138921192,0.755,0.419490794211
"cfg6_psi-0.18_mu-0.25_sps0.1","sps0.1_K12_exV0.3",0.1,0.1,12,0.3,-0.18,-0.25,0.581395348837209,"bias-dominated","mc",-0.092960223223423,0.163860809055997,0.13500736510046,0.387,0.222542214117554
"cfg6_psi-0.18_mu-0.25_sps0.1","sps0.1_K12_exV0.3",0.1,0.1,12,0.3,-0.18,-0.25,0.581395348837209,"bias-dominated","mcmc",-0.0963718741621872,0.160406155694933,0.128292851363612,0.775,0.472418737283205
"cfg6_psi-0.18_mu-0.2_sps0.1","sps0.1_K12_exV0.3",0.1,0.1,12,0.3,-0.18,-0.2,0.526315789473684,"bias-dominated","mc",-0.0942757520084173,0.170191659106876,0.141765231257851,0.446,0.266885919731818
"cfg6_psi-0.18_mu-0.2_sps0.1","sps0.1_K12_exV0.3",0.1,0.1,12,0.3,-0.18,-0.2,0.526315789473684,"bias-dominated","mcmc",-0.100458558990883,0.164879902643223,0.130807380494779,0.817,0.548623194837021
"cfg6_psi-0.18_mu-0.15_sps0.1","sps0.1_K12_exV0.3",0.1,0.1,12,0.3,-0.18,-0.15,0.454545454545455,"mixed","mc",-0.11838430630654,0.186044149949339,0.143590389478691,0.441,0.30541394336598
"cfg6_psi-0.18_mu-0.15_sps0.1","sps0.1_K12_exV0.3",0.1,0.1,12,0.3,-0.18,-0.15,0.454545454545455,"mixed","mcmc",-0.124769651850831,0.180461079045555,0.130444435596489,0.827,0.58928830891212
"cfg6_psi-0.18_mu-0.1_sps0.1","sps0.1_K12_exV0.3",0.1,0.1,12,0.3,-0.18,-0.1,0.357142857142857,"mixed","mc",-0.1426173214272,0.197724245956952,0.137018068221658,0.468,0.342940537401264
"cfg6_psi-0.18_mu-0.1_sps0.1","sps0.1_K12_exV0.3",0.1,0.1,12,0.3,-0.18,-0.1,0.357142857142857,"mixed","mcmc",-0.14113903719495,0.182180426411575,0.115250868586297,0.905,0.569154096319476
"cfg6_psi-0.18_mu-0.05_sps0.1","sps0.1_K12_exV0.3",0.1,0.1,12,0.3,-0.18,-0.05,0.217391304347826,"effect-dominated","mc",-0.140738980288282,0.165163752060942,0.08648169462822,0.517,0.264920420915357
"cfg6_psi-0.18_mu-0.05_sps0.1","sps0.1_K12_exV0.3",0.1,0.1,12,0.3,-0.18,-0.05,0.217391304347826,"effect-dominated","mcmc",-0.065441602163477,0.0996861693586976,0.0752355597915328,0.983,0.487000062851116
"cfg6_psi-0.14_mu-0.4_sps0.1","sps0.1_K12_exV0.3",0.1,0.1,12,0.3,-0.14,-0.4,0.740740740740741,"bias-dominated","mc",-0.0720016250889023,0.145275949395841,0.126241056165108,0.375,0.174856014127307
"cfg6_psi-0.14_mu-0.4_sps0.1","sps0.1_K12_exV0.3",0.1,0.1,12,0.3,-0.14,-0.4,0.740740740740741,"bias-dominated","mcmc",-0.0766822375546736,0.142463097857105,0.120124929524828,0.745,0.358471164791546
"cfg6_psi-0.14_mu-0.35_sps0.1","sps0.1_K12_exV0.3",0.1,0.1,12,0.3,-0.14,-0.35,0.714285714285714,"bias-dominated","mc",-0.076785478991611,0.156723601500261,0.136692949509795,0.404,0.194947743231501
"cfg6_psi-0.14_mu-0.35_sps0.1","sps0.1_K12_exV0.3",0.1,0.1,12,0.3,-0.14,-0.35,0.714285714285714,"bias-dominated","mcmc",-0.0825476347563371,0.151839093331028,0.127503943136038,0.742,0.398988754819661
"cfg6_psi-0.14_mu-0.3_sps0.1","sps0.1_K12_exV0.3",0.1,0.1,12,0.3,-0.14,-0.3,0.681818181818182,"bias-dominated","mc",-0.0910679564201353,0.168135309258743,0.141407586920336,0.374,0.213828247719265
"cfg6_psi-0.14_mu-0.3_sps0.1","sps0.1_K12_exV0.3",0.1,0.1,12,0.3,-0.14,-0.3,0.681818181818182,"bias-dominated","mcmc",-0.0980287502117557,0.164665293687154,0.132372752568724,0.752,0.442459470448874
"cfg6_psi-0.14_mu-0.25_sps0.1","sps0.1_K12_exV0.3",0.1,0.1,12,0.3,-0.14,-0.25,0.641025641025641,"bias-dominated","mc",-0.0928611136722484,0.182722330137514,0.157445395458182,0.386,0.241543885157629
"cfg6_psi-0.14_mu-0.25_sps0.1","sps0.1_K12_exV0.3",0.1,0.1,12,0.3,-0.14,-0.25,0.641025641025641,"bias-dominated","mcmc",-0.100778081677183,0.175935228339355,0.144283750384141,0.772,0.503418126745517
"cfg6_psi-0.14_mu-0.2_sps0.1","sps0.1_K12_exV0.3",0.1,0.1,12,0.3,-0.14,-0.2,0.588235294117647,"bias-dominated","mc",-0.105782876477745,0.193948527431144,0.162642143381127,0.425,0.287936972304201
"cfg6_psi-0.14_mu-0.2_sps0.1","sps0.1_K12_exV0.3",0.1,0.1,12,0.3,-0.14,-0.2,0.588235294117647,"bias-dominated","mcmc",-0.113709925526467,0.185999711301558,0.147267216562622,0.788,0.586037804224159
"cfg6_psi-0.14_mu-0.15_sps0.1","sps0.1_K12_exV0.3",0.1,0.1,12,0.3,-0.14,-0.15,0.517241379310345,"bias-dominated","mc",-0.128848782907066,0.213556198499563,0.170391532463582,0.433,0.346010222230172
"cfg6_psi-0.14_mu-0.15_sps0.1","sps0.1_K12_exV0.3",0.1,0.1,12,0.3,-0.14,-0.15,0.517241379310345,"bias-dominated","mcmc",-0.136374336254811,0.204539508749856,0.152517909648198,0.819,0.654334253409162
"cfg6_psi-0.14_mu-0.1_sps0.1","sps0.1_K12_exV0.3",0.1,0.1,12,0.3,-0.14,-0.1,0.416666666666667,"mixed","mc",-0.154841567493485,0.232420717590308,0.173417278533161,0.447,0.3888736166785
"cfg6_psi-0.14_mu-0.1_sps0.1","sps0.1_K12_exV0.3",0.1,0.1,12,0.3,-0.14,-0.1,0.416666666666667,"mixed","mcmc",-0.158028438581644,0.212556637277235,0.142223641544814,0.869,0.635614078650177
"cfg6_psi-0.14_mu-0.05_sps0.1","sps0.1_K12_exV0.3",0.1,0.1,12,0.3,-0.14,-0.05,0.263157894736842,"effect-dominated","mc",-0.159032330726199,0.207367795980188,0.133145966675359,0.484,0.320757149217996
"cfg6_psi-0.14_mu-0.05_sps0.1","sps0.1_K12_exV0.3",0.1,0.1,12,0.3,-0.14,-0.05,0.263157894736842,"effect-dominated","mcmc",-0.0788582372384016,0.12620611192717,0.0985853954072961,0.948,0.562317362921325
"cfg6_psi-0.1_mu-0.4_sps0.1","sps0.1_K12_exV0.3",0.1,0.1,12,0.3,-0.1,-0.4,0.8,"bias-dominated","mc",-0.0836049863749174,0.154224177955216,0.129661541848949,0.395,0.181942821475395
"cfg6_psi-0.1_mu-0.4_sps0.1","sps0.1_K12_exV0.3",0.1,0.1,12,0.3,-0.1,-0.4,0.8,"bias-dominated","mcmc",-0.0905570599953004,0.150027206680621,0.119674155659985,0.743,0.36475163292103
"cfg6_psi-0.1_mu-0.35_sps0.1","sps0.1_K12_exV0.3",0.1,0.1,12,0.3,-0.1,-0.35,0.777777777777778,"bias-dominated","mc",-0.0942154012444686,0.171078062326528,0.142869076958222,0.392,0.20267886633512
"cfg6_psi-0.1_mu-0.35_sps0.1","sps0.1_K12_exV0.3",0.1,0.1,12,0.3,-0.1,-0.35,0.777777777777778,"bias-dominated","mcmc",-0.101919061593951,0.166484669943289,0.131707999784149,0.727,0.406364850455856
"cfg6_psi-0.1_mu-0.3_sps0.1","sps0.1_K12_exV0.3",0.1,0.1,12,0.3,-0.1,-0.3,0.75,"bias-dominated","mc",-0.108074234928147,0.185701213464482,0.151088477902956,0.381,0.22362827917199
"cfg6_psi-0.1_mu-0.3_sps0.1","sps0.1_K12_exV0.3",0.1,0.1,12,0.3,-0.1,-0.3,0.75,"bias-dominated","mcmc",-0.117491602796981,0.18150549999892,0.138416505269368,0.726,0.457516970310776
"cfg6_psi-0.1_mu-0.25_sps0.1","sps0.1_K12_exV0.3",0.1,0.1,12,0.3,-0.1,-0.25,0.714285714285714,"bias-dominated","mc",-0.114219842840565,0.197583114813979,0.161303855176388,0.391,0.258067176364764
"cfg6_psi-0.1_mu-0.25_sps0.1","sps0.1_K12_exV0.3",0.1,0.1,12,0.3,-0.1,-0.25,0.714285714285714,"bias-dominated","mcmc",-0.124558954143558,0.192342630768396,0.146636478443739,0.767,0.522665272440754
"cfg6_psi-0.1_mu-0.2_sps0.1","sps0.1_K12_exV0.3",0.1,0.1,12,0.3,-0.1,-0.2,0.666666666666667,"bias-dominated","mc",-0.128752579173586,0.212983967164823,0.169746155723181,0.428,0.314230259379219
"cfg6_psi-0.1_mu-0.2_sps0.1","sps0.1_K12_exV0.3",0.1,0.1,12,0.3,-0.1,-0.2,0.666666666666667,"bias-dominated","mcmc",-0.137139055184874,0.204593689227835,0.151903034026983,0.776,0.62938780287294
"cfg6_psi-0.1_mu-0.15_sps0.1","sps0.1_K12_exV0.3",0.1,0.1,12,0.3,-0.1,-0.15,0.6,"bias-dominated","mc",-0.156099868404608,0.244396425664718,0.188143141792513,0.428,0.378477188716985
"cfg6_psi-0.1_mu-0.15_sps0.1","sps0.1_K12_exV0.3",0.1,0.1,12,0.3,-0.1,-0.15,0.6,"bias-dominated","mcmc",-0.16609827236259,0.232891221467623,0.163328997168784,0.791,0.70925337502999
"cfg6_psi-0.1_mu-0.1_sps0.1","sps0.1_K12_exV0.3",0.1,0.1,12,0.3,-0.1,-0.1,0.5,"mixed","mc",-0.183431212362778,0.275310771361855,0.205404971608145,0.441,0.448553522633236
"cfg6_psi-0.1_mu-0.1_sps0.1","sps0.1_K12_exV0.3",0.1,0.1,12,0.3,-0.1,-0.1,0.5,"mixed","mcmc",-0.193008140768076,0.252251579348302,0.16249652920283,0.838,0.702130201622481
"cfg6_psi-0.1_mu-0.05_sps0.1","sps0.1_K12_exV0.3",0.1,0.1,12,0.3,-0.1,-0.05,0.333333333333333,"mixed","mc",-0.195824697581675,0.253961760378473,0.161788253561774,0.477,0.395807924814062
"cfg6_psi-0.1_mu-0.05_sps0.1","sps0.1_K12_exV0.3",0.1,0.1,12,0.3,-0.1,-0.05,0.333333333333333,"mixed","mcmc",-0.107376245345279,0.160420015784478,0.119244046150678,0.903,0.636305882699054
"cfg6_psi-0.05_mu-0.4_sps0.1","sps0.1_K12_exV0.3",0.1,0.1,12,0.3,-0.05,-0.4,0.888888888888889,"bias-dominated","mc",-0.120264328980287,0.173426702196032,0.125015763608688,0.446,0.18566927390923
"cfg6_psi-0.05_mu-0.4_sps0.1","sps0.1_K12_exV0.3",0.1,0.1,12,0.3,-0.05,-0.4,0.888888888888889,"bias-dominated","mcmc",-0.130213298893,0.172467413996831,0.113147284501868,0.682,0.358740916209047
"cfg6_psi-0.05_mu-0.35_sps0.1","sps0.1_K12_exV0.3",0.1,0.1,12,0.3,-0.05,-0.35,0.875,"bias-dominated","mc",-0.127349823550305,0.188937863683837,0.139638955212832,0.435,0.201656457425808
"cfg6_psi-0.05_mu-0.35_sps0.1","sps0.1_K12_exV0.3",0.1,0.1,12,0.3,-0.05,-0.35,0.875,"bias-dominated","mcmc",-0.140003441395596,0.187052010306598,0.124108395570083,0.709,0.400250044340524
"cfg6_psi-0.05_mu-0.3_sps0.1","sps0.1_K12_exV0.3",0.1,0.1,12,0.3,-0.05,-0.3,0.857142857142857,"bias-dominated","mc",-0.150003857818431,0.211809658177999,0.14961470013192,0.42,0.232781394525067
"cfg6_psi-0.05_mu-0.3_sps0.1","sps0.1_K12_exV0.3",0.1,0.1,12,0.3,-0.05,-0.3,0.857142857142857,"bias-dominated","mcmc",-0.162108079570445,0.21067578898306,0.134623110882199,0.697,0.45589915303096
"cfg6_psi-0.05_mu-0.25_sps0.1","sps0.1_K12_exV0.3",0.1,0.1,12,0.3,-0.05,-0.25,0.833333333333333,"bias-dominated","mc",-0.163246418687216,0.232656390145164,0.165852674898381,0.434,0.268285391967955
"cfg6_psi-0.05_mu-0.25_sps0.1","sps0.1_K12_exV0.3",0.1,0.1,12,0.3,-0.05,-0.25,0.833333333333333,"bias-dominated","mcmc",-0.180011901689998,0.230220065873187,0.143588340725134,0.722,0.5313885867759
"cfg6_psi-0.05_mu-0.2_sps0.1","sps0.1_K12_exV0.3",0.1,0.1,12,0.3,-0.05,-0.2,0.8,"bias-dominated","mc",-0.186838583591261,0.262093748183547,0.183897511710532,0.431,0.326176776464829
"cfg6_psi-0.05_mu-0.2_sps0.1","sps0.1_K12_exV0.3",0.1,0.1,12,0.3,-0.05,-0.2,0.8,"bias-dominated","mcmc",-0.204897813814913,0.258035601287413,0.156919983771771,0.715,0.644290984680388
"cfg6_psi-0.05_mu-0.15_sps0.1","sps0.1_K12_exV0.3",0.1,0.1,12,0.3,-0.05,-0.15,0.75,"bias-dominated","mc",-0.226729443269919,0.307385841721228,0.207660632242521,0.425,0.41144711579724
"cfg6_psi-0.05_mu-0.15_sps0.1","sps0.1_K12_exV0.3",0.1,0.1,12,0.3,-0.05,-0.15,0.75,"bias-dominated","mcmc",-0.246931239142051,0.30060487536768,0.171515806567476,0.714,0.751971795090559
"cfg6_psi-0.05_mu-0.1_sps0.1","sps0.1_K12_exV0.3",0.1,0.1,12,0.3,-0.05,-0.1,0.666666666666667,"bias-dominated","mc",-0.292449621676142,0.364342516848892,0.217407346517053,0.396,0.49182257522593
"cfg6_psi-0.05_mu-0.1_sps0.1","sps0.1_K12_exV0.3",0.1,0.1,12,0.3,-0.05,-0.1,0.666666666666667,"bias-dominated","mcmc",-0.30479992672492,0.347658632062357,0.167306666443956,0.727,0.743261391467615
"cfg6_psi-0.05_mu-0.05_sps0.1","sps0.1_K12_exV0.3",0.1,0.1,12,0.3,-0.05,-0.05,0.5,"mixed","mc",-0.327487732465573,0.377244015604352,0.187349759343802,0.435,0.473095633269225
"cfg6_psi-0.05_mu-0.05_sps0.1","sps0.1_K12_exV0.3",0.1,0.1,12,0.3,-0.05,-0.05,0.5,"mixed","mcmc",-0.230476545966554,0.26276506293239,0.126261562002174,0.824,0.708920384243396
"cfg6_psi-0.01_mu-0.4_sps0.1","sps0.1_K12_exV0.3",0.1,0.1,12,0.3,-0.01,-0.4,0.975609756097561,"bias-dominated","mc",-0.171829102275149,0.208990588774663,0.119020972099442,0.349,0.181408744554645
"cfg6_psi-0.01_mu-0.4_sps0.1","sps0.1_K12_exV0.3",0.1,0.1,12,0.3,-0.01,-0.4,0.975609756097561,"bias-dominated","mcmc",-0.185173223143231,0.212593124621982,0.10448747149292,0.554,0.345045817710363
"cfg6_psi-0.01_mu-0.35_sps0.1","sps0.1_K12_exV0.3",0.1,0.1,12,0.3,-0.01,-0.35,0.972222222222222,"bias-dominated","mc",-0.184805014811763,0.223218907819052,0.125257641623735,0.337,0.197107401245474
"cfg6_psi-0.01_mu-0.35_sps0.1","sps0.1_K12_exV0.3",0.1,0.1,12,0.3,-0.01,-0.35,0.972222222222222,"bias-dominated","mcmc",-0.199489727502832,0.227344516100154,0.109092982819975,0.582,0.38145706723865
"cfg6_psi-0.01_mu-0.3_sps0.1","sps0.1_K12_exV0.3",0.1,0.1,12,0.3,-0.01,-0.3,0.967741935483871,"bias-dominated","mc",-0.219262788558126,0.262305236151646,0.144043795705913,0.314,0.227743377016054
"cfg6_psi-0.01_mu-0.3_sps0.1","sps0.1_K12_exV0.3",0.1,0.1,12,0.3,-0.01,-0.3,0.967741935483871,"bias-dominated","mcmc",-0.236231220271514,0.266803063458142,0.124072879063073,0.539,0.437308143514908
"cfg6_psi-0.01_mu-0.25_sps0.1","sps0.1_K12_exV0.3",0.1,0.1,12,0.3,-0.01,-0.25,0.961538461538462,"bias-dominated","mc",-0.248277827693652,0.29363325156228,0.156854103894885,0.346,0.262453482861546
"cfg6_psi-0.01_mu-0.25_sps0.1","sps0.1_K12_exV0.3",0.1,0.1,12,0.3,-0.01,-0.25,0.961538461538462,"bias-dominated","mcmc",-0.26747966941439,0.299339584071658,0.134450325146851,0.565,0.508804684003302
"cfg6_psi-0.01_mu-0.2_sps0.1","sps0.1_K12_exV0.3",0.1,0.1,12,0.3,-0.01,-0.2,0.952380952380952,"bias-dominated","mc",-0.290401384959245,0.338963327358255,0.174910739162026,0.327,0.319449708021945
"cfg6_psi-0.01_mu-0.2_sps0.1","sps0.1_K12_exV0.3",0.1,0.1,12,0.3,-0.01,-0.2,0.952380952380952,"bias-dominated","mcmc",-0.314673695037638,0.346544886139862,0.1452408987845,0.548,0.627916816632253
"cfg6_psi-0.01_mu-0.15_sps0.1","sps0.1_K12_exV0.3",0.1,0.1,12,0.3,-0.01,-0.15,0.9375,"bias-dominated","mc",-0.367864625876119,0.416713496128061,0.195867605803762,0.309,0.413737223770339
"cfg6_psi-0.01_mu-0.15_sps0.1","sps0.1_K12_exV0.3",0.1,0.1,12,0.3,-0.01,-0.15,0.9375,"bias-dominated","mcmc",-0.391149847184493,0.422250149096904,0.159129845621974,0.53,0.757623251093299
"cfg6_psi-0.01_mu-0.1_sps0.1","sps0.1_K12_exV0.3",0.1,0.1,12,0.3,-0.01,-0.1,0.909090909090909,"bias-dominated","mc",-0.493039162539079,0.543186329514151,0.228069701105566,0.264,0.521821038536182
"cfg6_psi-0.01_mu-0.1_sps0.1","sps0.1_K12_exV0.3",0.1,0.1,12,0.3,-0.01,-0.1,0.909090909090909,"bias-dominated","mcmc",-0.510908159736767,0.53737519053996,0.166651493970775,0.463,0.768833322943386
"cfg6_psi-0.01_mu-0.05_sps0.1","sps0.1_K12_exV0.3",0.1,0.1,12,0.3,-0.01,-0.05,0.833333333333333,"bias-dominated","mc",-0.632116076224072,0.663096708876975,0.200416262266163,0.273,0.528150455279541
"cfg6_psi-0.01_mu-0.05_sps0.1","sps0.1_K12_exV0.3",0.1,0.1,12,0.3,-0.01,-0.05,0.833333333333333,"bias-dominated","mcmc",-0.532018387887905,0.546135650190879,0.12343346052731,0.613,0.752424838693415
"cfg7_psi-0.4_mu-0.4_sps0.06","sps0.06_K25_exV0.3",0.06,0.06,25,0.3,-0.4,-0.4,0.5,"mixed","mc",-0.0556429639355831,0.0671637685164413,0.0376330787261407,0.333,0.0836394705473023
"cfg7_psi-0.4_mu-0.4_sps0.06","sps0.06_K25_exV0.3",0.06,0.06,25,0.3,-0.4,-0.4,0.5,"mixed","mcmc",-0.0565063197574253,0.0673675204413709,0.036698302457926,0.662,0.15445520616926
"cfg7_psi-0.4_mu-0.35_sps0.06","sps0.06_K25_exV0.3",0.06,0.06,25,0.3,-0.4,-0.35,0.466666666666667,"mixed","mc",-0.060724317161915,0.071328638583922,0.0374397345233121,0.319,0.0890094468354055
"cfg7_psi-0.4_mu-0.35_sps0.06","sps0.06_K25_exV0.3",0.06,0.06,25,0.3,-0.4,-0.35,0.466666666666667,"mixed","mcmc",-0.0618306214849428,0.0717096600292741,0.0363396499495835,0.684,0.16437713818905
"cfg7_psi-0.4_mu-0.3_sps0.06","sps0.06_K25_exV0.3",0.06,0.06,25,0.3,-0.4,-0.3,0.428571428571428,"mixed","mc",-0.0639398548361556,0.0738326946965635,0.0369367851305861,0.323,0.0965681113953122
"cfg7_psi-0.4_mu-0.3_sps0.06","sps0.06_K25_exV0.3",0.06,0.06,25,0.3,-0.4,-0.3,0.428571428571428,"mixed","mcmc",-0.0649004168253706,0.0739565417344662,0.035479074479768,0.68,0.176898224104909
"cfg7_psi-0.4_mu-0.25_sps0.06","sps0.06_K25_exV0.3",0.06,0.06,25,0.3,-0.4,-0.25,0.384615384615385,"mixed","mc",-0.0717047587929067,0.0794657733540591,0.03426968211586,0.287,0.103457344702623
"cfg7_psi-0.4_mu-0.25_sps0.06","sps0.06_K25_exV0.3",0.06,0.06,25,0.3,-0.4,-0.25,0.384615384615385,"mixed","mcmc",-0.0724209792269868,0.0793019589614445,0.0323271945958415,0.69,0.19060239067558
"cfg7_psi-0.4_mu-0.2_sps0.06","sps0.06_K25_exV0.3",0.06,0.06,25,0.3,-0.4,-0.2,0.333333333333333,"mixed","mc",-0.0761184230308985,0.0833922689575233,0.0340795776791303,0.291,0.112431715500282
"cfg7_psi-0.4_mu-0.2_sps0.06","sps0.06_K25_exV0.3",0.06,0.06,25,0.3,-0.4,-0.2,0.333333333333333,"mixed","mcmc",-0.0775088806974537,0.0835223503021124,0.031133996511136,0.717,0.206954527062567
"cfg7_psi-0.4_mu-0.15_sps0.06","sps0.06_K25_exV0.3",0.06,0.06,25,0.3,-0.4,-0.15,0.272727272727273,"effect-dominated","mc",-0.0840256831958525,0.089872259399109,0.0319018071317164,0.239,0.121543059323821
"cfg7_psi-0.4_mu-0.15_sps0.06","sps0.06_K25_exV0.3",0.06,0.06,25,0.3,-0.4,-0.15,0.272727272727273,"effect-dominated","mcmc",-0.0852169793485866,0.0900736666352965,0.0291921913508554,0.735,0.225282274045221
"cfg7_psi-0.4_mu-0.1_sps0.06","sps0.06_K25_exV0.3",0.06,0.06,25,0.3,-0.4,-0.1,0.2,"effect-dominated","mc",-0.0938563021455924,0.0984959625161941,0.0298888360775199,0.234,0.132770956058782
"cfg7_psi-0.4_mu-0.1_sps0.06","sps0.06_K25_exV0.3",0.06,0.06,25,0.3,-0.4,-0.1,0.2,"effect-dominated","mcmc",-0.0943213363302268,0.097574648345699,0.0249984486539099,0.775,0.219442968118436
"cfg7_psi-0.4_mu-0.05_sps0.06","sps0.06_K25_exV0.3",0.06,0.06,25,0.3,-0.4,-0.05,0.111111111111111,"effect-dominated","mc",-0.0890520074420088,0.0905532949739402,0.016428910806749,0.191,0.0906156826822151
"cfg7_psi-0.4_mu-0.05_sps0.06","sps0.06_K25_exV0.3",0.06,0.06,25,0.3,-0.4,-0.05,0.111111111111111,"effect-dominated","mcmc",-0.0632706979804135,0.0637760182554393,0.00801645464869404,0.975,0.147314488792725
"cfg7_psi-0.36_mu-0.4_sps0.06","sps0.06_K25_exV0.3",0.06,0.06,25,0.3,-0.36,-0.4,0.526315789473684,"bias-dominated","mc",-0.0584251094772217,0.0716311507569981,0.041463810593521,0.326,0.0877224631196715
"cfg7_psi-0.36_mu-0.4_sps0.06","sps0.06_K25_exV0.3",0.06,0.06,25,0.3,-0.36,-0.4,0.526315789473684,"bias-dominated","mcmc",-0.0596173831543799,0.0721368546046075,0.0406342781729021,0.664,0.16255958964449
"cfg7_psi-0.36_mu-0.35_sps0.06","sps0.06_K25_exV0.3",0.06,0.06,25,0.3,-0.36,-0.35,0.492957746478873,"mixed","mc",-0.0627208892440646,0.0753614611699595,0.0417993668513563,0.328,0.0946809565702545
"cfg7_psi-0.36_mu-0.35_sps0.06","sps0.06_K25_exV0.3",0.06,0.06,25,0.3,-0.36,-0.35,0.492957746478873,"mixed","mcmc",-0.0641195494731925,0.0759022561684095,0.0406384959633576,0.687,0.174224877381963
"cfg7_psi-0.36_mu-0.3_sps0.06","sps0.06_K25_exV0.3",0.06,0.06,25,0.3,-0.36,-0.3,0.454545454545455,"mixed","mc",-0.0687778804136075,0.0798934326841869,0.0406720785041047,0.325,0.101376311532184
"cfg7_psi-0.36_mu-0.3_sps0.06","sps0.06_K25_exV0.3",0.06,0.06,25,0.3,-0.36,-0.3,0.454545454545455,"mixed","mcmc",-0.0695257162214791,0.0799953779356496,0.0395853795893763,0.674,0.187404324121698
"cfg7_psi-0.36_mu-0.25_sps0.06","sps0.06_K25_exV0.3",0.06,0.06,25,0.3,-0.36,-0.25,0.40983606557377,"mixed","mc",-0.0769642992993342,0.0858818265663341,0.0381266102104361,0.27,0.108481397079172
"cfg7_psi-0.36_mu-0.25_sps0.06","sps0.06_K25_exV0.3",0.06,0.06,25,0.3,-0.36,-0.25,0.40983606557377,"mixed","mcmc",-0.0779114794458547,0.0858723901307846,0.0361271910237025,0.669,0.202337644490674
"cfg7_psi-0.36_mu-0.2_sps0.06","sps0.06_K25_exV0.3",0.06,0.06,25,0.3,-0.36,-0.2,0.357142857142857,"mixed","mc",-0.0813718758230687,0.089374731850655,0.0369841634589499,0.298,0.120258311077604
"cfg7_psi-0.36_mu-0.2_sps0.06","sps0.06_K25_exV0.3",0.06,0.06,25,0.3,-0.36,-0.2,0.357142857142857,"mixed","mcmc",-0.0826737250236561,0.089683377349427,0.0347760368105518,0.716,0.222352348003725
"cfg7_psi-0.36_mu-0.15_sps0.06","sps0.06_K25_exV0.3",0.06,0.06,25,0.3,-0.36,-0.15,0.294117647058824,"effect-dominated","mc",-0.089911215234519,0.0969519775590971,0.0362901681447696,0.259,0.132640988329467
"cfg7_psi-0.36_mu-0.15_sps0.06","sps0.06_K25_exV0.3",0.06,0.06,25,0.3,-0.36,-0.15,0.294117647058824,"effect-dominated","mcmc",-0.0912774762303039,0.0973504668964628,0.0338626995439821,0.727,0.24443175607031
"cfg7_psi-0.36_mu-0.1_sps0.06","sps0.06_K25_exV0.3",0.06,0.06,25,0.3,-0.36,-0.1,0.217391304347826,"effect-dominated","mc",-0.10255924726343,0.107752091469619,0.0330636843691074,0.221,0.143524258023358
"cfg7_psi-0.36_mu-0.1_sps0.06","sps0.06_K25_exV0.3",0.06,0.06,25,0.3,-0.36,-0.1,0.217391304347826,"effect-dominated","mcmc",-0.103007461447273,0.106702752012609,0.0278516765948118,0.746,0.237336052773795
"cfg7_psi-0.36_mu-0.05_sps0.06","sps0.06_K25_exV0.3",0.06,0.06,25,0.3,-0.36,-0.05,0.121951219512195,"effect-dominated","mc",-0.098145642811093,0.0998076488768176,0.0181474213158753,0.179,0.0977431470581848
"cfg7_psi-0.36_mu-0.05_sps0.06","sps0.06_K25_exV0.3",0.06,0.06,25,0.3,-0.36,-0.05,0.121951219512195,"effect-dominated","mcmc",-0.0699949167370641,0.0706118172300163,0.00931811089692462,0.953,0.159722106655641
"cfg7_psi-0.31_mu-0.4_sps0.06","sps0.06_K25_exV0.3",0.06,0.06,25,0.3,-0.31,-0.4,0.563380281690141,"bias-dominated","mc",-0.0637086326793093,0.0792483218964952,0.0471564457515543,0.318,0.0936724655953694
"cfg7_psi-0.31_mu-0.4_sps0.06","sps0.06_K25_exV0.3",0.06,0.06,25,0.3,-0.31,-0.4,0.563380281690141,"bias-dominated","mcmc",-0.0649610388714122,0.0796387192044208,0.0460924455719835,0.648,0.173357021125208
"cfg7_psi-0.31_mu-0.35_sps0.06","sps0.06_K25_exV0.3",0.06,0.06,25,0.3,-0.31,-0.35,0.53030303030303,"bias-dominated","mc",-0.0682022758614347,0.0833076413809131,0.0478633845789759,0.324,0.101165432939265
"cfg7_psi-0.31_mu-0.35_sps0.06","sps0.06_K25_exV0.3",0.06,0.06,25,0.3,-0.31,-0.35,0.53030303030303,"bias-dominated","mcmc",-0.0697986415963035,0.0839036612926569,0.046584806039925,0.648,0.187180101422708
"cfg7_psi-0.31_mu-0.3_sps0.06","sps0.06_K25_exV0.3",0.06,0.06,25,0.3,-0.31,-0.3,0.491803278688525,"mixed","mc",-0.0732016609313121,0.086921543056361,0.0468942486319036,0.333,0.110209845432679
"cfg7_psi-0.31_mu-0.3_sps0.06","sps0.06_K25_exV0.3",0.06,0.06,25,0.3,-0.31,-0.3,0.491803278688525,"mixed","mcmc",-0.0741592079473876,0.0872309435380107,0.0459539024272806,0.666,0.203173027293034
"cfg7_psi-0.31_mu-0.25_sps0.06","sps0.06_K25_exV0.3",0.06,0.06,25,0.3,-0.31,-0.25,0.446428571428571,"mixed","mc",-0.0827166314862158,0.0937172982943305,0.0440775873757964,0.282,0.117971010129977
"cfg7_psi-0.31_mu-0.25_sps0.06","sps0.06_K25_exV0.3",0.06,0.06,25,0.3,-0.31,-0.25,0.446428571428571,"mixed","mcmc",-0.0834887764682547,0.0937251936367558,0.0426128147164585,0.659,0.221512534478134
"cfg7_psi-0.31_mu-0.2_sps0.06","sps0.06_K25_exV0.3",0.06,0.06,25,0.3,-0.31,-0.2,0.392156862745098,"mixed","mc",-0.0894906725356697,0.0998130725861333,0.0442269715582184,0.314,0.132017109059128
"cfg7_psi-0.31_mu-0.2_sps0.06","sps0.06_K25_exV0.3",0.06,0.06,25,0.3,-0.31,-0.2,0.392156862745098,"mixed","mcmc",-0.0911641646664658,0.10039777422149,0.0420782453058908,0.691,0.244097656729675
"cfg7_psi-0.31_mu-0.15_sps0.06","sps0.06_K25_exV0.3",0.06,0.06,25,0.3,-0.31,-0.15,0.326086956521739,"effect-dominated","mc",-0.0994837922633248,0.108657602419541,0.0437191148294682,0.278,0.148922117234984
"cfg7_psi-0.31_mu-0.15_sps0.06","sps0.06_K25_exV0.3",0.06,0.06,25,0.3,-0.31,-0.15,0.326086956521739,"effect-dominated","mcmc",-0.100766256911281,0.108659347105436,0.0406776333053018,0.718,0.272633067506056
"cfg7_psi-0.31_mu-0.1_sps0.06","sps0.06_K25_exV0.3",0.06,0.06,25,0.3,-0.31,-0.1,0.24390243902439,"effect-dominated","mc",-0.113642882516546,0.119962429322801,0.0384416110460843,0.247,0.162966817540601
"cfg7_psi-0.31_mu-0.1_sps0.06","sps0.06_K25_exV0.3",0.06,0.06,25,0.3,-0.31,-0.1,0.24390243902439,"effect-dominated","mcmc",-0.114365291179635,0.11897095453662,0.0327985356486005,0.746,0.267889113250849
"cfg7_psi-0.31_mu-0.05_sps0.06","sps0.06_K25_exV0.3",0.06,0.06,25,0.3,-0.31,-0.05,0.138888888888889,"effect-dominated","mc",-0.112265015957807,0.11417128041235,0.0207865230986627,0.201,0.111725181733659
"cfg7_psi-0.31_mu-0.05_sps0.06","sps0.06_K25_exV0.3",0.06,0.06,25,0.3,-0.31,-0.05,0.138888888888889,"effect-dominated","mcmc",-0.0795759505413081,0.0804048589075661,0.0115213789785106,0.921,0.182680981059644
"cfg7_psi-0.27_mu-0.4_sps0.06","sps0.06_K25_exV0.3",0.06,0.06,25,0.3,-0.27,-0.4,0.597014925373134,"bias-dominated","mc",-0.0664982442184155,0.0844087118062707,0.0520146101045308,0.324,0.100042267657551
"cfg7_psi-0.27_mu-0.4_sps0.06","sps0.06_K25_exV0.3",0.06,0.06,25,0.3,-0.27,-0.4,0.597014925373134,"bias-dominated","mcmc",-0.0679586375855479,0.0848422223830784,0.0508174053361738,0.641,0.184636938979782
"cfg7_psi-0.27_mu-0.35_sps0.06","sps0.06_K25_exV0.3",0.06,0.06,25,0.3,-0.27,-0.35,0.564516129032258,"bias-dominated","mc",-0.0737909711531232,0.0910778241258578,0.0534126908076998,0.322,0.106898777302142
"cfg7_psi-0.27_mu-0.35_sps0.06","sps0.06_K25_exV0.3",0.06,0.06,25,0.3,-0.27,-0.35,0.564516129032258,"bias-dominated","mcmc",-0.0752857716718251,0.0915515862819433,0.0521196891444533,0.613,0.198400903263568
"cfg7_psi-0.27_mu-0.3_sps0.06","sps0.06_K25_exV0.3",0.06,0.06,25,0.3,-0.27,-0.3,0.526315789473684,"bias-dominated","mc",-0.0794548321835593,0.0956315601356315,0.0532462214317043,0.324,0.11783406239166
"cfg7_psi-0.27_mu-0.3_sps0.06","sps0.06_K25_exV0.3",0.06,0.06,25,0.3,-0.27,-0.3,0.526315789473684,"bias-dominated","mcmc",-0.0808132143255842,0.0961143196265652,0.0520566683948281,0.649,0.217048941943134
"cfg7_psi-0.27_mu-0.25_sps0.06","sps0.06_K25_exV0.3",0.06,0.06,25,0.3,-0.27,-0.25,0.480769230769231,"mixed","mc",-0.0861130731571241,0.100595075745385,0.052025133446881,0.321,0.128955086154488
"cfg7_psi-0.27_mu-0.25_sps0.06","sps0.06_K25_exV0.3",0.06,0.06,25,0.3,-0.27,-0.25,0.480769230769231,"mixed","mcmc",-0.0872770806240251,0.100748378714318,0.0503535747867508,0.67,0.239937517008615
"cfg7_psi-0.27_mu-0.2_sps0.06","sps0.06_K25_exV0.3",0.06,0.06,25,0.3,-0.27,-0.2,0.425531914893617,"mixed","mc",-0.0962748641483153,0.110364184473774,0.053984424289331,0.313,0.143479653056122
"cfg7_psi-0.27_mu-0.2_sps0.06","sps0.06_K25_exV0.3",0.06,0.06,25,0.3,-0.27,-0.2,0.425531914893617,"mixed","mcmc",-0.0978684630748569,0.110577825454639,0.0514963230622432,0.672,0.265622832428094
"cfg7_psi-0.27_mu-0.15_sps0.06","sps0.06_K25_exV0.3",0.06,0.06,25,0.3,-0.27,-0.15,0.357142857142857,"mixed","mc",-0.108327705091227,0.118900858442892,0.049040058885572,0.285,0.161656141258751
"cfg7_psi-0.27_mu-0.15_sps0.06","sps0.06_K25_exV0.3",0.06,0.06,25,0.3,-0.27,-0.15,0.357142857142857,"mixed","mcmc",-0.108919295962287,0.118297576692123,0.0461848097859411,0.712,0.298287611662359
"cfg7_psi-0.27_mu-0.1_sps0.06","sps0.06_K25_exV0.3",0.06,0.06,25,0.3,-0.27,-0.1,0.27027027027027,"effect-dominated","mc",-0.124241691810646,0.131927321683954,0.0443935920347016,0.264,0.182978281308762
"cfg7_psi-0.27_mu-0.1_sps0.06","sps0.06_K25_exV0.3",0.06,0.06,25,0.3,-0.27,-0.1,0.27027027027027,"effect-dominated","mcmc",-0.12563541515127,0.13127215126195,0.0380732153414292,0.754,0.299964777864161
"cfg7_psi-0.27_mu-0.05_sps0.06","sps0.06_K25_exV0.3",0.06,0.06,25,0.3,-0.27,-0.05,0.15625,"effect-dominated","mc",-0.1256412903829,0.127898191537108,0.0239329550143375,0.211,0.126424684988367
"cfg7_psi-0.27_mu-0.05_sps0.06","sps0.06_K25_exV0.3",0.06,0.06,25,0.3,-0.27,-0.05,0.15625,"effect-dominated","mcmc",-0.0890034880342041,0.0901644441450011,0.0144296333994441,0.895,0.207867679613167
"cfg7_psi-0.23_mu-0.4_sps0.06","sps0.06_K25_exV0.3",0.06,0.06,25,0.3,-0.23,-0.4,0.634920634920635,"bias-dominated","mc",-0.0687311343303061,0.0894187149598984,0.0572277272964818,0.33,0.10623535996583
"cfg7_psi-0.23_mu-0.4_sps0.06","sps0.06_K25_exV0.3",0.06,0.06,25,0.3,-0.23,-0.4,0.634920634920635,"bias-dominated","mcmc",-0.0702819946578361,0.0897618836174472,0.0558637425814208,0.656,0.196917689167884
"cfg7_psi-0.23_mu-0.35_sps0.06","sps0.06_K25_exV0.3",0.06,0.06,25,0.3,-0.23,-0.35,0.603448275862069,"bias-dominated","mc",-0.0789224109935932,0.0986404779149552,0.0592005205034297,0.309,0.114188382963913
"cfg7_psi-0.23_mu-0.35_sps0.06","sps0.06_K25_exV0.3",0.06,0.06,25,0.3,-0.23,-0.35,0.603448275862069,"bias-dominated","mcmc",-0.0804919406401335,0.0990068290295689,0.0576777809289538,0.609,0.212548132606314
"cfg7_psi-0.23_mu-0.3_sps0.06","sps0.06_K25_exV0.3",0.06,0.06,25,0.3,-0.23,-0.3,0.566037735849057,"bias-dominated","mc",-0.083997516625312,0.103850246231021,0.0610984767968164,0.329,0.127619153522048
"cfg7_psi-0.23_mu-0.3_sps0.06","sps0.06_K25_exV0.3",0.06,0.06,25,0.3,-0.23,-0.3,0.566037735849057,"bias-dominated","mcmc",-0.0852651453232819,0.104148125324401,0.0598353346180628,0.643,0.234126485898968
"cfg7_psi-0.23_mu-0.25_sps0.06","sps0.06_K25_exV0.3",0.06,0.06,25,0.3,-0.23,-0.25,0.520833333333333,"bias-dominated","mc",-0.0890570962171822,0.108825890294942,0.0625765438138438,0.358,0.141038009624901
"cfg7_psi-0.23_mu-0.25_sps0.06","sps0.06_K25_exV0.3",0.06,0.06,25,0.3,-0.23,-0.25,0.520833333333333,"bias-dominated","mcmc",-0.0904006402688288,0.108973781559979,0.0608828056391163,0.668,0.261302523573221
"cfg7_psi-0.23_mu-0.2_sps0.06","sps0.06_K25_exV0.3",0.06,0.06,25,0.3,-0.23,-0.2,0.465116279069767,"mixed","mc",-0.105173192952381,0.122748089439408,0.0633222129104321,0.32,0.159250204558188
"cfg7_psi-0.23_mu-0.2_sps0.06","sps0.06_K25_exV0.3",0.06,0.06,25,0.3,-0.23,-0.2,0.465116279069767,"mixed","mcmc",-0.106589117450112,0.122725269469057,0.0608601327900453,0.675,0.291178384389059
"cfg7_psi-0.23_mu-0.15_sps0.06","sps0.06_K25_exV0.3",0.06,0.06,25,0.3,-0.23,-0.15,0.394736842105263,"mixed","mc",-0.119848826548903,0.133054694994358,0.0578200120086571,0.281,0.176775200871224
"cfg7_psi-0.23_mu-0.15_sps0.06","sps0.06_K25_exV0.3",0.06,0.06,25,0.3,-0.23,-0.15,0.394736842105263,"mixed","mcmc",-0.120823700123852,0.132325720268867,0.0539874464800237,0.693,0.328358732733003
"cfg7_psi-0.23_mu-0.1_sps0.06","sps0.06_K25_exV0.3",0.06,0.06,25,0.3,-0.23,-0.1,0.303030303030303,"effect-dominated","mc",-0.139390017161748,0.149212234437263,0.0532686734674436,0.259,0.20388060924917
"cfg7_psi-0.23_mu-0.1_sps0.06","sps0.06_K25_exV0.3",0.06,0.06,25,0.3,-0.23,-0.1,0.303030303030303,"effect-dominated","mcmc",-0.141547352265965,0.14892553125935,0.0463174506380475,0.715,0.335743776149668
"cfg7_psi-0.23_mu-0.05_sps0.06","sps0.06_K25_exV0.3",0.06,0.06,25,0.3,-0.23,-0.05,0.178571428571429,"effect-dominated","mc",-0.141358816496229,0.144413001664937,0.0295579722305982,0.24,0.147408077293685
"cfg7_psi-0.23_mu-0.05_sps0.06","sps0.06_K25_exV0.3",0.06,0.06,25,0.3,-0.23,-0.05,0.178571428571429,"effect-dominated","mcmc",-0.100866990041502,0.102778214606252,0.0197383210769089,0.863,0.242026788221751
"cfg7_psi-0.18_mu-0.4_sps0.06","sps0.06_K25_exV0.3",0.06,0.06,25,0.3,-0.18,-0.4,0.689655172413793,"bias-dominated","mc",-0.0723679689821509,0.0996142603685942,0.068487725197171,0.329,0.115602636790656
"cfg7_psi-0.18_mu-0.4_sps0.06","sps0.06_K25_exV0.3",0.06,0.06,25,0.3,-0.18,-0.4,0.689655172413793,"bias-dominated","mcmc",-0.0737987134105201,0.09985052948752,0.0672934361170126,0.632,0.214543387003795
"cfg7_psi-0.18_mu-0.35_sps0.06","sps0.06_K25_exV0.3",0.06,0.06,25,0.3,-0.18,-0.35,0.660377358490566,"bias-dominated","mc",-0.0802632388060732,0.107415979524453,0.0714220292334016,0.335,0.126345126194287
"cfg7_psi-0.18_mu-0.35_sps0.06","sps0.06_K25_exV0.3",0.06,0.06,25,0.3,-0.18,-0.35,0.660377358490566,"bias-dominated","mcmc",-0.0815767478127309,0.107332318670545,0.0697877580860158,0.641,0.234876711592945
"cfg7_psi-0.18_mu-0.3_sps0.06","sps0.06_K25_exV0.3",0.06,0.06,25,0.3,-0.18,-0.3,0.625,"bias-dominated","mc",-0.0898587930821596,0.118283486865988,0.0769564998805675,0.329,0.14166601669201
"cfg7_psi-0.18_mu-0.3_sps0.06","sps0.06_K25_exV0.3",0.06,0.06,25,0.3,-0.18,-0.3,0.625,"bias-dominated","mcmc",-0.0913788113948504,0.118556696574812,0.075573238948993,0.632,0.259532035018594
"cfg7_psi-0.18_mu-0.25_sps0.06","sps0.06_K25_exV0.3",0.06,0.06,25,0.3,-0.18,-0.25,0.581395348837209,"bias-dominated","mc",-0.0963212467712165,0.125634513291055,0.0807016797311557,0.364,0.158244803265543
"cfg7_psi-0.18_mu-0.25_sps0.06","sps0.06_K25_exV0.3",0.06,0.06,25,0.3,-0.18,-0.25,0.581395348837209,"bias-dominated","mcmc",-0.0977001704124958,0.125876276873393,0.079409190906827,0.645,0.293279139089321
"cfg7_psi-0.18_mu-0.2_sps0.06","sps0.06_K25_exV0.3",0.06,0.06,25,0.3,-0.18,-0.2,0.526315789473684,"bias-dominated","mc",-0.115009226037392,0.141211013396574,0.0819765111428055,0.325,0.182045796076385
"cfg7_psi-0.18_mu-0.2_sps0.06","sps0.06_K25_exV0.3",0.06,0.06,25,0.3,-0.18,-0.2,0.526315789473684,"bias-dominated","mcmc",-0.11611432998589,0.140566436447263,0.0792632834009916,0.658,0.331882253997401
"cfg7_psi-0.18_mu-0.15_sps0.06","sps0.06_K25_exV0.3",0.06,0.06,25,0.3,-0.18,-0.15,0.454545454545455,"mixed","mc",-0.133949275349011,0.153248999075496,0.0744875543085103,0.3,0.205792553403421
"cfg7_psi-0.18_mu-0.15_sps0.06","sps0.06_K25_exV0.3",0.06,0.06,25,0.3,-0.18,-0.15,0.454545454545455,"mixed","mcmc",-0.135546800545451,0.153061173845588,0.0711326060856025,0.665,0.380696517863689
"cfg7_psi-0.18_mu-0.1_sps0.06","sps0.06_K25_exV0.3",0.06,0.06,25,0.3,-0.18,-0.1,0.357142857142857,"mixed","mc",-0.162285543108053,0.177054736329507,0.0708293650528462,0.269,0.244876429655363
"cfg7_psi-0.18_mu-0.1_sps0.06","sps0.06_K25_exV0.3",0.06,0.06,25,0.3,-0.18,-0.1,0.357142857142857,"mixed","mcmc",-0.16428615140908,0.176171653454346,0.0636440295591786,0.694,0.403295529698852
"cfg7_psi-0.18_mu-0.05_sps0.06","sps0.06_K25_exV0.3",0.06,0.06,25,0.3,-0.18,-0.05,0.217391304347826,"effect-dominated","mc",-0.170932098912086,0.175674302384821,0.04056258625021,0.255,0.183082979353101
"cfg7_psi-0.18_mu-0.05_sps0.06","sps0.06_K25_exV0.3",0.06,0.06,25,0.3,-0.18,-0.05,0.217391304347826,"effect-dominated","mcmc",-0.122567385637083,0.126871663258396,0.0327830694976568,0.814,0.298902535618002
"cfg7_psi-0.14_mu-0.4_sps0.06","sps0.06_K25_exV0.3",0.06,0.06,25,0.3,-0.14,-0.4,0.740740740740741,"bias-dominated","mc",-0.0785321467334439,0.112306913648833,0.0803243224655078,0.331,0.12426622104217
"cfg7_psi-0.14_mu-0.4_sps0.06","sps0.06_K25_exV0.3",0.06,0.06,25,0.3,-0.14,-0.4,0.740740740740741,"bias-dominated","mcmc",-0.0805123115476912,0.11244461416091,0.0785348754994438,0.585,0.228192789824586
"cfg7_psi-0.14_mu-0.35_sps0.06","sps0.06_K25_exV0.3",0.06,0.06,25,0.3,-0.14,-0.35,0.714285714285714,"bias-dominated","mc",-0.0848236772861787,0.117448884149846,0.0812760109112389,0.359,0.137572802276947
"cfg7_psi-0.14_mu-0.35_sps0.06","sps0.06_K25_exV0.3",0.06,0.06,25,0.3,-0.14,-0.35,0.714285714285714,"bias-dominated","mcmc",-0.0861780070043151,0.117339010103324,0.0796752316804629,0.641,0.253387255877627
"cfg7_psi-0.14_mu-0.3_sps0.06","sps0.06_K25_exV0.3",0.06,0.06,25,0.3,-0.14,-0.3,0.681818181818182,"bias-dominated","mc",-0.0933340991698196,0.133184518928768,0.0950573401287772,0.333,0.155038926366637
"cfg7_psi-0.14_mu-0.3_sps0.06","sps0.06_K25_exV0.3",0.06,0.06,25,0.3,-0.14,-0.3,0.681818181818182,"bias-dominated","mcmc",-0.095271290291018,0.132630687126615,0.092319029550682,0.611,0.28249849468856
"cfg7_psi-0.14_mu-0.25_sps0.06","sps0.06_K25_exV0.3",0.06,0.06,25,0.3,-0.14,-0.25,0.641025641025641,"bias-dominated","mc",-0.107159398530413,0.143582998976428,0.0956142404908898,0.347,0.172699201834762
"cfg7_psi-0.14_mu-0.25_sps0.06","sps0.06_K25_exV0.3",0.06,0.06,25,0.3,-0.14,-0.25,0.641025641025641,"bias-dominated","mcmc",-0.108920730929525,0.143522445952703,0.0935078102438569,0.616,0.319345745467855
"cfg7_psi-0.14_mu-0.2_sps0.06","sps0.06_K25_exV0.3",0.06,0.06,25,0.3,-0.14,-0.2,0.588235294117647,"bias-dominated","mc",-0.122224977099696,0.160337085470626,0.103825891597229,0.332,0.202989981567013
"cfg7_psi-0.14_mu-0.2_sps0.06","sps0.06_K25_exV0.3",0.06,0.06,25,0.3,-0.14,-0.2,0.588235294117647,"bias-dominated","mcmc",-0.124195854422115,0.158515689197985,0.0985511328806786,0.635,0.371958597943649
"cfg7_psi-0.14_mu-0.15_sps0.06","sps0.06_K25_exV0.3",0.06,0.06,25,0.3,-0.14,-0.15,0.517241379310345,"bias-dominated","mc",-0.145258530449234,0.177820245821949,0.102618369143117,0.312,0.240808915279275
"cfg7_psi-0.14_mu-0.15_sps0.06","sps0.06_K25_exV0.3",0.06,0.06,25,0.3,-0.14,-0.15,0.517241379310345,"bias-dominated","mcmc",-0.147138231012293,0.177372608777194,0.0991019905124216,0.649,0.440568601384629
"cfg7_psi-0.14_mu-0.1_sps0.06","sps0.06_K25_exV0.3",0.06,0.06,25,0.3,-0.14,-0.1,0.416666666666667,"mixed","mc",-0.183653467926591,0.207271140990772,0.0961351734680441,0.3,0.291004412843075
"cfg7_psi-0.14_mu-0.1_sps0.06","sps0.06_K25_exV0.3",0.06,0.06,25,0.3,-0.14,-0.1,0.416666666666667,"mixed","mcmc",-0.185177729549859,0.204844483383424,0.0876250477910381,0.676,0.476829353474505
"cfg7_psi-0.14_mu-0.05_sps0.06","sps0.06_K25_exV0.3",0.06,0.06,25,0.3,-0.14,-0.05,0.263157894736842,"effect-dominated","mc",-0.204838834265868,0.212334378555465,0.0559470317666574,0.276,0.231193325947408
"cfg7_psi-0.14_mu-0.05_sps0.06","sps0.06_K25_exV0.3",0.06,0.06,25,0.3,-0.14,-0.05,0.263157894736842,"effect-dominated","mcmc",-0.146173242341743,0.153998640958022,0.0484903697261233,0.786,0.376066160045811
"cfg7_psi-0.1_mu-0.4_sps0.06","sps0.06_K25_exV0.3",0.06,0.06,25,0.3,-0.1,-0.4,0.8,"bias-dominated","mc",-0.0844034184463993,0.125758255961715,0.0932732641162142,0.331,0.133550208102342
"cfg7_psi-0.1_mu-0.4_sps0.06","sps0.06_K25_exV0.3",0.06,0.06,25,0.3,-0.1,-0.4,0.8,"bias-dominated","mcmc",-0.0868037016005414,0.125466215133364,0.0906372088712344,0.571,0.241425536328644
"cfg7_psi-0.1_mu-0.35_sps0.06","sps0.06_K25_exV0.3",0.06,0.06,25,0.3,-0.1,-0.35,0.777777777777778,"bias-dominated","mc",-0.0921537457425236,0.131877291843545,0.0943833431547902,0.37,0.150233646178102
"cfg7_psi-0.1_mu-0.35_sps0.06","sps0.06_K25_exV0.3",0.06,0.06,25,0.3,-0.1,-0.35,0.777777777777778,"bias-dominated","mcmc",-0.0939342829892954,0.131613944403713,0.0922338762533563,0.62,0.272456217895487
"cfg7_psi-0.1_mu-0.3_sps0.06","sps0.06_K25_exV0.3",0.06,0.06,25,0.3,-0.1,-0.3,0.75,"bias-dominated","mc",-0.103821102265668,0.150921156045045,0.109591899567282,0.339,0.167630177984918
"cfg7_psi-0.1_mu-0.3_sps0.06","sps0.06_K25_exV0.3",0.06,0.06,25,0.3,-0.1,-0.3,0.75,"bias-dominated","mcmc",-0.105976284909159,0.149697305746134,0.105780432426743,0.588,0.303853746448059
"cfg7_psi-0.1_mu-0.25_sps0.06","sps0.06_K25_exV0.3",0.06,0.06,25,0.3,-0.1,-0.25,0.714285714285714,"bias-dominated","mc",-0.117591152453048,0.163030792622179,0.112978424188479,0.342,0.192327303073656
"cfg7_psi-0.1_mu-0.25_sps0.06","sps0.06_K25_exV0.3",0.06,0.06,25,0.3,-0.1,-0.25,0.714285714285714,"bias-dominated","mcmc",-0.120197686921343,0.162391335807088,0.109249244397252,0.611,0.349797082728849
"cfg7_psi-0.1_mu-0.2_sps0.06","sps0.06_K25_exV0.3",0.06,0.06,25,0.3,-0.1,-0.2,0.666666666666667,"bias-dominated","mc",-0.136316967515128,0.184635457712762,0.124593178273744,0.327,0.228425703226165
"cfg7_psi-0.1_mu-0.2_sps0.06","sps0.06_K25_exV0.3",0.06,0.06,25,0.3,-0.1,-0.2,0.666666666666667,"bias-dominated","mcmc",-0.139053152161845,0.182482578064347,0.118228973864812,0.628,0.414646881473455
"cfg7_psi-0.1_mu-0.15_sps0.06","sps0.06_K25_exV0.3",0.06,0.06,25,0.3,-0.1,-0.15,0.6,"bias-dominated","mc",-0.157668114401147,0.209184286008522,0.137541808055023,0.342,0.284423334954153
"cfg7_psi-0.1_mu-0.15_sps0.06","sps0.06_K25_exV0.3",0.06,0.06,25,0.3,-0.1,-0.15,0.6,"bias-dominated","mcmc",-0.160412121013133,0.206612792548004,0.130283426604462,0.644,0.51157265288147
"cfg7_psi-0.1_mu-0.1_sps0.06","sps0.06_K25_exV0.3",0.06,0.06,25,0.3,-0.1,-0.1,0.5,"mixed","mc",-0.211561965800434,0.247865247532784,0.129210723131311,0.328,0.353992140572546
"cfg7_psi-0.1_mu-0.1_sps0.06","sps0.06_K25_exV0.3",0.06,0.06,25,0.3,-0.1,-0.1,0.5,"mixed","mcmc",-0.215694669460431,0.245021301986125,0.116296056537174,0.654,0.571344123611084
"cfg7_psi-0.1_mu-0.05_sps0.06","sps0.06_K25_exV0.3",0.06,0.06,25,0.3,-0.1,-0.05,0.333333333333333,"mixed","mc",-0.2489986169997,0.271903848887823,0.109285566784257,0.307,0.304315327368353
"cfg7_psi-0.1_mu-0.05_sps0.06","sps0.06_K25_exV0.3",0.06,0.06,25,0.3,-0.1,-0.05,0.333333333333333,"mixed","mcmc",-0.181177421751346,0.198117505285946,0.0801980016442383,0.732,0.478085035623454
"cfg7_psi-0.05_mu-0.4_sps0.06","sps0.06_K25_exV0.3",0.06,0.06,25,0.3,-0.05,-0.4,0.888888888888889,"bias-dominated","mc",-0.0968717429652052,0.139046409379654,0.0997984423994824,0.364,0.140639227828059
"cfg7_psi-0.05_mu-0.4_sps0.06","sps0.06_K25_exV0.3",0.06,0.06,25,0.3,-0.05,-0.4,0.888888888888889,"bias-dominated","mcmc",-0.101479737613404,0.138654424772172,0.0945296155235363,0.594,0.247501271760337
"cfg7_psi-0.05_mu-0.35_sps0.06","sps0.06_K25_exV0.3",0.06,0.06,25,0.3,-0.05,-0.35,0.875,"bias-dominated","mc",-0.108936060979059,0.153645697682066,0.108405196929376,0.383,0.160592501946042
"cfg7_psi-0.05_mu-0.35_sps0.06","sps0.06_K25_exV0.3",0.06,0.06,25,0.3,-0.05,-0.35,0.875,"bias-dominated","mcmc",-0.11330803151588,0.15261486612791,0.102289053215111,0.594,0.280588771693683
"cfg7_psi-0.05_mu-0.3_sps0.06","sps0.06_K25_exV0.3",0.06,0.06,25,0.3,-0.05,-0.3,0.857142857142857,"bias-dominated","mc",-0.125484513659994,0.174747899454226,0.121676910158192,0.356,0.181842213764953
"cfg7_psi-0.05_mu-0.3_sps0.06","sps0.06_K25_exV0.3",0.06,0.06,25,0.3,-0.05,-0.3,0.857142857142857,"bias-dominated","mcmc",-0.129793232450926,0.172838848080752,0.114192925525451,0.6,0.320731642376096
"cfg7_psi-0.05_mu-0.25_sps0.06","sps0.06_K25_exV0.3",0.06,0.06,25,0.3,-0.05,-0.25,0.833333333333333,"bias-dominated","mc",-0.136002950992328,0.189744162528517,0.132376614638424,0.387,0.212987628285504
"cfg7_psi-0.05_mu-0.25_sps0.06","sps0.06_K25_exV0.3",0.06,0.06,25,0.3,-0.05,-0.25,0.833333333333333,"bias-dominated","mcmc",-0.142406303009011,0.187528370015937,0.122074717533159,0.626,0.375505287481313
"cfg7_psi-0.05_mu-0.2_sps0.06","sps0.06_K25_exV0.3",0.06,0.06,25,0.3,-0.05,-0.2,0.8,"bias-dominated","mc",-0.169063941567582,0.226445009514193,0.150723068702024,0.359,0.255625152312382
"cfg7_psi-0.05_mu-0.2_sps0.06","sps0.06_K25_exV0.3",0.06,0.06,25,0.3,-0.05,-0.2,0.8,"bias-dominated","mcmc",-0.176682272848703,0.224743258981559,0.138968410575232,0.593,0.452763556263813
"cfg7_psi-0.05_mu-0.15_sps0.06","sps0.06_K25_exV0.3",0.06,0.06,25,0.3,-0.05,-0.15,0.75,"bias-dominated","mc",-0.193265009868214,0.261218220481471,0.175825223393366,0.374,0.33263207596836
"cfg7_psi-0.05_mu-0.15_sps0.06","sps0.06_K25_exV0.3",0.06,0.06,25,0.3,-0.05,-0.15,0.75,"bias-dominated","mcmc",-0.202977885158193,0.256922551235888,0.157588100692104,0.634,0.583734429305201
"cfg7_psi-0.05_mu-0.1_sps0.06","sps0.06_K25_exV0.3",0.06,0.06,25,0.3,-0.05,-0.1,0.666666666666667,"bias-dominated","mc",-0.272957069210799,0.332154222495169,0.189358714116443,0.351,0.45114603049849
"cfg7_psi-0.05_mu-0.1_sps0.06","sps0.06_K25_exV0.3",0.06,0.06,25,0.3,-0.05,-0.1,0.666666666666667,"bias-dominated","mcmc",-0.285327910006275,0.328425628566971,0.162720174306037,0.614,0.702034462012358
"cfg7_psi-0.05_mu-0.05_sps0.06","sps0.06_K25_exV0.3",0.06,0.06,25,0.3,-0.05,-0.05,0.5,"mixed","mc",-0.373133467059849,0.39939899968799,0.142517676095505,0.342,0.423640600575247
"cfg7_psi-0.05_mu-0.05_sps0.06","sps0.06_K25_exV0.3",0.06,0.06,25,0.3,-0.05,-0.05,0.5,"mixed","mcmc",-0.286536791584045,0.306797473417506,0.109696810137036,0.652,0.623518955323211
"cfg7_psi-0.01_mu-0.4_sps0.06","sps0.06_K25_exV0.3",0.06,0.06,25,0.3,-0.01,-0.4,0.975609756097561,"bias-dominated","mc",-0.128804124986162,0.158119800095825,0.0917594047346102,0.347,0.140715720136153
"cfg7_psi-0.01_mu-0.4_sps0.06","sps0.06_K25_exV0.3",0.06,0.06,25,0.3,-0.01,-0.4,0.975609756097561,"bias-dominated","mcmc",-0.13564643748814,0.159641144824764,0.084216575264532,0.549,0.24075772373018
"cfg7_psi-0.01_mu-0.35_sps0.06","sps0.06_K25_exV0.3",0.06,0.06,25,0.3,-0.01,-0.35,0.972222222222222,"bias-dominated","mc",-0.144468969256849,0.176838334744204,0.102033937890528,0.354,0.159660685870613
"cfg7_psi-0.01_mu-0.35_sps0.06","sps0.06_K25_exV0.3",0.06,0.06,25,0.3,-0.01,-0.35,0.972222222222222,"bias-dominated","mcmc",-0.151823430390348,0.178073153543062,0.0931040405118798,0.542,0.27190058708928
"cfg7_psi-0.01_mu-0.3_sps0.06","sps0.06_K25_exV0.3",0.06,0.06,25,0.3,-0.01,-0.3,0.967741935483871,"bias-dominated","mc",-0.169466256182007,0.204233062735937,0.114040945574048,0.341,0.183776484279022
"cfg7_psi-0.01_mu-0.3_sps0.06","sps0.06_K25_exV0.3",0.06,0.06,25,0.3,-0.01,-0.3,0.967741935483871,"bias-dominated","mcmc",-0.177412349991503,0.205537144055749,0.103832349553982,0.538,0.314442036412427
"cfg7_psi-0.01_mu-0.25_sps0.06","sps0.06_K25_exV0.3",0.06,0.06,25,0.3,-0.01,-0.25,0.961538461538462,"bias-dominated","mc",-0.193319052460735,0.234997856709744,0.133677246456072,0.375,0.216055413809733
"cfg7_psi-0.01_mu-0.25_sps0.06","sps0.06_K25_exV0.3",0.06,0.06,25,0.3,-0.01,-0.25,0.961538461538462,"bias-dominated","mcmc",-0.204096877223775,0.235889301430279,0.118331016501316,0.541,0.366957233384174
"cfg7_psi-0.01_mu-0.2_sps0.06","sps0.06_K25_exV0.3",0.06,0.06,25,0.3,-0.01,-0.2,0.952380952380952,"bias-dominated","mc",-0.239398515695645,0.282256066661088,0.149596848452022,0.32,0.264895826250595
"cfg7_psi-0.01_mu-0.2_sps0.06","sps0.06_K25_exV0.3",0.06,0.06,25,0.3,-0.01,-0.2,0.952380952380952,"bias-dominated","mcmc",-0.252566654223911,0.285153065432377,0.132438271641608,0.532,0.453931000123962
"cfg7_psi-0.01_mu-0.15_sps0.06","sps0.06_K25_exV0.3",0.06,0.06,25,0.3,-0.01,-0.15,0.9375,"bias-dominated","mc",-0.288328625546819,0.341769333619819,0.183593539322326,0.349,0.339719983532062
"cfg7_psi-0.01_mu-0.15_sps0.06","sps0.06_K25_exV0.3",0.06,0.06,25,0.3,-0.01,-0.15,0.9375,"bias-dominated","mcmc",-0.308858466093764,0.344956244076634,0.15370388131989,0.54,0.589449565850039
"cfg7_psi-0.01_mu-0.1_sps0.06","sps0.06_K25_exV0.3",0.06,0.06,25,0.3,-0.01,-0.1,0.909090909090909,"bias-dominated","mc",-0.412484425183328,0.462061514513378,0.208328689859546,0.317,0.504053242978845
"cfg7_psi-0.01_mu-0.1_sps0.06","sps0.06_K25_exV0.3",0.06,0.06,25,0.3,-0.01,-0.1,0.909090909090909,"bias-dominated","mcmc",-0.434172418170787,0.466521613574253,0.170780248052229,0.5,0.767933031179889
"cfg7_psi-0.01_mu-0.05_sps0.06","sps0.06_K25_exV0.3",0.06,0.06,25,0.3,-0.01,-0.05,0.833333333333333,"bias-dominated","mc",-0.651087378971802,0.676874500522628,0.185144789271478,0.244,0.512099473852926
"cfg7_psi-0.01_mu-0.05_sps0.06","sps0.06_K25_exV0.3",0.06,0.06,25,0.3,-0.01,-0.05,0.833333333333333,"bias-dominated","mcmc",-0.55856129607498,0.572702929481783,0.1265461888085,0.481,0.707296458355917
"cfg8_psi-0.4_mu-0.4_sps0.1","sps0.1_K25_exV0.3",0.1,0.1,25,0.3,-0.4,-0.4,0.5,"mixed","mc",-0.0497793852072699,0.0792662985713518,0.061716836158818,0.347,0.0847669382037914
"cfg8_psi-0.4_mu-0.4_sps0.1","sps0.1_K25_exV0.3",0.1,0.1,25,0.3,-0.4,-0.4,0.5,"mixed","mcmc",-0.0506505239191109,0.0793524084099694,0.061115171695689,0.584,0.156475113030803
"cfg8_psi-0.4_mu-0.35_sps0.1","sps0.1_K25_exV0.3",0.1,0.1,25,0.3,-0.4,-0.35,0.466666666666667,"mixed","mc",-0.0564462625345385,0.0824976478529845,0.0601938921470343,0.321,0.0899646559247737
"cfg8_psi-0.4_mu-0.35_sps0.1","sps0.1_K25_exV0.3",0.1,0.1,25,0.3,-0.4,-0.35,0.466666666666667,"mixed","mcmc",-0.057566649514938,0.0826741379515954,0.0593684981133257,0.61,0.166114971939456
"cfg8_psi-0.4_mu-0.3_sps0.1","sps0.1_K25_exV0.3",0.1,0.1,25,0.3,-0.4,-0.3,0.428571428571428,"mixed","mc",-0.0580664119684815,0.0831956155779131,0.0596100294254465,0.339,0.0981893274422164
"cfg8_psi-0.4_mu-0.3_sps0.1","sps0.1_K25_exV0.3",0.1,0.1,25,0.3,-0.4,-0.3,0.428571428571428,"mixed","mcmc",-0.0590338922146529,0.0831465129804642,0.0585813448528114,0.618,0.179782717390497
"cfg8_psi-0.4_mu-0.25_sps0.1","sps0.1_K25_exV0.3",0.1,0.1,25,0.3,-0.4,-0.25,0.384615384615385,"mixed","mc",-0.0669939216238761,0.0858483947339794,0.0537089004713831,0.338,0.105098100351478
"cfg8_psi-0.4_mu-0.25_sps0.1","sps0.1_K25_exV0.3",0.1,0.1,25,0.3,-0.4,-0.25,0.384615384615385,"mixed","mcmc",-0.0677181014491866,0.0855935641841285,0.0523761417640349,0.631,0.193526641595951
"cfg8_psi-0.4_mu-0.2_sps0.1","sps0.1_K25_exV0.3",0.1,0.1,25,0.3,-0.4,-0.2,0.333333333333333,"mixed","mc",-0.0706914600521754,0.0880389172630743,0.0525007119313581,0.355,0.114813254790275
"cfg8_psi-0.4_mu-0.2_sps0.1","sps0.1_K25_exV0.3",0.1,0.1,25,0.3,-0.4,-0.2,0.333333333333333,"mixed","mcmc",-0.0721575511394234,0.087868973036792,0.0501673299777761,0.654,0.211353653146754
"cfg8_psi-0.4_mu-0.15_sps0.1","sps0.1_K25_exV0.3",0.1,0.1,25,0.3,-0.4,-0.15,0.272727272727273,"effect-dominated","mc",-0.0796573927117416,0.0934161368124041,0.0488227207494887,0.3,0.124270886645543
"cfg8_psi-0.4_mu-0.15_sps0.1","sps0.1_K25_exV0.3",0.1,0.1,25,0.3,-0.4,-0.15,0.272727272727273,"effect-dominated","mcmc",-0.0808976194200548,0.093234676290335,0.0463727340750695,0.656,0.230609930262169
"cfg8_psi-0.4_mu-0.1_sps0.1","sps0.1_K25_exV0.3",0.1,0.1,25,0.3,-0.4,-0.1,0.2,"effect-dominated","mc",-0.0905110366910256,0.0982909386663726,0.0383448978643139,0.288,0.136910240842878
"cfg8_psi-0.4_mu-0.1_sps0.1","sps0.1_K25_exV0.3",0.1,0.1,25,0.3,-0.4,-0.1,0.2,"effect-dominated","mcmc",-0.0910371298539339,0.0972869824161567,0.0343245700877852,0.709,0.22634501191328
"cfg8_psi-0.4_mu-0.05_sps0.1","sps0.1_K25_exV0.3",0.1,0.1,25,0.3,-0.4,-0.05,0.111111111111111,"effect-dominated","mc",-0.088411846371109,0.090150998569006,0.0176311889293772,0.242,0.0933017698183078
"cfg8_psi-0.4_mu-0.05_sps0.1","sps0.1_K25_exV0.3",0.1,0.1,25,0.3,-0.4,-0.05,0.111111111111111,"effect-dominated","mcmc",-0.0617127832646701,0.063029759283176,0.0128237040049809,0.922,0.152043111058576
"cfg8_psi-0.36_mu-0.4_sps0.1","sps0.1_K25_exV0.3",0.1,0.1,25,0.3,-0.36,-0.4,0.526315789473684,"bias-dominated","mc",-0.0520499815007029,0.0867410758153256,0.0694235787947382,0.339,0.0889166569472645
"cfg8_psi-0.36_mu-0.4_sps0.1","sps0.1_K25_exV0.3",0.1,0.1,25,0.3,-0.36,-0.4,0.526315789473684,"bias-dominated","mcmc",-0.0532453091072655,0.0870701460678264,0.0689267603521086,0.584,0.164768254062749
"cfg8_psi-0.36_mu-0.35_sps0.1","sps0.1_K25_exV0.3",0.1,0.1,25,0.3,-0.36,-0.35,0.492957746478873,"mixed","mc",-0.0571511779569002,0.0892295179498677,0.0685590991903064,0.332,0.0958940062447317
"cfg8_psi-0.36_mu-0.35_sps0.1","sps0.1_K25_exV0.3",0.1,0.1,25,0.3,-0.36,-0.35,0.492957746478873,"mixed","mcmc",-0.0585602545865377,0.0895262990291393,0.0677513471870518,0.606,0.176501269694877
"cfg8_psi-0.36_mu-0.3_sps0.1","sps0.1_K25_exV0.3",0.1,0.1,25,0.3,-0.36,-0.3,0.454545454545455,"mixed","mc",-0.0618253280250443,0.0912834986634386,0.0671924159678551,0.338,0.10327420532474
"cfg8_psi-0.36_mu-0.3_sps0.1","sps0.1_K25_exV0.3",0.1,0.1,25,0.3,-0.36,-0.3,0.454545454545455,"mixed","mcmc",-0.0625529280597156,0.0913742095925841,0.066639464193626,0.598,0.190797051527914
"cfg8_psi-0.36_mu-0.25_sps0.1","sps0.1_K25_exV0.3",0.1,0.1,25,0.3,-0.36,-0.25,0.40983606557377,"mixed","mc",-0.0716882127158852,0.0947566138314409,0.0619956408296962,0.311,0.110280720538832
"cfg8_psi-0.36_mu-0.25_sps0.1","sps0.1_K25_exV0.3",0.1,0.1,25,0.3,-0.36,-0.25,0.40983606557377,"mixed","mcmc",-0.0726457650548156,0.0946199653801323,0.0606564908152127,0.593,0.205615156569397
"cfg8_psi-0.36_mu-0.2_sps0.1","sps0.1_K25_exV0.3",0.1,0.1,25,0.3,-0.36,-0.2,0.357142857142857,"mixed","mc",-0.0748460982830927,0.09545992776568,0.0592804652004423,0.349,0.123186794979644
"cfg8_psi-0.36_mu-0.2_sps0.1","sps0.1_K25_exV0.3",0.1,0.1,25,0.3,-0.36,-0.2,0.357142857142857,"mixed","mcmc",-0.0761700347539254,0.0955694270146484,0.0577492524770292,0.652,0.227649959607603
"cfg8_psi-0.36_mu-0.15_sps0.1","sps0.1_K25_exV0.3",0.1,0.1,25,0.3,-0.36,-0.15,0.294117647058824,"effect-dominated","mc",-0.0836070814125206,0.102194069922559,0.0587957549983234,0.304,0.13658057126423
"cfg8_psi-0.36_mu-0.15_sps0.1","sps0.1_K25_exV0.3",0.1,0.1,25,0.3,-0.36,-0.15,0.294117647058824,"effect-dominated","mcmc",-0.0850521067351842,0.101980510581988,0.0562968294975951,0.654,0.251935505157162
"cfg8_psi-0.36_mu-0.1_sps0.1","sps0.1_K25_exV0.3",0.1,0.1,25,0.3,-0.36,-0.1,0.217391304347826,"effect-dominated","mc",-0.098334119238518,0.108390937093556,0.0456188263211484,0.28,0.148680629768902
"cfg8_psi-0.36_mu-0.1_sps0.1","sps0.1_K25_exV0.3",0.1,0.1,25,0.3,-0.36,-0.1,0.217391304347826,"effect-dominated","mcmc",-0.0988908769194118,0.107085932281195,0.0411057299616257,0.677,0.245814204248262
"cfg8_psi-0.36_mu-0.05_sps0.1","sps0.1_K25_exV0.3",0.1,0.1,25,0.3,-0.36,-0.05,0.121951219512195,"effect-dominated","mc",-0.0971692873776754,0.099270835636486,0.0203283457300658,0.232,0.101427508748051
"cfg8_psi-0.36_mu-0.05_sps0.1","sps0.1_K25_exV0.3",0.1,0.1,25,0.3,-0.36,-0.05,0.121951219512195,"effect-dominated","mcmc",-0.0679322288388667,0.0698485467776069,0.0162571851190599,0.877,0.166273020641731
"cfg8_psi-0.31_mu-0.4_sps0.1","sps0.1_K25_exV0.3",0.1,0.1,25,0.3,-0.31,-0.4,0.563380281690141,"bias-dominated","mc",-0.0571838117834668,0.0975876548448598,0.0791177708843103,0.322,0.0948897019392562
"cfg8_psi-0.31_mu-0.4_sps0.1","sps0.1_K25_exV0.3",0.1,0.1,25,0.3,-0.31,-0.4,0.563380281690141,"bias-dominated","mcmc",-0.0584468467540787,0.0977802934006171,0.0784289677670247,0.549,0.175512099780284
"cfg8_psi-0.31_mu-0.35_sps0.1","sps0.1_K25_exV0.3",0.1,0.1,25,0.3,-0.31,-0.35,0.53030303030303,"bias-dominated","mc",-0.0618998758447732,0.10090477859944,0.0797278887896486,0.321,0.102571222299106
"cfg8_psi-0.31_mu-0.35_sps0.1","sps0.1_K25_exV0.3",0.1,0.1,25,0.3,-0.31,-0.35,0.53030303030303,"bias-dominated","mcmc",-0.0635201003215284,0.101181873692888,0.0787983349871255,0.564,0.189712965325395
"cfg8_psi-0.31_mu-0.3_sps0.1","sps0.1_K25_exV0.3",0.1,0.1,25,0.3,-0.31,-0.3,0.491803278688525,"mixed","mc",-0.0647753141890876,0.102079815483028,0.0789346443510883,0.353,0.112485016972671
"cfg8_psi-0.31_mu-0.3_sps0.1","sps0.1_K25_exV0.3",0.1,0.1,25,0.3,-0.31,-0.3,0.491803278688525,"mixed","mcmc",-0.0657185481979721,0.102340559327178,0.0784909124006082,0.577,0.207250848376062
"cfg8_psi-0.31_mu-0.25_sps0.1","sps0.1_K25_exV0.3",0.1,0.1,25,0.3,-0.31,-0.25,0.446428571428571,"mixed","mc",-0.0747787413651432,0.105825213702612,0.0749181448213446,0.326,0.120663761052502
"cfg8_psi-0.31_mu-0.25_sps0.1","sps0.1_K25_exV0.3",0.1,0.1,25,0.3,-0.31,-0.25,0.446428571428571,"mixed","mcmc",-0.0755202285487157,0.105875252006182,0.074241335138624,0.593,0.226416361879342
"cfg8_psi-0.31_mu-0.2_sps0.1","sps0.1_K25_exV0.3",0.1,0.1,25,0.3,-0.31,-0.2,0.392156862745098,"mixed","mc",-0.0811430691589783,0.110093249355949,0.0744437220251748,0.349,0.135756494781753
"cfg8_psi-0.31_mu-0.2_sps0.1","sps0.1_K25_exV0.3",0.1,0.1,25,0.3,-0.31,-0.2,0.392156862745098,"mixed","mcmc",-0.0828284841689994,0.110360924120154,0.0729678016867928,0.627,0.250595914674576
"cfg8_psi-0.31_mu-0.15_sps0.1","sps0.1_K25_exV0.3",0.1,0.1,25,0.3,-0.31,-0.15,0.326086956521739,"effect-dominated","mc",-0.0894808570574757,0.118253626004924,0.0773503675681953,0.323,0.154588663483309
"cfg8_psi-0.31_mu-0.15_sps0.1","sps0.1_K25_exV0.3",0.1,0.1,25,0.3,-0.31,-0.15,0.326086956521739,"effect-dominated","mcmc",-0.0910095736847811,0.116938601971351,0.0734662604203359,0.643,0.283250403469014
"cfg8_psi-0.31_mu-0.1_sps0.1","sps0.1_K25_exV0.3",0.1,0.1,25,0.3,-0.31,-0.1,0.24390243902439,"effect-dominated","mc",-0.107422883693313,0.121162500193567,0.0560697719943696,0.294,0.170558954459058
"cfg8_psi-0.31_mu-0.1_sps0.1","sps0.1_K25_exV0.3",0.1,0.1,25,0.3,-0.31,-0.1,0.24390243902439,"effect-dominated","mcmc",-0.10837943914629,0.119300098307542,0.049888871765664,0.676,0.28046468758132
"cfg8_psi-0.31_mu-0.05_sps0.1","sps0.1_K25_exV0.3",0.1,0.1,25,0.3,-0.31,-0.05,0.138888888888889,"effect-dominated","mc",-0.110562640966996,0.113334423161717,0.0249241872668513,0.263,0.118170906420304
"cfg8_psi-0.31_mu-0.05_sps0.1","sps0.1_K25_exV0.3",0.1,0.1,25,0.3,-0.31,-0.05,0.138888888888889,"effect-dominated","mcmc",-0.0762815508251949,0.0792989348498603,0.0216775457101031,0.844,0.194391686206433
"cfg8_psi-0.27_mu-0.4_sps0.1","sps0.1_K25_exV0.3",0.1,0.1,25,0.3,-0.27,-0.4,0.597014925373134,"bias-dominated","mc",-0.0583141816300369,0.105799804505987,0.0883224530345158,0.326,0.101460660476823
"cfg8_psi-0.27_mu-0.4_sps0.1","sps0.1_K25_exV0.3",0.1,0.1,25,0.3,-0.27,-0.4,0.597014925373134,"bias-dominated","mcmc",-0.0598870349850392,0.105625256643941,0.087050650184226,0.545,0.186999714278237
"cfg8_psi-0.27_mu-0.35_sps0.1","sps0.1_K25_exV0.3",0.1,0.1,25,0.3,-0.27,-0.35,0.564516129032258,"bias-dominated","mc",-0.0665156974606192,0.112506520134534,0.090783372292477,0.302,0.108509926708758
"cfg8_psi-0.27_mu-0.35_sps0.1","sps0.1_K25_exV0.3",0.1,0.1,25,0.3,-0.27,-0.35,0.564516129032258,"bias-dominated","mcmc",-0.0680411279548277,0.11263758766662,0.089809224240882,0.522,0.20107169845789
"cfg8_psi-0.27_mu-0.3_sps0.1","sps0.1_K25_exV0.3",0.1,0.1,25,0.3,-0.27,-0.3,0.526315789473684,"bias-dominated","mc",-0.0709058576669837,0.114786283698519,0.0903128267773017,0.336,0.119877529800758
"cfg8_psi-0.27_mu-0.3_sps0.1","sps0.1_K25_exV0.3",0.1,0.1,25,0.3,-0.27,-0.3,0.526315789473684,"bias-dominated","mcmc",-0.0723858578856061,0.114679202883638,0.0889917225300772,0.565,0.22036681742762
"cfg8_psi-0.27_mu-0.25_sps0.1","sps0.1_K25_exV0.3",0.1,0.1,25,0.3,-0.27,-0.25,0.480769230769231,"mixed","mc",-0.0754188235726674,0.116800154106524,0.0892313806321084,0.337,0.132512875932212
"cfg8_psi-0.27_mu-0.25_sps0.1","sps0.1_K25_exV0.3",0.1,0.1,25,0.3,-0.27,-0.25,0.480769230769231,"mixed","mcmc",-0.0766090876060968,0.116681219918725,0.0880528709694883,0.604,0.246191903751246
"cfg8_psi-0.27_mu-0.2_sps0.1","sps0.1_K25_exV0.3",0.1,0.1,25,0.3,-0.27,-0.2,0.425531914893617,"mixed","mc",-0.0841478931258959,0.127234321410338,0.0954820477821386,0.348,0.148453608410902
"cfg8_psi-0.27_mu-0.2_sps0.1","sps0.1_K25_exV0.3",0.1,0.1,25,0.3,-0.27,-0.2,0.425531914893617,"mixed","mcmc",-0.0858706659031117,0.126697890032285,0.0932055328150454,0.617,0.273874487299437
"cfg8_psi-0.27_mu-0.15_sps0.1","sps0.1_K25_exV0.3",0.1,0.1,25,0.3,-0.27,-0.15,0.357142857142857,"mixed","mc",-0.0969097008095378,0.128262893067147,0.0840651329240235,0.336,0.168446312792072
"cfg8_psi-0.27_mu-0.15_sps0.1","sps0.1_K25_exV0.3",0.1,0.1,25,0.3,-0.27,-0.15,0.357142857142857,"mixed","mcmc",-0.0976746815441614,0.126588934284497,0.080566157748186,0.645,0.310143673827803
"cfg8_psi-0.27_mu-0.1_sps0.1","sps0.1_K25_exV0.3",0.1,0.1,25,0.3,-0.27,-0.1,0.27027027027027,"effect-dominated","mc",-0.114983053006361,0.136026522002292,0.0727145075551323,0.324,0.193531911306322
"cfg8_psi-0.27_mu-0.1_sps0.1","sps0.1_K25_exV0.3",0.1,0.1,25,0.3,-0.27,-0.1,0.27027027027027,"effect-dominated","mcmc",-0.116813599400444,0.133186453495296,0.0640102468474283,0.685,0.317307266508632
"cfg8_psi-0.27_mu-0.05_sps0.1","sps0.1_K25_exV0.3",0.1,0.1,25,0.3,-0.27,-0.05,0.15625,"effect-dominated","mc",-0.122616354206782,0.127001797511597,0.033102598602646,0.3,0.137851982140741
"cfg8_psi-0.27_mu-0.05_sps0.1","sps0.1_K25_exV0.3",0.1,0.1,25,0.3,-0.27,-0.05,0.15625,"effect-dominated","mcmc",-0.0837832639059957,0.0890961751449842,0.0303218160282533,0.814,0.226714786060533
"cfg8_psi-0.23_mu-0.4_sps0.1","sps0.1_K25_exV0.3",0.1,0.1,25,0.3,-0.23,-0.4,0.634920634920635,"bias-dominated","mc",-0.0583550195271385,0.113556193383175,0.0974638392000645,0.318,0.107779170618998
"cfg8_psi-0.23_mu-0.4_sps0.1","sps0.1_K25_exV0.3",0.1,0.1,25,0.3,-0.23,-0.4,0.634920634920635,"bias-dominated","mcmc",-0.0601153739397507,0.112991268831501,0.0957200657083759,0.553,0.1992643094085
"cfg8_psi-0.23_mu-0.35_sps0.1","sps0.1_K25_exV0.3",0.1,0.1,25,0.3,-0.23,-0.35,0.603448275862069,"bias-dominated","mc",-0.0704082638043238,0.122967341354406,0.100865342140286,0.289,0.115618757326341
"cfg8_psi-0.23_mu-0.35_sps0.1","sps0.1_K25_exV0.3",0.1,0.1,25,0.3,-0.23,-0.35,0.603448275862069,"bias-dominated","mcmc",-0.0721439125207804,0.122512240585204,0.0990672463466079,0.525,0.214624693208641
"cfg8_psi-0.23_mu-0.3_sps0.1","sps0.1_K25_exV0.3",0.1,0.1,25,0.3,-0.23,-0.3,0.566037735849057,"bias-dominated","mc",-0.0729119531335348,0.127453817412435,0.10459092659108,0.321,0.13018604817173
"cfg8_psi-0.23_mu-0.3_sps0.1","sps0.1_K25_exV0.3",0.1,0.1,25,0.3,-0.23,-0.3,0.566037735849057,"bias-dominated","mcmc",-0.0743350027444095,0.127150898315063,0.103210031585772,0.556,0.237903170303504
"cfg8_psi-0.23_mu-0.25_sps0.1","sps0.1_K25_exV0.3",0.1,0.1,25,0.3,-0.23,-0.25,0.520833333333333,"bias-dominated","mc",-0.0737568259607469,0.131926938831771,0.109437765136886,0.346,0.145346670499576
"cfg8_psi-0.23_mu-0.25_sps0.1","sps0.1_K25_exV0.3",0.1,0.1,25,0.3,-0.23,-0.25,0.520833333333333,"bias-dominated","mcmc",-0.0753236547160695,0.131138448194604,0.107401931127486,0.599,0.268283352662497
"cfg8_psi-0.23_mu-0.2_sps0.1","sps0.1_K25_exV0.3",0.1,0.1,25,0.3,-0.23,-0.2,0.465116279069767,"mixed","mc",-0.0897337669120474,0.144378165988543,0.11316232412597,0.329,0.165096546901659
"cfg8_psi-0.23_mu-0.2_sps0.1","sps0.1_K25_exV0.3",0.1,0.1,25,0.3,-0.23,-0.2,0.465116279069767,"mixed","mcmc",-0.0914775208483758,0.143185437207197,0.110209249549834,0.593,0.29958173150825
"cfg8_psi-0.23_mu-0.15_sps0.1","sps0.1_K25_exV0.3",0.1,0.1,25,0.3,-0.23,-0.15,0.394736842105263,"mixed","mc",-0.106613137698029,0.144880987310593,0.0981517861651063,0.324,0.184776894244141
"cfg8_psi-0.23_mu-0.15_sps0.1","sps0.1_K25_exV0.3",0.1,0.1,25,0.3,-0.23,-0.15,0.394736842105263,"mixed","mcmc",-0.107700791201061,0.143143389601439,0.094336997144731,0.624,0.341631011770263
"cfg8_psi-0.23_mu-0.1_sps0.1","sps0.1_K25_exV0.3",0.1,0.1,25,0.3,-0.23,-0.1,0.303030303030303,"effect-dominated","mc",-0.126176661707894,0.157622551002213,0.0945158816103068,0.307,0.217924455996468
"cfg8_psi-0.23_mu-0.1_sps0.1","sps0.1_K25_exV0.3",0.1,0.1,25,0.3,-0.23,-0.1,0.303030303030303,"effect-dominated","mcmc",-0.129070024686297,0.154469730160407,0.0849060380574088,0.645,0.356731302683731
"cfg8_psi-0.23_mu-0.05_sps0.1","sps0.1_K25_exV0.3",0.1,0.1,25,0.3,-0.23,-0.05,0.178571428571429,"effect-dominated","mc",-0.136214997082347,0.142704069367441,0.042564512467607,0.321,0.165835221401539
"cfg8_psi-0.23_mu-0.05_sps0.1","sps0.1_K25_exV0.3",0.1,0.1,25,0.3,-0.23,-0.05,0.178571428571429,"effect-dominated","mcmc",-0.0926035684866117,0.101810195806573,0.0423283210212566,0.798,0.269732624732093
"cfg8_psi-0.18_mu-0.4_sps0.1","sps0.1_K25_exV0.3",0.1,0.1,25,0.3,-0.18,-0.4,0.689655172413793,"bias-dominated","mc",-0.0602343879698702,0.128068494911685,0.113075833133691,0.287,0.116416430855839
"cfg8_psi-0.18_mu-0.4_sps0.1","sps0.1_K25_exV0.3",0.1,0.1,25,0.3,-0.18,-0.4,0.689655172413793,"bias-dominated","mcmc",-0.0621691935137634,0.126915722107981,0.110701611292615,0.519,0.214200371404239
"cfg8_psi-0.18_mu-0.35_sps0.1","sps0.1_K25_exV0.3",0.1,0.1,25,0.3,-0.18,-0.35,0.660377358490566,"bias-dominated","mc",-0.067294275167587,0.135566823542099,0.117744247769675,0.295,0.127564983827186
"cfg8_psi-0.18_mu-0.35_sps0.1","sps0.1_K25_exV0.3",0.1,0.1,25,0.3,-0.18,-0.35,0.660377358490566,"bias-dominated","mcmc",-0.069125721076762,0.134135328722422,0.11500933981784,0.542,0.235346779057266
"cfg8_psi-0.18_mu-0.3_sps0.1","sps0.1_K25_exV0.3",0.1,0.1,25,0.3,-0.18,-0.3,0.625,"bias-dominated","mc",-0.0744092209964397,0.150830619063792,0.131264518632118,0.294,0.143050839611221
"cfg8_psi-0.18_mu-0.3_sps0.1","sps0.1_K25_exV0.3",0.1,0.1,25,0.3,-0.18,-0.3,0.625,"bias-dominated","mcmc",-0.0769388404408711,0.148723781661915,0.127339677465007,0.532,0.25918023254652
"cfg8_psi-0.18_mu-0.25_sps0.1","sps0.1_K25_exV0.3",0.1,0.1,25,0.3,-0.18,-0.25,0.581395348837209,"bias-dominated","mc",-0.0769358233845225,0.156082262213854,0.135871309225349,0.332,0.160824789942155
"cfg8_psi-0.18_mu-0.25_sps0.1","sps0.1_K25_exV0.3",0.1,0.1,25,0.3,-0.18,-0.25,0.581395348837209,"bias-dominated","mcmc",-0.0793900356226977,0.153768292836535,0.131754580167386,0.566,0.2953495130198
"cfg8_psi-0.18_mu-0.2_sps0.1","sps0.1_K25_exV0.3",0.1,0.1,25,0.3,-0.18,-0.2,0.526315789473684,"bias-dominated","mc",-0.0949365584013488,0.167343421631459,0.137876323285597,0.331,0.186193964532795
"cfg8_psi-0.18_mu-0.2_sps0.1","sps0.1_K25_exV0.3",0.1,0.1,25,0.3,-0.18,-0.2,0.526315789473684,"bias-dominated","mcmc",-0.0969820795599482,0.164298206040282,0.132687537979336,0.579,0.336685065063651
"cfg8_psi-0.18_mu-0.15_sps0.1","sps0.1_K25_exV0.3",0.1,0.1,25,0.3,-0.18,-0.15,0.454545454545455,"mixed","mc",-0.111677932137769,0.177901460141491,0.138550226124195,0.338,0.214557254872549
"cfg8_psi-0.18_mu-0.15_sps0.1","sps0.1_K25_exV0.3",0.1,0.1,25,0.3,-0.18,-0.15,0.454545454545455,"mixed","mcmc",-0.114689103889693,0.173521811264895,0.130281240534715,0.603,0.394423490924575
"cfg8_psi-0.18_mu-0.1_sps0.1","sps0.1_K25_exV0.3",0.1,0.1,25,0.3,-0.18,-0.1,0.357142857142857,"mixed","mc",-0.141465282702867,0.189702514286112,0.126453977100743,0.315,0.262419043996074
"cfg8_psi-0.18_mu-0.1_sps0.1","sps0.1_K25_exV0.3",0.1,0.1,25,0.3,-0.18,-0.1,0.357142857142857,"mixed","mcmc",-0.144841299797163,0.184590714139237,0.114489464392837,0.623,0.426289225752017
"cfg8_psi-0.18_mu-0.05_sps0.1","sps0.1_K25_exV0.3",0.1,0.1,25,0.3,-0.18,-0.05,0.217391304347826,"effect-dominated","mc",-0.159644573987402,0.176804602592654,0.0760214229745707,0.336,0.212700081683296
"cfg8_psi-0.18_mu-0.05_sps0.1","sps0.1_K25_exV0.3",0.1,0.1,25,0.3,-0.18,-0.05,0.217391304347826,"effect-dominated","mcmc",-0.108612857053354,0.128250590791011,0.0682357489765405,0.736,0.336382563016631
"cfg8_psi-0.14_mu-0.4_sps0.1","sps0.1_K25_exV0.3",0.1,0.1,25,0.3,-0.14,-0.4,0.740740740740741,"bias-dominated","mc",-0.0684787497512241,0.143011317263688,0.125613201433522,0.278,0.122128058515795
"cfg8_psi-0.14_mu-0.4_sps0.1","sps0.1_K25_exV0.3",0.1,0.1,25,0.3,-0.14,-0.4,0.740740740740741,"bias-dominated","mcmc",-0.0714991164154125,0.141112340048276,0.121718463061138,0.486,0.222029388618756
"cfg8_psi-0.14_mu-0.35_sps0.1","sps0.1_K25_exV0.3",0.1,0.1,25,0.3,-0.14,-0.35,0.714285714285714,"bias-dominated","mc",-0.0722636506738353,0.145556677397351,0.126414761076642,0.311,0.136949513067812
"cfg8_psi-0.14_mu-0.35_sps0.1","sps0.1_K25_exV0.3",0.1,0.1,25,0.3,-0.14,-0.35,0.714285714285714,"bias-dominated","mcmc",-0.0744859664137224,0.14390342023181,0.123187703819006,0.551,0.249065298353911
"cfg8_psi-0.14_mu-0.3_sps0.1","sps0.1_K25_exV0.3",0.1,0.1,25,0.3,-0.14,-0.3,0.681818181818182,"bias-dominated","mc",-0.0804420980092894,0.164692354358728,0.143782174715264,0.283,0.152494705336116
"cfg8_psi-0.14_mu-0.3_sps0.1","sps0.1_K25_exV0.3",0.1,0.1,25,0.3,-0.14,-0.3,0.681818181818182,"bias-dominated","mcmc",-0.0837257715856147,0.161827843410466,0.138554839391464,0.499,0.273792064216336
"cfg8_psi-0.14_mu-0.25_sps0.1","sps0.1_K25_exV0.3",0.1,0.1,25,0.3,-0.14,-0.25,0.641025641025641,"bias-dominated","mc",-0.0925478045705798,0.171332960226871,0.14425913429345,0.323,0.171945209581676
"cfg8_psi-0.14_mu-0.25_sps0.1","sps0.1_K25_exV0.3",0.1,0.1,25,0.3,-0.14,-0.25,0.641025641025641,"bias-dominated","mcmc",-0.0954453923382799,0.169263687735449,0.139856830366613,0.541,0.31450397304648
"cfg8_psi-0.14_mu-0.2_sps0.1","sps0.1_K25_exV0.3",0.1,0.1,25,0.3,-0.14,-0.2,0.588235294117647,"bias-dominated","mc",-0.101490437279857,0.188749290378772,0.159221032204699,0.313,0.201807148760138
"cfg8_psi-0.14_mu-0.2_sps0.1","sps0.1_K25_exV0.3",0.1,0.1,25,0.3,-0.14,-0.2,0.588235294117647,"bias-dominated","mcmc",-0.105095421923774,0.183540925005634,0.150548624473685,0.562,0.366563127457129
"cfg8_psi-0.14_mu-0.15_sps0.1","sps0.1_K25_exV0.3",0.1,0.1,25,0.3,-0.14,-0.15,0.517241379310345,"bias-dominated","mc",-0.118204187396483,0.205504752318164,0.168191145928839,0.308,0.24332468947324
"cfg8_psi-0.14_mu-0.15_sps0.1","sps0.1_K25_exV0.3",0.1,0.1,25,0.3,-0.14,-0.15,0.517241379310345,"bias-dominated","mcmc",-0.122653658410364,0.200619716106084,0.158838220051689,0.574,0.440232059084062
"cfg8_psi-0.14_mu-0.1_sps0.1","sps0.1_K25_exV0.3",0.1,0.1,25,0.3,-0.14,-0.1,0.416666666666667,"mixed","mc",-0.157011235934823,0.219338301820937,0.1532326423403,0.351,0.30798452415279
"cfg8_psi-0.14_mu-0.1_sps0.1","sps0.1_K25_exV0.3",0.1,0.1,25,0.3,-0.14,-0.1,0.416666666666667,"mixed","mcmc",-0.160960701038749,0.211790718837065,0.137716837147347,0.608,0.496620755595132
"cfg8_psi-0.14_mu-0.05_sps0.1","sps0.1_K25_exV0.3",0.1,0.1,25,0.3,-0.14,-0.05,0.263157894736842,"effect-dominated","mc",-0.186242766646775,0.217275575236669,0.111959109984355,0.363,0.2664770759012
"cfg8_psi-0.14_mu-0.05_sps0.1","sps0.1_K25_exV0.3",0.1,0.1,25,0.3,-0.14,-0.05,0.263157894736842,"effect-dominated","mcmc",-0.126099017150615,0.155567434970728,0.0911513755809029,0.703,0.419724511784681
"cfg8_psi-0.1_mu-0.4_sps0.1","sps0.1_K25_exV0.3",0.1,0.1,25,0.3,-0.1,-0.4,0.8,"bias-dominated","mc",-0.0834934928316554,0.153543680390903,0.128922921012194,0.274,0.128375653158202
"cfg8_psi-0.1_mu-0.4_sps0.1","sps0.1_K25_exV0.3",0.1,0.1,25,0.3,-0.1,-0.4,0.8,"bias-dominated","mcmc",-0.0865494636650764,0.152431144009952,0.125539651933873,0.477,0.22814720226051
"cfg8_psi-0.1_mu-0.35_sps0.1","sps0.1_K25_exV0.3",0.1,0.1,25,0.3,-0.1,-0.35,0.777777777777778,"bias-dominated","mc",-0.0835431335277,0.161180427762978,0.137908280491265,0.297,0.144917920243712
"cfg8_psi-0.1_mu-0.35_sps0.1","sps0.1_K25_exV0.3",0.1,0.1,25,0.3,-0.1,-0.35,0.777777777777778,"bias-dominated","mcmc",-0.0872640693609221,0.158830449676769,0.132776969639933,0.511,0.257947480939754
"cfg8_psi-0.1_mu-0.3_sps0.1","sps0.1_K25_exV0.3",0.1,0.1,25,0.3,-0.1,-0.3,0.75,"bias-dominated","mc",-0.0991609116830796,0.181061315069763,0.15156941213737,0.284,0.159432970733705
"cfg8_psi-0.1_mu-0.3_sps0.1","sps0.1_K25_exV0.3",0.1,0.1,25,0.3,-0.1,-0.3,0.75,"bias-dominated","mcmc",-0.103066285225749,0.178060498480158,0.145272110037411,0.499,0.284605782903359
"cfg8_psi-0.1_mu-0.25_sps0.1","sps0.1_K25_exV0.3",0.1,0.1,25,0.3,-0.1,-0.25,0.714285714285714,"bias-dominated","mc",-0.107885833435124,0.191088222425926,0.157798149386673,0.315,0.185363569483693
"cfg8_psi-0.1_mu-0.25_sps0.1","sps0.1_K25_exV0.3",0.1,0.1,25,0.3,-0.1,-0.25,0.714285714285714,"bias-dominated","mcmc",-0.112242314902268,0.188467849126186,0.151475204694591,0.535,0.331685073755645
"cfg8_psi-0.1_mu-0.2_sps0.1","sps0.1_K25_exV0.3",0.1,0.1,25,0.3,-0.1,-0.2,0.666666666666667,"bias-dominated","mc",-0.123557482774459,0.210359978721606,0.170334620618285,0.305,0.220052153931698
"cfg8_psi-0.1_mu-0.2_sps0.1","sps0.1_K25_exV0.3",0.1,0.1,25,0.3,-0.1,-0.2,0.666666666666667,"bias-dominated","mcmc",-0.127697767365921,0.206306078238768,0.162116500973552,0.549,0.393336716639949
"cfg8_psi-0.1_mu-0.15_sps0.1","sps0.1_K25_exV0.3",0.1,0.1,25,0.3,-0.1,-0.15,0.6,"bias-dominated","mc",-0.1333237036643,0.232282230637712,0.190305125396079,0.333,0.273806445341228
"cfg8_psi-0.1_mu-0.15_sps0.1","sps0.1_K25_exV0.3",0.1,0.1,25,0.3,-0.1,-0.15,0.6,"bias-dominated","mcmc",-0.140457063477104,0.224610489617338,0.17536373001089,0.587,0.487406241561372
"cfg8_psi-0.1_mu-0.1_sps0.1","sps0.1_K25_exV0.3",0.1,0.1,25,0.3,-0.1,-0.1,0.5,"mixed","mc",-0.18051640800116,0.262946611478882,0.191288625560576,0.341,0.360092576498458
"cfg8_psi-0.1_mu-0.1_sps0.1","sps0.1_K25_exV0.3",0.1,0.1,25,0.3,-0.1,-0.1,0.5,"mixed","mcmc",-0.189579243513326,0.253658042354252,0.168613592048001,0.594,0.571749862177929
"cfg8_psi-0.1_mu-0.05_sps0.1","sps0.1_K25_exV0.3",0.1,0.1,25,0.3,-0.1,-0.05,0.333333333333333,"mixed","mc",-0.23514502756552,0.26648974623017,0.125456527120866,0.355,0.331535426307584
"cfg8_psi-0.1_mu-0.05_sps0.1","sps0.1_K25_exV0.3",0.1,0.1,25,0.3,-0.1,-0.05,0.333333333333333,"mixed","mcmc",-0.163380695555599,0.197428961141848,0.110892922486404,0.642,0.496498733445829
"cfg8_psi-0.05_mu-0.4_sps0.1","sps0.1_K25_exV0.3",0.1,0.1,25,0.3,-0.05,-0.4,0.888888888888889,"bias-dominated","mc",-0.115838256695383,0.169488164835753,0.123786345630406,0.338,0.130776627099964
"cfg8_psi-0.05_mu-0.4_sps0.1","sps0.1_K25_exV0.3",0.1,0.1,25,0.3,-0.05,-0.4,0.888888888888889,"bias-dominated","mcmc",-0.120626611233797,0.169053696166504,0.118500697318928,0.522,0.229194093948579
"cfg8_psi-0.05_mu-0.35_sps0.1","sps0.1_K25_exV0.3",0.1,0.1,25,0.3,-0.05,-0.35,0.875,"bias-dominated","mc",-0.123565815514053,0.185409065068338,0.138300895816498,0.355,0.147311734210884
"cfg8_psi-0.05_mu-0.35_sps0.1","sps0.1_K25_exV0.3",0.1,0.1,25,0.3,-0.05,-0.35,0.875,"bias-dominated","mcmc",-0.129241763418109,0.183875694369338,0.130858555432626,0.528,0.256804102434361
"cfg8_psi-0.05_mu-0.3_sps0.1","sps0.1_K25_exV0.3",0.1,0.1,25,0.3,-0.05,-0.3,0.857142857142857,"bias-dominated","mc",-0.143512908348919,0.206489833895768,0.148540098291125,0.351,0.166572255187392
"cfg8_psi-0.05_mu-0.3_sps0.1","sps0.1_K25_exV0.3",0.1,0.1,25,0.3,-0.05,-0.3,0.857142857142857,"bias-dominated","mcmc",-0.148680040817363,0.204575875265113,0.14058911587508,0.53,0.292541093710156
"cfg8_psi-0.05_mu-0.25_sps0.1","sps0.1_K25_exV0.3",0.1,0.1,25,0.3,-0.05,-0.25,0.833333333333333,"bias-dominated","mc",-0.15080002126692,0.221653404828952,0.162530001721601,0.378,0.192755003966851
"cfg8_psi-0.05_mu-0.25_sps0.1","sps0.1_K25_exV0.3",0.1,0.1,25,0.3,-0.05,-0.25,0.833333333333333,"bias-dominated","mcmc",-0.158099754132637,0.219322343521495,0.152085134049845,0.552,0.338265894343806
"cfg8_psi-0.05_mu-0.2_sps0.1","sps0.1_K25_exV0.3",0.1,0.1,25,0.3,-0.05,-0.2,0.8,"bias-dominated","mc",-0.187721636389677,0.258671495939444,0.178054017859771,0.346,0.227551654905093
"cfg8_psi-0.05_mu-0.2_sps0.1","sps0.1_K25_exV0.3",0.1,0.1,25,0.3,-0.05,-0.2,0.8,"bias-dominated","mcmc",-0.196483871779691,0.256462349043243,0.16490669733539,0.523,0.403552547192399
"cfg8_psi-0.05_mu-0.15_sps0.1","sps0.1_K25_exV0.3",0.1,0.1,25,0.3,-0.05,-0.15,0.75,"bias-dominated","mc",-0.203389902188645,0.287598460802539,0.203437482172868,0.377,0.289326670243282
"cfg8_psi-0.05_mu-0.15_sps0.1","sps0.1_K25_exV0.3",0.1,0.1,25,0.3,-0.05,-0.15,0.75,"bias-dominated","mcmc",-0.215959695943233,0.282857920658906,0.182766015506193,0.544,0.510404305608077
"cfg8_psi-0.05_mu-0.1_sps0.1","sps0.1_K25_exV0.3",0.1,0.1,25,0.3,-0.05,-0.1,0.666666666666667,"bias-dominated","mc",-0.273336611272297,0.346539630524717,0.213124927441821,0.329,0.406950297420536
"cfg8_psi-0.05_mu-0.1_sps0.1","sps0.1_K25_exV0.3",0.1,0.1,25,0.3,-0.05,-0.1,0.666666666666667,"bias-dominated","mcmc",-0.287536645733592,0.341768953049492,0.184831970952828,0.506,0.634623127111016
"cfg8_psi-0.05_mu-0.05_sps0.1","sps0.1_K25_exV0.3",0.1,0.1,25,0.3,-0.05,-0.05,0.5,"mixed","mc",-0.361106539881249,0.398202531618234,0.167915212416038,0.337,0.406801588420018
"cfg8_psi-0.05_mu-0.05_sps0.1","sps0.1_K25_exV0.3",0.1,0.1,25,0.3,-0.05,-0.05,0.5,"mixed","mcmc",-0.283872919437479,0.313088974041074,0.132129972397409,0.578,0.579757216032415
"cfg8_psi-0.01_mu-0.4_sps0.1","sps0.1_K25_exV0.3",0.1,0.1,25,0.3,-0.01,-0.4,0.975609756097561,"bias-dominated","mc",-0.166056541648477,0.202659800072397,0.116231360959089,0.273,0.128883139218473
"cfg8_psi-0.01_mu-0.4_sps0.1","sps0.1_K25_exV0.3",0.1,0.1,25,0.3,-0.01,-0.4,0.975609756097561,"bias-dominated","mcmc",-0.172301473594449,0.203905745353182,0.109094715005174,0.419,0.224546418428917
"cfg8_psi-0.01_mu-0.35_sps0.1","sps0.1_K25_exV0.3",0.1,0.1,25,0.3,-0.01,-0.35,0.972222222222222,"bias-dominated","mc",-0.184431196443962,0.224104235766124,0.127373727011892,0.273,0.145196937702093
"cfg8_psi-0.01_mu-0.35_sps0.1","sps0.1_K25_exV0.3",0.1,0.1,25,0.3,-0.01,-0.35,0.972222222222222,"bias-dominated","mcmc",-0.190979513018834,0.225065538918136,0.11914494506077,0.423,0.250012302095831
"cfg8_psi-0.01_mu-0.3_sps0.1","sps0.1_K25_exV0.3",0.1,0.1,25,0.3,-0.01,-0.3,0.967741935483871,"bias-dominated","mc",-0.213553959284306,0.254693782419301,0.13886292589902,0.264,0.164696014423313
"cfg8_psi-0.01_mu-0.3_sps0.1","sps0.1_K25_exV0.3",0.1,0.1,25,0.3,-0.01,-0.3,0.967741935483871,"bias-dominated","mcmc",-0.220726633479872,0.25569344321075,0.129133906234385,0.407,0.286703378054196
"cfg8_psi-0.01_mu-0.25_sps0.1","sps0.1_K25_exV0.3",0.1,0.1,25,0.3,-0.01,-0.25,0.961538461538462,"bias-dominated","mc",-0.243332922070549,0.290156467105392,0.15812928036578,0.276,0.188464594031046
"cfg8_psi-0.01_mu-0.25_sps0.1","sps0.1_K25_exV0.3",0.1,0.1,25,0.3,-0.01,-0.25,0.961538461538462,"bias-dominated","mcmc",-0.251747568824369,0.29057077663439,0.145174424188183,0.424,0.325674138541084
"cfg8_psi-0.01_mu-0.2_sps0.1","sps0.1_K25_exV0.3",0.1,0.1,25,0.3,-0.01,-0.2,0.952380952380952,"bias-dominated","mc",-0.291826532593867,0.339106328624828,0.17280114937371,0.248,0.228981310904409
"cfg8_psi-0.01_mu-0.2_sps0.1","sps0.1_K25_exV0.3",0.1,0.1,25,0.3,-0.01,-0.2,0.952380952380952,"bias-dominated","mcmc",-0.302678549194412,0.341561738656278,0.158351483617392,0.395,0.398369104129484
"cfg8_psi-0.01_mu-0.15_sps0.1","sps0.1_K25_exV0.3",0.1,0.1,25,0.3,-0.01,-0.15,0.9375,"bias-dominated","mc",-0.353912927900501,0.404105756756729,0.195154265380288,0.252,0.276985390101644
"cfg8_psi-0.01_mu-0.15_sps0.1","sps0.1_K25_exV0.3",0.1,0.1,25,0.3,-0.01,-0.15,0.9375,"bias-dominated","mcmc",-0.368357657448276,0.406479812153861,0.171953604003481,0.393,0.489602642503905
"cfg8_psi-0.01_mu-0.1_sps0.1","sps0.1_K25_exV0.3",0.1,0.1,25,0.3,-0.01,-0.1,0.909090909090909,"bias-dominated","mc",-0.460676851489856,0.5115756510756,0.222566891733954,0.249,0.41873823106004
"cfg8_psi-0.01_mu-0.1_sps0.1","sps0.1_K25_exV0.3",0.1,0.1,25,0.3,-0.01,-0.1,0.909090909090909,"bias-dominated","mcmc",-0.48176100423698,0.515423983872301,0.183307991552845,0.358,0.658589616063151
"cfg8_psi-0.01_mu-0.05_sps0.1","sps0.1_K25_exV0.3",0.1,0.1,25,0.3,-0.01,-0.05,0.833333333333333,"bias-dominated","mc",-0.68246291839261,0.702200001956651,0.165398199298826,0.201,0.456550268533816
"cfg8_psi-0.01_mu-0.05_sps0.1","sps0.1_K25_exV0.3",0.1,0.1,25,0.3,-0.01,-0.05,0.833333333333333,"bias-dominated","mcmc",-0.592594957632622,0.606460455724621,0.129004428950303,0.399,0.640321359814591
