"grid","cond","regime","psi","mu_b","psi_obs_expect","bf_true","true_zone","sigma_ps","K","exV","n_rep","mean_bf","bias","rmse","sd_diff","zone_match","coverage","med_half","layer1_pass","R2_yield","R3_yield","R3_misuse"
"main","cfg1_psi-0.01_mu-0.05_sps0.06","inflation",-0.01,-0.05,-0.06,0.8333,"bias-dominated",0.06,12,0,1000,0.5108,-0.3225,0.3512,0.139,0.001,0.762,0.4466,0.064,0.064,0.016,1
"main","cfg1_psi-0.01_mu-0.1_sps0.06","inflation",-0.01,-0.1,-0.11,0.9091,"bias-dominated",0.06,12,0,1000,0.6462,-0.2629,0.288,0.1176,0.067,0.774,0.4085,0.055,0.054,0.011,1
"main","cfg1_psi-0.01_mu-0.15_sps0.06","inflation",-0.01,-0.15,-0.16,0.9375,"bias-dominated",0.06,12,0,1000,0.7406,-0.1969,0.2185,0.0947,0.222,0.86,0.3116,0.048,0.013,0.003,1
"main","cfg1_psi-0.01_mu-0.2_sps0.06","inflation",-0.01,-0.2,-0.21,0.9524,"bias-dominated",0.06,12,0,1000,0.7895,-0.1629,0.1826,0.0825,0.531,0.848,0.2379,0.05,0.003,0,NA
"main","cfg1_psi-0.01_mu-0.25_sps0.06","inflation",-0.01,-0.25,-0.26,0.9615,"bias-dominated",0.06,12,0,1000,0.82,-0.1415,0.1613,0.0774,0.787,0.834,0.1898,0.061,0,0,NA
"main","cfg1_psi-0.01_mu-0.3_sps0.06","inflation",-0.01,-0.3,-0.31,0.9677,"bias-dominated",0.06,12,0,1000,0.8417,-0.1261,0.1439,0.0694,0.932,0.83,0.1618,0.066,0,0,NA
"main","cfg1_psi-0.01_mu-0.35_sps0.06","inflation",-0.01,-0.35,-0.36,0.9722,"bias-dominated",0.06,12,0,1000,0.8643,-0.1079,0.124,0.061,0.985,0.849,0.1388,0.057,0,0,NA
"main","cfg1_psi-0.01_mu-0.4_sps0.06","inflation",-0.01,-0.4,-0.41,0.9756,"bias-dominated",0.06,12,0,1000,0.8754,-0.1002,0.1157,0.0579,0.996,0.83,0.1252,0.068,0,0,NA
"mirror","cfg1_psi-0.01_mu0.05_sps0.06","reversal",-0.01,0.05,0.04,0.8333,"bias-dominated",0.06,12,0,1000,0.5168,-0.3165,0.3447,0.1365,0,0.709,0.4394,0.056,0.056,0.028,1
"mirror","cfg1_psi-0.01_mu0.1_sps0.06","reversal",-0.01,0.1,0.09,0.9091,"bias-dominated",0.06,12,0,1000,0.6532,-0.2559,0.2812,0.1168,0.09,0.761,0.3973,0.052,0.048,0.032,1
"mirror","cfg1_psi-0.01_mu0.15_sps0.06","reversal",-0.01,0.15,0.14,0.9375,"bias-dominated",0.06,12,0,1000,0.7334,-0.2041,0.2262,0.0976,0.35,0.797,0.2836,0.057,0.02,0.01,1
"mirror","cfg1_psi-0.01_mu0.2_sps0.06","reversal",-0.01,0.2,0.19,0.9524,"bias-dominated",0.06,12,0,1000,0.7846,-0.1678,0.1868,0.0821,0.662,0.812,0.2072,0.051,0.001,0.001,1
"mirror","cfg1_psi-0.01_mu0.25_sps0.06","reversal",-0.01,0.25,0.24,0.9615,"bias-dominated",0.06,12,0,1000,0.8179,-0.1436,0.1621,0.0751,0.857,0.821,0.1718,0.06,0,0,NA
"mirror","cfg1_psi-0.01_mu0.3_sps0.06","reversal",-0.01,0.3,0.29,0.9677,"bias-dominated",0.06,12,0,1000,0.8438,-0.1239,0.141,0.0674,0.962,0.826,0.1429,0.062,0,0,NA
"mirror","cfg1_psi-0.01_mu0.35_sps0.06","reversal",-0.01,0.35,0.34,0.9722,"bias-dominated",0.06,12,0,1000,0.8643,-0.1079,0.1228,0.0586,0.995,0.832,0.1289,0.052,0,0,NA
"mirror","cfg1_psi-0.01_mu0.4_sps0.06","reversal",-0.01,0.4,0.39,0.9756,"bias-dominated",0.06,12,0,1000,0.8773,-0.0984,0.1126,0.0549,1,0.821,0.1157,0.062,0,0,NA
"main","cfg1_psi-0.05_mu-0.05_sps0.06","inflation",-0.05,-0.05,-0.1,0.5,"mixed",0.06,12,0,1000,0.468,-0.032,0.1647,0.1617,0.993,0.993,0.4517,0.142,0.142,0.006,0
"main","cfg1_psi-0.05_mu-0.1_sps0.06","inflation",-0.05,-0.1,-0.15,0.6667,"bias-dominated",0.06,12,0,1000,0.6128,-0.0539,0.1492,0.1392,0.027,0.963,0.4197,0.132,0.132,0.001,1
"main","cfg1_psi-0.05_mu-0.15_sps0.06","inflation",-0.05,-0.15,-0.2,0.75,"bias-dominated",0.06,12,0,1000,0.7,-0.05,0.1324,0.1227,0.097,0.964,0.3304,0.132,0.072,0,NA
"main","cfg1_psi-0.05_mu-0.2_sps0.06","inflation",-0.05,-0.2,-0.25,0.8,"bias-dominated",0.06,12,0,1000,0.7552,-0.0448,0.1122,0.1029,0.294,0.968,0.2669,0.122,0.006,0,NA
"main","cfg1_psi-0.05_mu-0.25_sps0.06","inflation",-0.05,-0.25,-0.3,0.8333,"bias-dominated",0.06,12,0,1000,0.7914,-0.0419,0.1015,0.0925,0.618,0.953,0.2222,0.136,0.002,0,NA
"main","cfg1_psi-0.05_mu-0.3_sps0.06","inflation",-0.05,-0.3,-0.35,0.8571,"bias-dominated",0.06,12,0,1000,0.8148,-0.0423,0.0951,0.0852,0.815,0.944,0.1934,0.147,0,0,NA
"main","cfg1_psi-0.05_mu-0.35_sps0.06","inflation",-0.05,-0.35,-0.4,0.875,"bias-dominated",0.06,12,0,1000,0.8381,-0.0369,0.0859,0.0775,0.95,0.945,0.1691,0.141,0,0,NA
"main","cfg1_psi-0.05_mu-0.4_sps0.06","inflation",-0.05,-0.4,-0.45,0.8889,"bias-dominated",0.06,12,0,1000,0.8549,-0.034,0.0779,0.0701,0.994,0.947,0.1509,0.131,0,0,NA
"mirror","cfg1_psi-0.05_mu0.05_sps0.06","cancellation",-0.05,0.05,0,0.5,"mixed",0.06,12,0,1000,0.4752,-0.0248,0.135,0.1328,0.874,0.874,0.3665,0.138,0.138,0.106,0
"mirror","cfg1_psi-0.05_mu0.1_sps0.06","reversal",-0.05,0.1,0.05,0.6667,"bias-dominated",0.06,12,0,1000,0.6131,-0.0536,0.136,0.125,0.125,0.749,0.3238,0.149,0.141,0.137,1
"mirror","cfg1_psi-0.05_mu0.15_sps0.06","reversal",-0.05,0.15,0.1,0.75,"bias-dominated",0.06,12,0,1000,0.6956,-0.0544,0.1233,0.1107,0.562,0.814,0.1901,0.135,0.052,0.052,1
"mirror","cfg1_psi-0.05_mu0.2_sps0.06","reversal",-0.05,0.2,0.15,0.8,"bias-dominated",0.06,12,0,1000,0.7525,-0.0475,0.1076,0.0966,0.809,0.862,0.1646,0.141,0.005,0.005,1
"mirror","cfg1_psi-0.05_mu0.25_sps0.06","reversal",-0.05,0.25,0.2,0.8333,"bias-dominated",0.06,12,0,1000,0.7925,-0.0408,0.0969,0.0879,0.946,0.877,0.1479,0.137,0.001,0.001,1
"mirror","cfg1_psi-0.05_mu0.3_sps0.06","reversal",-0.05,0.3,0.25,0.8571,"bias-dominated",0.06,12,0,1000,0.8196,-0.0376,0.0856,0.0769,0.99,0.897,0.1336,0.122,0,0,NA
"mirror","cfg1_psi-0.05_mu0.35_sps0.06","reversal",-0.05,0.35,0.3,0.875,"bias-dominated",0.06,12,0,1000,0.8379,-0.0371,0.0826,0.0739,0.999,0.89,0.1221,0.148,0,0,NA
"mirror","cfg1_psi-0.05_mu0.4_sps0.06","reversal",-0.05,0.4,0.35,0.8889,"bias-dominated",0.06,12,0,1000,0.8569,-0.032,0.0728,0.0655,1,0.908,0.1124,0.126,0,0,NA
"main","cfg1_psi-0.1_mu-0.05_sps0.06","inflation",-0.1,-0.05,-0.15,0.3333,"mixed",0.06,12,0,1000,0.3734,0.0401,0.1625,0.1575,0.975,0.994,0.4361,0.342,0.342,0.025,0
"main","cfg1_psi-0.1_mu-0.1_sps0.06","inflation",-0.1,-0.1,-0.2,0.5,"mixed",0.06,12,0,1000,0.5249,0.0249,0.1531,0.1511,0.992,0.992,0.3997,0.361,0.356,0.003,0
"main","cfg1_psi-0.1_mu-0.15_sps0.06","inflation",-0.1,-0.15,-0.25,0.6,"bias-dominated",0.06,12,0,1000,0.6128,0.0128,0.1359,0.1353,0.024,0.971,0.3257,0.358,0.229,0.003,1
"main","cfg1_psi-0.1_mu-0.2_sps0.06","inflation",-0.1,-0.2,-0.3,0.6667,"bias-dominated",0.06,12,0,1000,0.6767,0.01,0.1199,0.1195,0.122,0.974,0.2713,0.358,0.063,0,NA
"main","cfg1_psi-0.1_mu-0.25_sps0.06","inflation",-0.1,-0.25,-0.35,0.7143,"bias-dominated",0.06,12,0,1000,0.7196,0.0053,0.1105,0.1104,0.308,0.955,0.2315,0.37,0.018,0,NA
"main","cfg1_psi-0.1_mu-0.3_sps0.06","inflation",-0.1,-0.3,-0.4,0.75,"bias-dominated",0.06,12,0,1000,0.746,-0.004,0.0989,0.0989,0.561,0.97,0.2029,0.39,0.003,0,NA
"main","cfg1_psi-0.1_mu-0.35_sps0.06","inflation",-0.1,-0.35,-0.45,0.7778,"bias-dominated",0.06,12,0,1000,0.7792,0.0014,0.0921,0.0922,0.823,0.952,0.1801,0.37,0,0,NA
"main","cfg1_psi-0.1_mu-0.4_sps0.06","inflation",-0.1,-0.4,-0.5,0.8,"bias-dominated",0.06,12,0,1000,0.8024,0.0024,0.0837,0.0837,0.967,0.947,0.1621,0.35,0,0,NA
"mirror","cfg1_psi-0.1_mu0.05_sps0.06","shrinkage",-0.1,0.05,-0.05,0.3333,"mixed",0.06,12,0,1000,0.3687,0.0353,0.132,0.1272,0.688,0.94,0.2825,0.373,0.373,0.282,0
"mirror","cfg1_psi-0.1_mu0.1_sps0.06","cancellation",-0.1,0.1,0,0.5,"mixed",0.06,12,0,1000,0.5206,0.0206,0.1333,0.1318,0.42,0.42,0.14,0.356,0.346,0.341,0
"mirror","cfg1_psi-0.1_mu0.15_sps0.06","reversal",-0.1,0.15,0.05,0.6,"bias-dominated",0.06,12,0,1000,0.6098,0.0098,0.1243,0.124,0.623,0.603,0.111,0.38,0.207,0.207,1
"mirror","cfg1_psi-0.1_mu0.2_sps0.06","reversal",-0.1,0.2,0.1,0.6667,"bias-dominated",0.06,12,0,1000,0.675,0.0084,0.1142,0.114,0.906,0.72,0.1352,0.385,0.048,0.048,1
"mirror","cfg1_psi-0.1_mu0.25_sps0.06","reversal",-0.1,0.25,0.15,0.7143,"bias-dominated",0.06,12,0,1000,0.7293,0.015,0.1055,0.1045,0.978,0.805,0.1371,0.331,0.008,0.008,1
"mirror","cfg1_psi-0.1_mu0.3_sps0.06","reversal",-0.1,0.3,0.2,0.75,"bias-dominated",0.06,12,0,1000,0.7534,0.0034,0.0927,0.0926,0.995,0.83,0.125,0.361,0.003,0.003,1
"mirror","cfg1_psi-0.1_mu0.35_sps0.06","reversal",-0.1,0.35,0.25,0.7778,"bias-dominated",0.06,12,0,1000,0.7765,-0.0013,0.0904,0.0904,1,0.812,0.1135,0.383,0,0,NA
"mirror","cfg1_psi-0.1_mu0.4_sps0.06","reversal",-0.1,0.4,0.3,0.8,"bias-dominated",0.06,12,0,1000,0.8044,0.0044,0.0801,0.08,1,0.863,0.1071,0.351,0,0,NA
"main","cfg1_psi-0.14_mu-0.05_sps0.06","inflation",-0.14,-0.05,-0.19,0.2632,"effect-dominated",0.06,12,0,1000,0.2948,0.0316,0.1292,0.1254,0.08,1,0.3639,0.619,0.619,0.08,0
"main","cfg1_psi-0.14_mu-0.1_sps0.06","inflation",-0.14,-0.1,-0.24,0.4167,"mixed",0.06,12,0,1000,0.44,0.0233,0.1327,0.1307,0.984,0.999,0.3571,0.617,0.61,0.016,0
"main","cfg1_psi-0.14_mu-0.15_sps0.06","inflation",-0.14,-0.15,-0.29,0.5172,"bias-dominated",0.06,12,0,1000,0.5326,0.0154,0.1269,0.126,0.007,0.986,0.3034,0.617,0.44,0.005,1
"main","cfg1_psi-0.14_mu-0.2_sps0.06","inflation",-0.14,-0.2,-0.34,0.5882,"bias-dominated",0.06,12,0,1000,0.6052,0.0169,0.115,0.1138,0.041,0.972,0.2599,0.585,0.189,0,NA
"main","cfg1_psi-0.14_mu-0.25_sps0.06","inflation",-0.14,-0.25,-0.39,0.641,"bias-dominated",0.06,12,0,1000,0.6514,0.0104,0.1083,0.1079,0.149,0.962,0.224,0.63,0.058,0,NA
"main","cfg1_psi-0.14_mu-0.3_sps0.06","inflation",-0.14,-0.3,-0.44,0.6818,"bias-dominated",0.06,12,0,1000,0.6843,0.0025,0.0985,0.0985,0.336,0.961,0.1978,0.626,0.011,0,NA
"main","cfg1_psi-0.14_mu-0.35_sps0.06","inflation",-0.14,-0.35,-0.49,0.7143,"bias-dominated",0.06,12,0,1000,0.7242,0.0099,0.091,0.0905,0.641,0.962,0.1785,0.6,0,0,NA
"main","cfg1_psi-0.14_mu-0.4_sps0.06","inflation",-0.14,-0.4,-0.54,0.7407,"bias-dominated",0.06,12,0,1000,0.7498,0.009,0.0875,0.0871,0.861,0.937,0.1612,0.596,0,0,NA
"mirror","cfg1_psi-0.14_mu0.05_sps0.06","shrinkage",-0.14,0.05,-0.09,0.2632,"effect-dominated",0.06,12,0,1000,0.297,0.0339,0.1094,0.1041,0.558,0.958,0.1987,0.631,0.631,0.53,0
"mirror","cfg1_psi-0.14_mu0.1_sps0.06","shrinkage",-0.14,0.1,-0.04,0.4167,"mixed",0.06,12,0,1000,0.4449,0.0282,0.1197,0.1164,0.236,0.605,0.1281,0.597,0.594,0.588,0
"mirror","cfg1_psi-0.14_mu0.15_sps0.06","reversal",-0.14,0.15,0.01,0.5172,"bias-dominated",0.06,12,0,1000,0.5358,0.0185,0.116,0.1145,0.487,0.151,0.0595,0.617,0.438,0.438,1
"mirror","cfg1_psi-0.14_mu0.2_sps0.06","reversal",-0.14,0.2,0.06,0.5882,"bias-dominated",0.06,12,0,1000,0.6082,0.02,0.1121,0.1104,0.827,0.356,0.0669,0.588,0.161,0.161,1
"mirror","cfg1_psi-0.14_mu0.25_sps0.06","reversal",-0.14,0.25,0.11,0.641,"bias-dominated",0.06,12,0,1000,0.6642,0.0232,0.1035,0.1009,0.967,0.496,0.0958,0.567,0.03,0.03,1
"mirror","cfg1_psi-0.14_mu0.3_sps0.06","reversal",-0.14,0.3,0.16,0.6818,"bias-dominated",0.06,12,0,1000,0.6979,0.0161,0.0905,0.0891,0.995,0.625,0.0937,0.608,0.004,0.004,1
"mirror","cfg1_psi-0.14_mu0.35_sps0.06","reversal",-0.14,0.35,0.21,0.7143,"bias-dominated",0.06,12,0,1000,0.7212,0.0069,0.0858,0.0856,1,0.64,0.0894,0.623,0,0,NA
"mirror","cfg1_psi-0.14_mu0.4_sps0.06","reversal",-0.14,0.4,0.26,0.7407,"bias-dominated",0.06,12,0,1000,0.7507,0.01,0.0822,0.0817,1,0.684,0.0892,0.611,0,0,NA
"main","cfg1_psi-0.18_mu-0.05_sps0.06","inflation",-0.18,-0.05,-0.23,0.2174,"effect-dominated",0.06,12,0,1000,0.2384,0.021,0.1002,0.098,0.223,1,0.2998,0.844,0.844,0.223,0
"main","cfg1_psi-0.18_mu-0.1_sps0.06","inflation",-0.18,-0.1,-0.28,0.3571,"mixed",0.06,12,0,1000,0.3732,0.0161,0.1065,0.1054,0.924,0.998,0.3089,0.833,0.827,0.076,0
"main","cfg1_psi-0.18_mu-0.15_sps0.06","inflation",-0.18,-0.15,-0.33,0.4545,"mixed",0.06,12,0,1000,0.4665,0.012,0.108,0.1074,0.979,0.996,0.2721,0.817,0.667,0.021,0
"main","cfg1_psi-0.18_mu-0.2_sps0.06","inflation",-0.18,-0.2,-0.38,0.5263,"bias-dominated",0.06,12,0,1000,0.5377,0.0114,0.0991,0.0985,0.011,0.989,0.2387,0.819,0.405,0.001,1
"main","cfg1_psi-0.18_mu-0.25_sps0.06","inflation",-0.18,-0.25,-0.43,0.5814,"bias-dominated",0.06,12,0,1000,0.5899,0.0085,0.093,0.0926,0.042,0.98,0.2104,0.821,0.155,0.001,1
"main","cfg1_psi-0.18_mu-0.3_sps0.06","inflation",-0.18,-0.3,-0.48,0.625,"bias-dominated",0.06,12,0,1000,0.6286,0.0036,0.0873,0.0873,0.178,0.964,0.1875,0.822,0.038,0,NA
"main","cfg1_psi-0.18_mu-0.35_sps0.06","inflation",-0.18,-0.35,-0.53,0.6604,"bias-dominated",0.06,12,0,1000,0.669,0.0087,0.0787,0.0782,0.432,0.974,0.1723,0.818,0.005,0,NA
"main","cfg1_psi-0.18_mu-0.4_sps0.06","inflation",-0.18,-0.4,-0.58,0.6897,"bias-dominated",0.06,12,0,1000,0.6968,0.0072,0.0787,0.0784,0.686,0.958,0.1571,0.813,0,0,NA
"mirror","cfg1_psi-0.18_mu0.05_sps0.06","shrinkage",-0.18,0.05,-0.13,0.2174,"effect-dominated",0.06,12,0,1000,0.2451,0.0277,0.0823,0.0776,0.77,0.986,0.1696,0.842,0.842,0.754,0
"mirror","cfg1_psi-0.18_mu0.1_sps0.06","shrinkage",-0.18,0.1,-0.08,0.3571,"mixed",0.06,12,0,1000,0.3747,0.0175,0.0913,0.0896,0.077,0.778,0.1273,0.823,0.82,0.817,0
"mirror","cfg1_psi-0.18_mu0.15_sps0.06","shrinkage",-0.18,0.15,-0.03,0.4545,"mixed",0.06,12,0,1000,0.4681,0.0135,0.091,0.09,0.016,0.237,0.0568,0.822,0.693,0.693,0
"mirror","cfg1_psi-0.18_mu0.2_sps0.06","reversal",-0.18,0.2,0.02,0.5263,"bias-dominated",0.06,12,0,1000,0.5436,0.0172,0.0956,0.094,0.643,0.122,0.0323,0.813,0.355,0.355,1
"mirror","cfg1_psi-0.18_mu0.25_sps0.06","reversal",-0.18,0.25,0.07,0.5814,"bias-dominated",0.06,12,0,1000,0.5966,0.0152,0.0861,0.0848,0.888,0.335,0.0461,0.817,0.112,0.112,1
"mirror","cfg1_psi-0.18_mu0.3_sps0.06","reversal",-0.18,0.3,0.12,0.625,"bias-dominated",0.06,12,0,1000,0.6379,0.0129,0.0811,0.0801,0.982,0.476,0.0571,0.821,0.018,0.018,1
"mirror","cfg1_psi-0.18_mu0.35_sps0.06","reversal",-0.18,0.35,0.17,0.6604,"bias-dominated",0.06,12,0,1000,0.6648,0.0044,0.0761,0.076,0.999,0.54,0.0604,0.847,0.001,0.001,1
"mirror","cfg1_psi-0.18_mu0.4_sps0.06","reversal",-0.18,0.4,0.22,0.6897,"bias-dominated",0.06,12,0,1000,0.6978,0.0081,0.0767,0.0763,1,0.579,0.0634,0.801,0,0,NA
"main","cfg1_psi-0.23_mu-0.05_sps0.06","inflation",-0.23,-0.05,-0.28,0.1786,"effect-dominated",0.06,12,0,1000,0.1944,0.0158,0.072,0.0703,0.473,1,0.2477,0.958,0.958,0.473,0
"main","cfg1_psi-0.23_mu-0.1_sps0.06","inflation",-0.23,-0.1,-0.33,0.303,"effect-dominated",0.06,12,0,1000,0.3107,0.0077,0.0743,0.0739,0.207,1,0.2623,0.96,0.958,0.207,0
"main","cfg1_psi-0.23_mu-0.15_sps0.06","inflation",-0.23,-0.15,-0.38,0.3947,"mixed",0.06,12,0,1000,0.4086,0.0138,0.0865,0.0854,0.92,0.998,0.2417,0.952,0.86,0.08,0
"main","cfg1_psi-0.23_mu-0.2_sps0.06","inflation",-0.23,-0.2,-0.43,0.4651,"mixed",0.06,12,0,1000,0.4725,0.0074,0.08,0.0797,0.984,0.994,0.2122,0.951,0.677,0.014,0
"main","cfg1_psi-0.23_mu-0.25_sps0.06","inflation",-0.23,-0.25,-0.48,0.5208,"bias-dominated",0.06,12,0,1000,0.5254,0.0046,0.0747,0.0746,0.006,0.99,0.1902,0.963,0.401,0.003,1
"main","cfg1_psi-0.23_mu-0.3_sps0.06","inflation",-0.23,-0.3,-0.53,0.566,"bias-dominated",0.06,12,0,1000,0.5702,0.0041,0.073,0.0729,0.047,0.979,0.1717,0.95,0.167,0,NA
"main","cfg1_psi-0.23_mu-0.35_sps0.06","inflation",-0.23,-0.35,-0.58,0.6034,"bias-dominated",0.06,12,0,1000,0.6089,0.0055,0.0683,0.0681,0.163,0.982,0.1572,0.962,0.035,0,NA
"main","cfg1_psi-0.23_mu-0.4_sps0.06","inflation",-0.23,-0.4,-0.63,0.6349,"bias-dominated",0.06,12,0,1000,0.6407,0.0057,0.0676,0.0674,0.419,0.974,0.1459,0.962,0.006,0,NA
"mirror","cfg1_psi-0.23_mu0.05_sps0.06","shrinkage",-0.23,0.05,-0.18,0.1786,"effect-dominated",0.06,12,0,1000,0.2007,0.0221,0.0598,0.0556,0.91,0.998,0.1518,0.957,0.957,0.906,0
"mirror","cfg1_psi-0.23_mu0.1_sps0.06","shrinkage",-0.23,0.1,-0.13,0.303,"effect-dominated",0.06,12,0,1000,0.3132,0.0102,0.0657,0.065,0.982,0.946,0.1314,0.968,0.968,0.966,0
"mirror","cfg1_psi-0.23_mu0.15_sps0.06","shrinkage",-0.23,0.15,-0.08,0.3947,"mixed",0.06,12,0,1000,0.3996,0.0049,0.068,0.0679,0.002,0.579,0.0662,0.965,0.921,0.921,0
"mirror","cfg1_psi-0.23_mu0.2_sps0.06","shrinkage",-0.23,0.2,-0.03,0.4651,"mixed",0.06,12,0,1000,0.4744,0.0093,0.0707,0.0702,0,0.178,0.0286,0.962,0.685,0.685,0
"mirror","cfg1_psi-0.23_mu0.25_sps0.06","reversal",-0.23,0.25,0.02,0.5208,"bias-dominated",0.06,12,0,1000,0.5294,0.0086,0.071,0.0705,0.631,0.092,0.018,0.956,0.369,0.369,1
"mirror","cfg1_psi-0.23_mu0.3_sps0.06","reversal",-0.23,0.3,0.07,0.566,"bias-dominated",0.06,12,0,1000,0.5742,0.0081,0.0639,0.0634,0.902,0.283,0.0268,0.967,0.098,0.098,1
"mirror","cfg1_psi-0.23_mu0.35_sps0.06","reversal",-0.23,0.35,0.12,0.6034,"bias-dominated",0.06,12,0,1000,0.6072,0.0037,0.0646,0.0645,0.977,0.403,0.035,0.962,0.023,0.023,1
"mirror","cfg1_psi-0.23_mu0.4_sps0.06","reversal",-0.23,0.4,0.17,0.6349,"bias-dominated",0.06,12,0,1000,0.6434,0.0085,0.0683,0.0678,0.998,0.457,0.0422,0.952,0.002,0.002,1
"main","cfg1_psi-0.27_mu-0.05_sps0.06","inflation",-0.27,-0.05,-0.32,0.1562,"effect-dominated",0.06,12,0,1000,0.1672,0.0109,0.0555,0.0545,0.704,1,0.2143,0.989,0.989,0.704,0
"main","cfg1_psi-0.27_mu-0.1_sps0.06","inflation",-0.27,-0.1,-0.37,0.2703,"effect-dominated",0.06,12,0,1000,0.2776,0.0073,0.0639,0.0635,0.434,1,0.234,0.995,0.994,0.434,0
"main","cfg1_psi-0.27_mu-0.15_sps0.06","inflation",-0.27,-0.15,-0.42,0.3571,"mixed",0.06,12,0,1000,0.3674,0.0102,0.0686,0.0678,0.827,0.998,0.218,0.983,0.955,0.173,0
"main","cfg1_psi-0.27_mu-0.2_sps0.06","inflation",-0.27,-0.2,-0.47,0.4255,"mixed",0.06,12,0,1000,0.4308,0.0053,0.0686,0.0685,0.946,0.994,0.1939,0.987,0.866,0.054,0
"main","cfg1_psi-0.27_mu-0.25_sps0.06","inflation",-0.27,-0.25,-0.52,0.4808,"mixed",0.06,12,0,1000,0.486,0.0052,0.0638,0.0636,0.989,0.993,0.1761,0.993,0.623,0.01,0
"main","cfg1_psi-0.27_mu-0.3_sps0.06","inflation",-0.27,-0.3,-0.57,0.5263,"bias-dominated",0.06,12,0,1000,0.5328,0.0064,0.0624,0.0621,0.016,0.989,0.1605,0.985,0.324,0.001,1
"main","cfg1_psi-0.27_mu-0.35_sps0.06","inflation",-0.27,-0.35,-0.62,0.5645,"bias-dominated",0.06,12,0,1000,0.5681,0.0036,0.0613,0.0613,0.067,0.989,0.1467,0.988,0.116,0,NA
"main","cfg1_psi-0.27_mu-0.4_sps0.06","inflation",-0.27,-0.4,-0.67,0.597,"bias-dominated",0.06,12,0,1000,0.6009,0.0039,0.0602,0.0601,0.225,0.978,0.1358,0.992,0.026,0,NA
"mirror","cfg1_psi-0.27_mu0.05_sps0.06","shrinkage",-0.27,0.05,-0.22,0.1562,"effect-dominated",0.06,12,0,1000,0.174,0.0178,0.0477,0.0443,0.972,1,0.1394,0.984,0.984,0.97,0
"mirror","cfg1_psi-0.27_mu0.1_sps0.06","shrinkage",-0.27,0.1,-0.17,0.2703,"effect-dominated",0.06,12,0,1000,0.2768,0.0066,0.0528,0.0524,0.996,0.98,0.1299,0.987,0.987,0.987,0
"mirror","cfg1_psi-0.27_mu0.15_sps0.06","shrinkage",-0.27,0.15,-0.12,0.3571,"mixed",0.06,12,0,1000,0.3602,0.0031,0.0541,0.054,0,0.772,0.075,0.994,0.987,0.987,0
"mirror","cfg1_psi-0.27_mu0.2_sps0.06","shrinkage",-0.27,0.2,-0.07,0.4255,"mixed",0.06,12,0,1000,0.4307,0.0052,0.057,0.0568,0,0.401,0.0354,0.991,0.881,0.881,0
"mirror","cfg1_psi-0.27_mu0.25_sps0.06","shrinkage",-0.27,0.25,-0.02,0.4808,"mixed",0.06,12,0,1000,0.4884,0.0076,0.0616,0.0612,0,0.098,0.016,0.981,0.623,0.623,0
"mirror","cfg1_psi-0.27_mu0.3_sps0.06","reversal",-0.27,0.3,0.03,0.5263,"bias-dominated",0.06,12,0,1000,0.5347,0.0084,0.058,0.0574,0.721,0.129,0.0137,0.989,0.279,0.279,1
"mirror","cfg1_psi-0.27_mu0.35_sps0.06","reversal",-0.27,0.35,0.08,0.5645,"bias-dominated",0.06,12,0,1000,0.5703,0.0058,0.0563,0.056,0.913,0.281,0.0208,0.993,0.087,0.087,1
"mirror","cfg1_psi-0.27_mu0.4_sps0.06","reversal",-0.27,0.4,0.13,0.597,"bias-dominated",0.06,12,0,1000,0.603,0.006,0.0559,0.0556,0.986,0.341,0.0288,0.996,0.014,0.014,1
"main","cfg1_psi-0.31_mu-0.05_sps0.06","inflation",-0.31,-0.05,-0.36,0.1389,"effect-dominated",0.06,12,0,1000,0.1472,0.0083,0.0445,0.0437,0.866,1,0.1908,0.999,0.999,0.866,0
"main","cfg1_psi-0.31_mu-0.1_sps0.06","inflation",-0.31,-0.1,-0.41,0.2439,"effect-dominated",0.06,12,0,1000,0.2498,0.0059,0.0557,0.0554,0.654,1,0.2118,0.998,0.997,0.654,0
"main","cfg1_psi-0.31_mu-0.15_sps0.06","inflation",-0.31,-0.15,-0.46,0.3261,"effect-dominated",0.06,12,0,1000,0.3326,0.0065,0.0563,0.056,0.363,1,0.1995,0.997,0.993,0.363,0
"main","cfg1_psi-0.31_mu-0.2_sps0.06","inflation",-0.31,-0.2,-0.51,0.3922,"mixed",0.06,12,0,1000,0.397,0.0049,0.0573,0.0571,0.855,0.997,0.1799,0.998,0.949,0.145,0
"main","cfg1_psi-0.31_mu-0.25_sps0.06","inflation",-0.31,-0.25,-0.56,0.4464,"mixed",0.06,12,0,1000,0.45,0.0036,0.0571,0.0571,0.948,0.995,0.164,0.999,0.823,0.052,0
"main","cfg1_psi-0.31_mu-0.3_sps0.06","inflation",-0.31,-0.3,-0.61,0.4918,"mixed",0.06,12,0,1000,0.4958,0.004,0.0546,0.0544,0.992,0.994,0.1504,1,0.556,0.006,0
"main","cfg1_psi-0.31_mu-0.35_sps0.06","inflation",-0.31,-0.35,-0.66,0.5303,"bias-dominated",0.06,12,0,1000,0.5319,0.0016,0.0541,0.0541,0.016,0.994,0.1374,0.998,0.294,0,NA
"main","cfg1_psi-0.31_mu-0.4_sps0.06","inflation",-0.31,-0.4,-0.71,0.5634,"bias-dominated",0.06,12,0,1000,0.5668,0.0034,0.0556,0.0555,0.095,0.983,0.1275,0.996,0.103,0,NA
"mirror","cfg1_psi-0.31_mu0.05_sps0.06","shrinkage",-0.31,0.05,-0.26,0.1389,"effect-dominated",0.06,12,0,1000,0.1521,0.0133,0.0381,0.0357,0.996,1,0.1282,0.998,0.998,0.996,0
"mirror","cfg1_psi-0.31_mu0.1_sps0.06","shrinkage",-0.31,0.1,-0.21,0.2439,"effect-dominated",0.06,12,0,1000,0.251,0.0071,0.0446,0.0441,1,0.991,0.1257,0.996,0.996,0.996,0
"mirror","cfg1_psi-0.31_mu0.15_sps0.06","shrinkage",-0.31,0.15,-0.16,0.3261,"effect-dominated",0.06,12,0,1000,0.3297,0.0036,0.0466,0.0464,0.996,0.88,0.08,0.998,0.995,0.995,0
"mirror","cfg1_psi-0.31_mu0.2_sps0.06","shrinkage",-0.31,0.2,-0.11,0.3922,"mixed",0.06,12,0,1000,0.3952,0.003,0.0471,0.0471,0,0.611,0.0441,0.996,0.974,0.974,0
"mirror","cfg1_psi-0.31_mu0.25_sps0.06","shrinkage",-0.31,0.25,-0.06,0.4464,"mixed",0.06,12,0,1000,0.4528,0.0064,0.0524,0.052,0,0.289,0.0203,0.998,0.854,0.854,0
"mirror","cfg1_psi-0.31_mu0.3_sps0.06","shrinkage",-0.31,0.3,-0.01,0.4918,"mixed",0.06,12,0,1000,0.4982,0.0064,0.0502,0.0498,0,0.036,0.0106,0.998,0.551,0.551,0
"mirror","cfg1_psi-0.31_mu0.35_sps0.06","reversal",-0.31,0.35,0.04,0.5303,"bias-dominated",0.06,12,0,1000,0.5361,0.0058,0.0502,0.0499,0.761,0.131,0.0105,0.999,0.239,0.239,1
"mirror","cfg1_psi-0.31_mu0.4_sps0.06","reversal",-0.31,0.4,0.09,0.5634,"bias-dominated",0.06,12,0,1000,0.5683,0.0049,0.0497,0.0495,0.931,0.253,0.018,0.999,0.069,0.069,1
"main","cfg1_psi-0.36_mu-0.05_sps0.06","inflation",-0.36,-0.05,-0.41,0.122,"effect-dominated",0.06,12,0,1000,0.129,0.007,0.0372,0.0365,0.958,1,0.168,1,1,0.958,0
"main","cfg1_psi-0.36_mu-0.1_sps0.06","inflation",-0.36,-0.1,-0.46,0.2174,"effect-dominated",0.06,12,0,1000,0.2217,0.0043,0.0461,0.0459,0.866,1,0.189,1,1,0.866,0
"main","cfg1_psi-0.36_mu-0.15_sps0.06","inflation",-0.36,-0.15,-0.51,0.2941,"effect-dominated",0.06,12,0,1000,0.2992,0.0051,0.0479,0.0476,0.649,1,0.18,1,0.999,0.649,0
"main","cfg1_psi-0.36_mu-0.2_sps0.06","inflation",-0.36,-0.2,-0.56,0.3571,"mixed",0.06,12,0,1000,0.3609,0.0038,0.0471,0.047,0.631,0.999,0.1636,1,0.996,0.369,0
"main","cfg1_psi-0.36_mu-0.25_sps0.06","inflation",-0.36,-0.25,-0.61,0.4098,"mixed",0.06,12,0,1000,0.4127,0.0029,0.0482,0.0482,0.861,0.997,0.15,0.999,0.954,0.139,0
"main","cfg1_psi-0.36_mu-0.3_sps0.06","inflation",-0.36,-0.3,-0.66,0.4545,"mixed",0.06,12,0,1000,0.4588,0.0042,0.0472,0.047,0.973,0.996,0.1395,1,0.819,0.026,0
"main","cfg1_psi-0.36_mu-0.35_sps0.06","inflation",-0.36,-0.35,-0.71,0.493,"mixed",0.06,12,0,1000,0.4921,-9e-04,0.0455,0.0455,0.995,0.995,0.1278,1,0.623,0.003,0
"main","cfg1_psi-0.36_mu-0.4_sps0.06","inflation",-0.36,-0.4,-0.76,0.5263,"bias-dominated",0.06,12,0,1000,0.5279,0.0016,0.0484,0.0484,0.021,0.988,0.1189,1,0.297,0,NA
"mirror","cfg1_psi-0.36_mu0.05_sps0.06","shrinkage",-0.36,0.05,-0.31,0.122,"effect-dominated",0.06,12,0,1000,0.1332,0.0112,0.0315,0.0295,1,1,0.1166,1,1,1,0
"mirror","cfg1_psi-0.36_mu0.1_sps0.06","shrinkage",-0.36,0.1,-0.26,0.2174,"effect-dominated",0.06,12,0,1000,0.2222,0.0048,0.0353,0.035,1,0.997,0.1203,1,1,1,0
"mirror","cfg1_psi-0.36_mu0.15_sps0.06","shrinkage",-0.36,0.15,-0.21,0.2941,"effect-dominated",0.06,12,0,1000,0.2974,0.0033,0.0386,0.0385,0.999,0.955,0.0825,0.999,0.999,0.999,0
"mirror","cfg1_psi-0.36_mu0.2_sps0.06","shrinkage",-0.36,0.2,-0.16,0.3571,"mixed",0.06,12,0,1000,0.358,8e-04,0.0404,0.0404,0,0.774,0.0523,0.999,0.996,0.996,0
"mirror","cfg1_psi-0.36_mu0.25_sps0.06","shrinkage",-0.36,0.25,-0.11,0.4098,"mixed",0.06,12,0,1000,0.4153,0.0054,0.0432,0.0429,0,0.506,0.0296,1,0.962,0.962,0
"mirror","cfg1_psi-0.36_mu0.3_sps0.06","shrinkage",-0.36,0.3,-0.06,0.4545,"mixed",0.06,12,0,1000,0.4594,0.0049,0.0423,0.042,0,0.232,0.0146,1,0.844,0.844,0
"mirror","cfg1_psi-0.36_mu0.35_sps0.06","shrinkage",-0.36,0.35,-0.01,0.493,"mixed",0.06,12,0,1000,0.4959,0.0029,0.043,0.0429,0,0.032,0.0082,1,0.576,0.576,0
"mirror","cfg1_psi-0.36_mu0.4_sps0.06","reversal",-0.36,0.4,0.04,0.5263,"bias-dominated",0.06,12,0,1000,0.5298,0.0035,0.0408,0.0407,0.75,0.119,0.0082,1,0.25,0.25,1
"main","cfg1_psi-0.4_mu-0.05_sps0.06","inflation",-0.4,-0.05,-0.45,0.1111,"effect-dominated",0.06,12,0,1000,0.1168,0.0057,0.0326,0.0321,0.993,1,0.1525,1,1,0.993,0
"main","cfg1_psi-0.4_mu-0.1_sps0.06","inflation",-0.4,-0.1,-0.5,0.2,"effect-dominated",0.06,12,0,1000,0.2014,0.0014,0.0396,0.0396,0.959,1,0.173,1,1,0.959,0
"main","cfg1_psi-0.4_mu-0.15_sps0.06","inflation",-0.4,-0.15,-0.55,0.2727,"effect-dominated",0.06,12,0,1000,0.276,0.0033,0.0423,0.0422,0.829,1,0.1666,1,1,0.829,0
"main","cfg1_psi-0.4_mu-0.2_sps0.06","inflation",-0.4,-0.2,-0.6,0.3333,"mixed",0.06,12,0,1000,0.3368,0.0035,0.0433,0.0432,0.426,1,0.1531,1,0.998,0.574,0
"main","cfg1_psi-0.4_mu-0.25_sps0.06","inflation",-0.4,-0.25,-0.65,0.3846,"mixed",0.06,12,0,1000,0.3878,0.0032,0.0451,0.045,0.671,0.996,0.1406,1,0.99,0.329,0
"main","cfg1_psi-0.4_mu-0.3_sps0.06","inflation",-0.4,-0.3,-0.7,0.4286,"mixed",0.06,12,0,1000,0.4339,0.0053,0.0437,0.0434,0.892,0.997,0.1316,1,0.931,0.108,0
"main","cfg1_psi-0.4_mu-0.35_sps0.06","inflation",-0.4,-0.35,-0.75,0.4667,"mixed",0.06,12,0,1000,0.4665,-1e-04,0.0423,0.0423,0.96,0.994,0.1217,1,0.792,0.04,0
"main","cfg1_psi-0.4_mu-0.4_sps0.06","inflation",-0.4,-0.4,-0.8,0.5,"mixed",0.06,12,0,1000,0.5009,9e-04,0.0441,0.0441,0.991,0.991,0.1137,1,0.519,0.005,0
"mirror","cfg1_psi-0.4_mu0.05_sps0.06","shrinkage",-0.4,0.05,-0.35,0.1111,"effect-dominated",0.06,12,0,1000,0.1213,0.0102,0.0276,0.0257,1,1,0.1098,1,1,1,0
"mirror","cfg1_psi-0.4_mu0.1_sps0.06","shrinkage",-0.4,0.1,-0.3,0.2,"effect-dominated",0.06,12,0,1000,0.2042,0.0042,0.031,0.0307,1,0.999,0.1147,1,1,1,0
"mirror","cfg1_psi-0.4_mu0.15_sps0.06","shrinkage",-0.4,0.15,-0.25,0.2727,"effect-dominated",0.06,12,0,1000,0.2756,0.0029,0.0337,0.0336,1,0.977,0.0834,1,1,1,0
"mirror","cfg1_psi-0.4_mu0.2_sps0.06","shrinkage",-0.4,0.2,-0.2,0.3333,"mixed",0.06,12,0,1000,0.3349,0.0016,0.0362,0.0362,0,0.853,0.0555,1,0.998,0.998,0
"mirror","cfg1_psi-0.4_mu0.25_sps0.06","shrinkage",-0.4,0.25,-0.15,0.3846,"mixed",0.06,12,0,1000,0.388,0.0034,0.0371,0.0369,0,0.645,0.0352,1,0.992,0.992,0
"mirror","cfg1_psi-0.4_mu0.3_sps0.06","shrinkage",-0.4,0.3,-0.1,0.4286,"mixed",0.06,12,0,1000,0.4319,0.0033,0.0386,0.0385,0,0.393,0.0199,1,0.955,0.955,0
"mirror","cfg1_psi-0.4_mu0.35_sps0.06","shrinkage",-0.4,0.35,-0.05,0.4667,"mixed",0.06,12,0,1000,0.4686,0.002,0.0383,0.0383,0,0.178,0.0102,1,0.812,0.812,0
"mirror","cfg1_psi-0.4_mu0.4_sps0.06","cancellation",-0.4,0.4,0,0.5,"mixed",0.06,12,0,1000,0.5018,0.0018,0.0367,0.0367,0,0,0.0059,1,0.512,0.512,0
"main","cfg10_psi-0.01_mu-0.05_sps0.1","inflation",-0.01,-0.05,-0.06,0.8333,"bias-dominated",0.1,50,0,1000,0.4519,-0.3814,0.4269,0.1919,0.108,0.321,0.1981,0.044,0.044,0.044,1
"main","cfg10_psi-0.01_mu-0.1_sps0.1","inflation",-0.01,-0.1,-0.11,0.9091,"bias-dominated",0.1,50,0,1000,0.6163,-0.2928,0.3409,0.1746,0.471,0.358,0.1481,0.044,0.044,0.044,1
"main","cfg10_psi-0.01_mu-0.15_sps0.1","inflation",-0.01,-0.15,-0.16,0.9375,"bias-dominated",0.1,50,0,1000,0.6921,-0.2454,0.2882,0.1511,0.723,0.345,0.1198,0.045,0.045,0.031,1
"main","cfg10_psi-0.01_mu-0.2_sps0.1","inflation",-0.01,-0.2,-0.21,0.9524,"bias-dominated",0.1,50,0,1000,0.736,-0.2164,0.2606,0.1452,0.852,0.358,0.0986,0.061,0.056,0.03,1
"main","cfg10_psi-0.01_mu-0.25_sps0.1","inflation",-0.01,-0.25,-0.26,0.9615,"bias-dominated",0.1,50,0,1000,0.7798,-0.1818,0.2212,0.1262,0.951,0.353,0.0853,0.054,0.013,0.009,1
"main","cfg10_psi-0.01_mu-0.3_sps0.1","inflation",-0.01,-0.3,-0.31,0.9677,"bias-dominated",0.1,50,0,1000,0.8115,-0.1562,0.1923,0.1121,0.991,0.376,0.0762,0.038,0.003,0.001,1
"main","cfg10_psi-0.01_mu-0.35_sps0.1","inflation",-0.01,-0.35,-0.36,0.9722,"bias-dominated",0.1,50,0,1000,0.8295,-0.1427,0.1772,0.105,0.995,0.372,0.0676,0.053,0,0,NA
"main","cfg10_psi-0.01_mu-0.4_sps0.1","inflation",-0.01,-0.4,-0.41,0.9756,"bias-dominated",0.1,50,0,1000,0.8431,-0.1325,0.163,0.095,0.999,0.347,0.061,0.046,0,0,NA
"mirror","cfg10_psi-0.01_mu0.05_sps0.1","reversal",-0.01,0.05,0.04,0.8333,"bias-dominated",0.1,50,0,1000,0.4585,-0.3748,0.4194,0.1882,0.127,0.317,0.184,0.046,0.046,0.046,1
"mirror","cfg10_psi-0.01_mu0.1_sps0.1","reversal",-0.01,0.1,0.09,0.9091,"bias-dominated",0.1,50,0,1000,0.6,-0.3091,0.3578,0.1803,0.459,0.328,0.1387,0.056,0.056,0.056,1
"mirror","cfg10_psi-0.01_mu0.15_sps0.1","reversal",-0.01,0.15,0.14,0.9375,"bias-dominated",0.1,50,0,1000,0.684,-0.2535,0.2974,0.1557,0.739,0.334,0.1144,0.055,0.055,0.041,1
"mirror","cfg10_psi-0.01_mu0.2_sps0.1","reversal",-0.01,0.2,0.19,0.9524,"bias-dominated",0.1,50,0,1000,0.7424,-0.21,0.2511,0.1377,0.885,0.338,0.0958,0.037,0.034,0.024,1
"mirror","cfg10_psi-0.01_mu0.25_sps0.1","reversal",-0.01,0.25,0.24,0.9615,"bias-dominated",0.1,50,0,1000,0.7745,-0.187,0.2232,0.1219,0.968,0.317,0.0812,0.048,0.011,0.008,1
"mirror","cfg10_psi-0.01_mu0.3_sps0.1","reversal",-0.01,0.3,0.29,0.9677,"bias-dominated",0.1,50,0,1000,0.8042,-0.1635,0.1999,0.1151,0.991,0.352,0.0709,0.043,0.003,0.002,1
"mirror","cfg10_psi-0.01_mu0.35_sps0.1","reversal",-0.01,0.35,0.34,0.9722,"bias-dominated",0.1,50,0,1000,0.8278,-0.1444,0.177,0.1024,1,0.342,0.0636,0.045,0,0,NA
"mirror","cfg10_psi-0.01_mu0.4_sps0.1","reversal",-0.01,0.4,0.39,0.9756,"bias-dominated",0.1,50,0,1000,0.8348,-0.1408,0.1707,0.0966,1,0.303,0.0579,0.055,0,0,NA
"main","cfg10_psi-0.05_mu-0.05_sps0.1","inflation",-0.05,-0.05,-0.1,0.5,"mixed",0.1,50,0,1000,0.4318,-0.0682,0.2053,0.1937,0.492,0.492,0.2047,0.082,0.082,0.082,0
"main","cfg10_psi-0.05_mu-0.1_sps0.1","inflation",-0.05,-0.1,-0.15,0.6667,"bias-dominated",0.1,50,0,1000,0.5912,-0.0755,0.1967,0.1817,0.375,0.506,0.1571,0.069,0.069,0.069,1
"main","cfg10_psi-0.05_mu-0.15_sps0.1","inflation",-0.05,-0.15,-0.2,0.75,"bias-dominated",0.1,50,0,1000,0.6699,-0.0801,0.1756,0.1564,0.607,0.49,0.125,0.065,0.065,0.048,1
"main","cfg10_psi-0.05_mu-0.2_sps0.1","inflation",-0.05,-0.2,-0.25,0.8,"bias-dominated",0.1,50,0,1000,0.7148,-0.0852,0.172,0.1495,0.757,0.463,0.1025,0.088,0.084,0.028,1
"main","cfg10_psi-0.05_mu-0.25_sps0.1","inflation",-0.05,-0.25,-0.3,0.8333,"bias-dominated",0.1,50,0,1000,0.7662,-0.0672,0.1492,0.1333,0.907,0.484,0.0904,0.073,0.025,0.005,1
"main","cfg10_psi-0.05_mu-0.3_sps0.1","inflation",-0.05,-0.3,-0.35,0.8571,"bias-dominated",0.1,50,0,1000,0.7898,-0.0673,0.1387,0.1213,0.967,0.451,0.0788,0.078,0.005,0.001,1
"main","cfg10_psi-0.05_mu-0.35_sps0.1","inflation",-0.05,-0.35,-0.4,0.875,"bias-dominated",0.1,50,0,1000,0.8112,-0.0638,0.1288,0.1119,0.988,0.469,0.0706,0.08,0.001,0,NA
"main","cfg10_psi-0.05_mu-0.4_sps0.1","inflation",-0.05,-0.4,-0.45,0.8889,"bias-dominated",0.1,50,0,1000,0.8276,-0.0613,0.1203,0.1035,0.997,0.465,0.0639,0.077,0,0,NA
"mirror","cfg10_psi-0.05_mu0.05_sps0.1","cancellation",-0.05,0.05,0,0.5,"mixed",0.1,50,0,1000,0.4305,-0.0695,0.1991,0.1867,0.355,0.355,0.1236,0.066,0.066,0.066,0
"mirror","cfg10_psi-0.05_mu0.1_sps0.1","reversal",-0.05,0.1,0.05,0.6667,"bias-dominated",0.1,50,0,1000,0.5777,-0.089,0.203,0.1826,0.466,0.382,0.0785,0.089,0.089,0.089,1
"mirror","cfg10_psi-0.05_mu0.15_sps0.1","reversal",-0.05,0.15,0.1,0.75,"bias-dominated",0.1,50,0,1000,0.6665,-0.0835,0.1823,0.1622,0.731,0.412,0.098,0.068,0.068,0.063,1
"mirror","cfg10_psi-0.05_mu0.2_sps0.1","reversal",-0.05,0.2,0.15,0.8,"bias-dominated",0.1,50,0,1000,0.7271,-0.0729,0.1616,0.1443,0.906,0.438,0.0846,0.065,0.06,0.053,1
"mirror","cfg10_psi-0.05_mu0.25_sps0.1","reversal",-0.05,0.25,0.2,0.8333,"bias-dominated",0.1,50,0,1000,0.7588,-0.0746,0.1528,0.1334,0.964,0.422,0.071,0.079,0.023,0.023,1
"mirror","cfg10_psi-0.05_mu0.3_sps0.1","reversal",-0.05,0.3,0.25,0.8571,"bias-dominated",0.1,50,0,1000,0.7866,-0.0706,0.1396,0.1205,0.992,0.427,0.0648,0.08,0.006,0.006,1
"mirror","cfg10_psi-0.05_mu0.35_sps0.1","reversal",-0.05,0.35,0.3,0.875,"bias-dominated",0.1,50,0,1000,0.8139,-0.0611,0.1259,0.1101,0.997,0.427,0.0563,0.071,0.003,0.003,1
"mirror","cfg10_psi-0.05_mu0.4_sps0.1","reversal",-0.05,0.4,0.35,0.8889,"bias-dominated",0.1,50,0,1000,0.82,-0.0689,0.1228,0.1017,1,0.403,0.0512,0.089,0,0,NA
"main","cfg10_psi-0.1_mu-0.05_sps0.1","inflation",-0.1,-0.05,-0.15,0.3333,"mixed",0.1,50,0,1000,0.3859,0.0526,0.205,0.1983,0.464,0.73,0.2005,0.148,0.148,0.148,0
"main","cfg10_psi-0.1_mu-0.1_sps0.1","inflation",-0.1,-0.1,-0.2,0.5,"mixed",0.1,50,0,1000,0.5317,0.0317,0.1943,0.1918,0.517,0.517,0.154,0.15,0.15,0.15,0
"main","cfg10_psi-0.1_mu-0.15_sps0.1","inflation",-0.1,-0.15,-0.25,0.6,"bias-dominated",0.1,50,0,1000,0.6176,0.0176,0.1713,0.1705,0.422,0.463,0.1234,0.138,0.138,0.094,1
"main","cfg10_psi-0.1_mu-0.2_sps0.1","inflation",-0.1,-0.2,-0.3,0.6667,"bias-dominated",0.1,50,0,1000,0.6661,-6e-04,0.1603,0.1603,0.611,0.42,0.1025,0.186,0.175,0.048,1
"main","cfg10_psi-0.1_mu-0.25_sps0.1","inflation",-0.1,-0.25,-0.35,0.7143,"bias-dominated",0.1,50,0,1000,0.7174,0.0031,0.1424,0.1424,0.813,0.419,0.0916,0.143,0.069,0.016,1
"main","cfg10_psi-0.1_mu-0.3_sps0.1","inflation",-0.1,-0.3,-0.4,0.75,"bias-dominated",0.1,50,0,1000,0.7376,-0.0124,0.1347,0.1342,0.886,0.384,0.0785,0.182,0.023,0.004,1
"main","cfg10_psi-0.1_mu-0.35_sps0.1","inflation",-0.1,-0.35,-0.45,0.7778,"bias-dominated",0.1,50,0,1000,0.7654,-0.0124,0.1221,0.1216,0.956,0.387,0.0711,0.171,0.007,0,NA
"main","cfg10_psi-0.1_mu-0.4_sps0.1","inflation",-0.1,-0.4,-0.5,0.8,"bias-dominated",0.1,50,0,1000,0.7905,-0.0095,0.115,0.1146,0.985,0.387,0.0639,0.163,0.002,0,NA
"mirror","cfg10_psi-0.1_mu0.05_sps0.1","shrinkage",-0.1,0.05,-0.05,0.3333,"mixed",0.1,50,0,1000,0.3849,0.0516,0.1995,0.1928,0.23,0.471,0.1029,0.144,0.144,0.144,0
"mirror","cfg10_psi-0.1_mu0.1_sps0.1","cancellation",-0.1,0.1,0,0.5,"mixed",0.1,50,0,1000,0.5197,0.0197,0.1852,0.1842,0.098,0.098,0.0437,0.169,0.169,0.169,0
"mirror","cfg10_psi-0.1_mu0.15_sps0.1","reversal",-0.1,0.15,0.05,0.6,"bias-dominated",0.1,50,0,1000,0.61,0.01,0.172,0.1718,0.653,0.17,0.0312,0.158,0.158,0.158,1
"mirror","cfg10_psi-0.1_mu0.2_sps0.1","reversal",-0.1,0.2,0.1,0.6667,"bias-dominated",0.1,50,0,1000,0.6748,0.0082,0.1556,0.1555,0.844,0.197,0.0429,0.151,0.136,0.136,1
"mirror","cfg10_psi-0.1_mu0.25_sps0.1","reversal",-0.1,0.25,0.15,0.7143,"bias-dominated",0.1,50,0,1000,0.7084,-0.0059,0.1444,0.1444,0.926,0.219,0.0445,0.179,0.071,0.071,1
"mirror","cfg10_psi-0.1_mu0.3_sps0.1","reversal",-0.1,0.3,0.2,0.75,"bias-dominated",0.1,50,0,1000,0.7436,-0.0064,0.134,0.134,0.979,0.255,0.0459,0.17,0.02,0.02,1
"mirror","cfg10_psi-0.1_mu0.35_sps0.1","reversal",-0.1,0.35,0.25,0.7778,"bias-dominated",0.1,50,0,1000,0.7652,-0.0126,0.1234,0.1228,0.994,0.232,0.0431,0.169,0.006,0.006,1
"mirror","cfg10_psi-0.1_mu0.4_sps0.1","reversal",-0.1,0.4,0.3,0.8,"bias-dominated",0.1,50,0,1000,0.7868,-0.0132,0.1155,0.1148,0.999,0.238,0.0409,0.163,0.001,0.001,1
"main","cfg10_psi-0.14_mu-0.05_sps0.1","inflation",-0.14,-0.05,-0.19,0.2632,"effect-dominated",0.1,50,0,1000,0.3288,0.0657,0.1908,0.1793,0.559,0.82,0.1799,0.264,0.264,0.264,0
"main","cfg10_psi-0.14_mu-0.1_sps0.1","inflation",-0.14,-0.1,-0.24,0.4167,"mixed",0.1,50,0,1000,0.4661,0.0494,0.1841,0.1775,0.518,0.608,0.143,0.263,0.263,0.263,0
"main","cfg10_psi-0.14_mu-0.15_sps0.1","inflation",-0.14,-0.15,-0.29,0.5172,"bias-dominated",0.1,50,0,1000,0.5601,0.0428,0.179,0.1739,0.273,0.531,0.1169,0.259,0.259,0.192,1
"main","cfg10_psi-0.14_mu-0.2_sps0.1","inflation",-0.14,-0.2,-0.34,0.5882,"bias-dominated",0.1,50,0,1000,0.6158,0.0276,0.1616,0.1594,0.46,0.448,0.0986,0.274,0.258,0.104,1
"main","cfg10_psi-0.14_mu-0.25_sps0.1","inflation",-0.14,-0.25,-0.39,0.641,"bias-dominated",0.1,50,0,1000,0.6652,0.0241,0.1466,0.1447,0.671,0.437,0.0874,0.249,0.125,0.042,1
"main","cfg10_psi-0.14_mu-0.3_sps0.1","inflation",-0.14,-0.3,-0.44,0.6818,"bias-dominated",0.1,50,0,1000,0.6842,0.0024,0.1365,0.1365,0.771,0.38,0.0747,0.328,0.067,0.007,1
"main","cfg10_psi-0.14_mu-0.35_sps0.1","inflation",-0.14,-0.35,-0.49,0.7143,"bias-dominated",0.1,50,0,1000,0.7197,0.0054,0.1262,0.1261,0.914,0.395,0.0683,0.293,0.018,0.005,1
"main","cfg10_psi-0.14_mu-0.4_sps0.1","inflation",-0.14,-0.4,-0.54,0.7407,"bias-dominated",0.1,50,0,1000,0.7495,0.0087,0.1178,0.1176,0.965,0.382,0.063,0.263,0.007,0.001,1
"mirror","cfg10_psi-0.14_mu0.05_sps0.1","shrinkage",-0.14,0.05,-0.09,0.2632,"effect-dominated",0.1,50,0,1000,0.3285,0.0653,0.1919,0.1806,0.805,0.54,0.0931,0.265,0.265,0.265,0
"mirror","cfg10_psi-0.14_mu0.1_sps0.1","shrinkage",-0.14,0.1,-0.04,0.4167,"mixed",0.1,50,0,1000,0.4582,0.0416,0.1827,0.178,0.048,0.124,0.0414,0.273,0.273,0.273,0
"mirror","cfg10_psi-0.14_mu0.15_sps0.1","reversal",-0.14,0.15,0.01,0.5172,"bias-dominated",0.1,50,0,1000,0.5593,0.042,0.1786,0.1736,0.532,0.032,0.0248,0.277,0.277,0.276,1
"mirror","cfg10_psi-0.14_mu0.2_sps0.1","reversal",-0.14,0.2,0.06,0.5882,"bias-dominated",0.1,50,0,1000,0.6139,0.0256,0.1563,0.1542,0.716,0.092,0.0196,0.28,0.271,0.271,1
"mirror","cfg10_psi-0.14_mu0.25_sps0.1","reversal",-0.14,0.25,0.11,0.641,"bias-dominated",0.1,50,0,1000,0.6577,0.0167,0.1432,0.1423,0.861,0.13,0.0261,0.276,0.139,0.139,1
"mirror","cfg10_psi-0.14_mu0.3_sps0.1","reversal",-0.14,0.3,0.16,0.6818,"bias-dominated",0.1,50,0,1000,0.7025,0.0207,0.138,0.1365,0.947,0.169,0.0311,0.262,0.053,0.053,1
"mirror","cfg10_psi-0.14_mu0.35_sps0.1","reversal",-0.14,0.35,0.21,0.7143,"bias-dominated",0.1,50,0,1000,0.7195,0.0053,0.1261,0.1261,0.976,0.164,0.0303,0.299,0.024,0.024,1
"mirror","cfg10_psi-0.14_mu0.4_sps0.1","reversal",-0.14,0.4,0.26,0.7407,"bias-dominated",0.1,50,0,1000,0.7472,0.0064,0.1195,0.1194,0.996,0.185,0.0312,0.293,0.004,0.004,1
"main","cfg10_psi-0.18_mu-0.05_sps0.1","inflation",-0.18,-0.05,-0.23,0.2174,"effect-dominated",0.1,50,0,1000,0.2735,0.0561,0.1725,0.1632,0.71,0.879,0.1568,0.415,0.415,0.415,0
"main","cfg10_psi-0.18_mu-0.1_sps0.1","inflation",-0.18,-0.1,-0.28,0.3571,"mixed",0.1,50,0,1000,0.4045,0.0474,0.1645,0.1576,0.409,0.661,0.1276,0.398,0.398,0.398,0
"main","cfg10_psi-0.18_mu-0.15_sps0.1","inflation",-0.18,-0.15,-0.33,0.4545,"mixed",0.1,50,0,1000,0.4954,0.0408,0.161,0.1558,0.503,0.575,0.1071,0.415,0.415,0.327,0
"main","cfg10_psi-0.18_mu-0.2_sps0.1","inflation",-0.18,-0.2,-0.38,0.5263,"bias-dominated",0.1,50,0,1000,0.5573,0.031,0.1498,0.1466,0.32,0.499,0.0914,0.434,0.412,0.193,1
"main","cfg10_psi-0.18_mu-0.25_sps0.1","inflation",-0.18,-0.25,-0.43,0.5814,"bias-dominated",0.1,50,0,1000,0.6111,0.0297,0.142,0.1389,0.519,0.457,0.0825,0.402,0.226,0.082,1
"main","cfg10_psi-0.18_mu-0.3_sps0.1","inflation",-0.18,-0.3,-0.48,0.625,"bias-dominated",0.1,50,0,1000,0.6352,0.0102,0.1287,0.1283,0.648,0.413,0.0723,0.458,0.14,0.034,1
"main","cfg10_psi-0.18_mu-0.35_sps0.1","inflation",-0.18,-0.35,-0.53,0.6604,"bias-dominated",0.1,50,0,1000,0.6722,0.0119,0.1216,0.1211,0.836,0.424,0.065,0.441,0.042,0.008,1
"main","cfg10_psi-0.18_mu-0.4_sps0.1","inflation",-0.18,-0.4,-0.58,0.6897,"bias-dominated",0.1,50,0,1000,0.7025,0.0128,0.1162,0.1156,0.921,0.398,0.0599,0.432,0.022,0.003,1
"mirror","cfg10_psi-0.18_mu0.05_sps0.1","shrinkage",-0.18,0.05,-0.13,0.2174,"effect-dominated",0.1,50,0,1000,0.2703,0.0529,0.1589,0.15,0.896,0.645,0.0882,0.41,0.41,0.41,0
"mirror","cfg10_psi-0.18_mu0.1_sps0.1","shrinkage",-0.18,0.1,-0.08,0.3571,"mixed",0.1,50,0,1000,0.4055,0.0483,0.1715,0.1646,0.018,0.211,0.0419,0.435,0.435,0.435,0
"mirror","cfg10_psi-0.18_mu0.15_sps0.1","shrinkage",-0.18,0.15,-0.03,0.4545,"mixed",0.1,50,0,1000,0.4975,0.043,0.1611,0.1553,0.007,0.056,0.0229,0.416,0.416,0.416,0
"mirror","cfg10_psi-0.18_mu0.2_sps0.1","reversal",-0.18,0.2,0.02,0.5263,"bias-dominated",0.1,50,0,1000,0.5576,0.0313,0.152,0.1488,0.584,0.027,0.0148,0.435,0.41,0.41,1
"mirror","cfg10_psi-0.18_mu0.25_sps0.1","reversal",-0.18,0.25,0.07,0.5814,"bias-dominated",0.1,50,0,1000,0.6048,0.0234,0.1376,0.1356,0.754,0.083,0.0139,0.416,0.246,0.246,1
"mirror","cfg10_psi-0.18_mu0.3_sps0.1","reversal",-0.18,0.3,0.12,0.625,"bias-dominated",0.1,50,0,1000,0.6509,0.0259,0.1335,0.131,0.886,0.115,0.0196,0.407,0.114,0.114,1
"mirror","cfg10_psi-0.18_mu0.35_sps0.1","reversal",-0.18,0.35,0.17,0.6604,"bias-dominated",0.1,50,0,1000,0.6706,0.0102,0.1215,0.1211,0.952,0.122,0.0203,0.452,0.048,0.048,1
"mirror","cfg10_psi-0.18_mu0.4_sps0.1","reversal",-0.18,0.4,0.22,0.6897,"bias-dominated",0.1,50,0,1000,0.7036,0.014,0.1151,0.1143,0.986,0.151,0.0232,0.432,0.014,0.014,1
"main","cfg10_psi-0.23_mu-0.05_sps0.1","inflation",-0.23,-0.05,-0.28,0.1786,"effect-dominated",0.1,50,0,1000,0.2121,0.0335,0.1162,0.1113,0.857,0.934,0.1284,0.611,0.611,0.611,0
"main","cfg10_psi-0.23_mu-0.1_sps0.1","inflation",-0.23,-0.1,-0.33,0.303,"effect-dominated",0.1,50,0,1000,0.3391,0.0361,0.1406,0.136,0.719,0.727,0.1078,0.62,0.62,0.62,0
"main","cfg10_psi-0.23_mu-0.15_sps0.1","inflation",-0.23,-0.15,-0.38,0.3947,"mixed",0.1,50,0,1000,0.4244,0.0296,0.1345,0.1313,0.403,0.626,0.0929,0.619,0.619,0.532,0
"main","cfg10_psi-0.23_mu-0.2_sps0.1","inflation",-0.23,-0.2,-0.43,0.4651,"mixed",0.1,50,0,1000,0.4891,0.024,0.125,0.1227,0.511,0.549,0.0816,0.621,0.601,0.335,0
"main","cfg10_psi-0.23_mu-0.25_sps0.1","inflation",-0.23,-0.25,-0.48,0.5208,"bias-dominated",0.1,50,0,1000,0.5424,0.0215,0.1206,0.1187,0.315,0.502,0.0739,0.616,0.407,0.183,1
"main","cfg10_psi-0.23_mu-0.3_sps0.1","inflation",-0.23,-0.3,-0.53,0.566,"bias-dominated",0.1,50,0,1000,0.5771,0.0111,0.1129,0.1124,0.475,0.458,0.0666,0.64,0.265,0.097,1
"main","cfg10_psi-0.23_mu-0.35_sps0.1","inflation",-0.23,-0.35,-0.58,0.6034,"bias-dominated",0.1,50,0,1000,0.6161,0.0127,0.1105,0.1098,0.67,0.46,0.0603,0.656,0.115,0.028,1
"main","cfg10_psi-0.23_mu-0.4_sps0.1","inflation",-0.23,-0.4,-0.63,0.6349,"bias-dominated",0.1,50,0,1000,0.6469,0.012,0.1077,0.1071,0.833,0.423,0.0557,0.624,0.052,0.013,1
"mirror","cfg10_psi-0.23_mu0.05_sps0.1","shrinkage",-0.23,0.05,-0.18,0.1786,"effect-dominated",0.1,50,0,1000,0.2103,0.0317,0.1114,0.1068,0.969,0.798,0.0828,0.608,0.608,0.608,0
"mirror","cfg10_psi-0.23_mu0.1_sps0.1","shrinkage",-0.23,0.1,-0.13,0.303,"effect-dominated",0.1,50,0,1000,0.3384,0.0353,0.133,0.1282,0.903,0.343,0.0429,0.614,0.614,0.614,0
"mirror","cfg10_psi-0.23_mu0.15_sps0.1","shrinkage",-0.23,0.15,-0.08,0.3947,"mixed",0.1,50,0,1000,0.4266,0.0319,0.1346,0.1309,0.002,0.146,0.0229,0.615,0.615,0.615,0
"mirror","cfg10_psi-0.23_mu0.2_sps0.1","shrinkage",-0.23,0.2,-0.03,0.4651,"mixed",0.1,50,0,1000,0.4928,0.0277,0.1303,0.1274,0,0.035,0.0136,0.617,0.602,0.602,0
"mirror","cfg10_psi-0.23_mu0.25_sps0.1","reversal",-0.23,0.25,0.02,0.5208,"bias-dominated",0.1,50,0,1000,0.5435,0.0227,0.1242,0.1222,0.595,0.022,0.0096,0.633,0.405,0.405,1
"mirror","cfg10_psi-0.23_mu0.3_sps0.1","reversal",-0.23,0.3,0.07,0.566,"bias-dominated",0.1,50,0,1000,0.5904,0.0244,0.122,0.1196,0.761,0.071,0.01,0.598,0.239,0.239,1
"mirror","cfg10_psi-0.23_mu0.35_sps0.1","reversal",-0.23,0.35,0.12,0.6034,"bias-dominated",0.1,50,0,1000,0.6147,0.0113,0.1092,0.1087,0.88,0.084,0.0118,0.631,0.12,0.12,1
"mirror","cfg10_psi-0.23_mu0.4_sps0.1","reversal",-0.23,0.4,0.17,0.6349,"bias-dominated",0.1,50,0,1000,0.6522,0.0173,0.1076,0.1063,0.952,0.103,0.0158,0.606,0.048,0.048,1
"main","cfg10_psi-0.27_mu-0.05_sps0.1","inflation",-0.27,-0.05,-0.32,0.1562,"effect-dominated",0.1,50,0,1000,0.1776,0.0213,0.0847,0.0821,0.93,0.961,0.1117,0.753,0.753,0.753,0
"main","cfg10_psi-0.27_mu-0.1_sps0.1","inflation",-0.27,-0.1,-0.37,0.2703,"effect-dominated",0.1,50,0,1000,0.2933,0.023,0.1059,0.1034,0.84,0.787,0.096,0.764,0.764,0.764,0
"main","cfg10_psi-0.27_mu-0.15_sps0.1","inflation",-0.27,-0.15,-0.42,0.3571,"mixed",0.1,50,0,1000,0.3815,0.0244,0.1155,0.1129,0.268,0.674,0.0842,0.778,0.778,0.693,0
"main","cfg10_psi-0.27_mu-0.2_sps0.1","inflation",-0.27,-0.2,-0.47,0.4255,"mixed",0.1,50,0,1000,0.4438,0.0183,0.1098,0.1084,0.416,0.572,0.0743,0.763,0.746,0.515,0
"main","cfg10_psi-0.27_mu-0.25_sps0.1","inflation",-0.27,-0.25,-0.52,0.4808,"mixed",0.1,50,0,1000,0.4988,0.018,0.1049,0.1034,0.536,0.55,0.0681,0.774,0.587,0.289,0
"main","cfg10_psi-0.27_mu-0.3_sps0.1","inflation",-0.27,-0.3,-0.57,0.5263,"bias-dominated",0.1,50,0,1000,0.5386,0.0122,0.1008,0.1002,0.332,0.503,0.062,0.78,0.385,0.17,1
"main","cfg10_psi-0.27_mu-0.35_sps0.1","inflation",-0.27,-0.35,-0.62,0.5645,"bias-dominated",0.1,50,0,1000,0.5793,0.0148,0.1005,0.0995,0.535,0.484,0.0568,0.765,0.208,0.061,1
"main","cfg10_psi-0.27_mu-0.4_sps0.1","inflation",-0.27,-0.4,-0.67,0.597,"bias-dominated",0.1,50,0,1000,0.6107,0.0137,0.0994,0.0985,0.723,0.445,0.0532,0.757,0.104,0.025,1
"mirror","cfg10_psi-0.27_mu0.05_sps0.1","shrinkage",-0.27,0.05,-0.22,0.1562,"effect-dominated",0.1,50,0,1000,0.1791,0.0229,0.0891,0.0862,0.985,0.894,0.0786,0.73,0.73,0.73,0
"mirror","cfg10_psi-0.27_mu0.1_sps0.1","shrinkage",-0.27,0.1,-0.17,0.2703,"effect-dominated",0.1,50,0,1000,0.2967,0.0264,0.1047,0.1014,0.952,0.451,0.043,0.742,0.742,0.742,0
"mirror","cfg10_psi-0.27_mu0.15_sps0.1","shrinkage",-0.27,0.15,-0.12,0.3571,"mixed",0.1,50,0,1000,0.3818,0.0246,0.1161,0.1136,0,0.228,0.0254,0.756,0.756,0.756,0
"mirror","cfg10_psi-0.27_mu0.2_sps0.1","shrinkage",-0.27,0.2,-0.07,0.4255,"mixed",0.1,50,0,1000,0.4506,0.0251,0.1159,0.1133,0,0.097,0.0143,0.75,0.739,0.739,0
"mirror","cfg10_psi-0.27_mu0.25_sps0.1","shrinkage",-0.27,0.25,-0.02,0.4808,"mixed",0.1,50,0,1000,0.4992,0.0184,0.1065,0.1049,0,0.022,0.0084,0.773,0.582,0.582,0
"mirror","cfg10_psi-0.27_mu0.3_sps0.1","reversal",-0.27,0.3,0.03,0.5263,"bias-dominated",0.1,50,0,1000,0.5465,0.0201,0.107,0.1051,0.621,0.025,0.0071,0.751,0.379,0.379,1
"mirror","cfg10_psi-0.27_mu0.35_sps0.1","reversal",-0.27,0.35,0.08,0.5645,"bias-dominated",0.1,50,0,1000,0.5719,0.0074,0.0971,0.0969,0.77,0.057,0.0071,0.788,0.23,0.23,1
"mirror","cfg10_psi-0.27_mu0.4_sps0.1","reversal",-0.27,0.4,0.13,0.597,"bias-dominated",0.1,50,0,1000,0.6135,0.0165,0.099,0.0976,0.894,0.075,0.0107,0.739,0.106,0.106,1
"main","cfg10_psi-0.31_mu-0.05_sps0.1","inflation",-0.31,-0.05,-0.36,0.1389,"effect-dominated",0.1,50,0,1000,0.1524,0.0135,0.0617,0.0602,0.977,0.973,0.0988,0.867,0.867,0.867,0
"main","cfg10_psi-0.31_mu-0.1_sps0.1","inflation",-0.31,-0.1,-0.41,0.2439,"effect-dominated",0.1,50,0,1000,0.261,0.0171,0.0855,0.0838,0.919,0.827,0.0865,0.867,0.867,0.867,0
"main","cfg10_psi-0.31_mu-0.15_sps0.1","inflation",-0.31,-0.15,-0.46,0.3261,"effect-dominated",0.1,50,0,1000,0.3475,0.0214,0.1003,0.098,0.809,0.704,0.0773,0.854,0.854,0.808,0
"main","cfg10_psi-0.31_mu-0.2_sps0.1","inflation",-0.31,-0.2,-0.51,0.3922,"mixed",0.1,50,0,1000,0.4069,0.0147,0.0915,0.0904,0.303,0.621,0.0691,0.882,0.871,0.663,0
"main","cfg10_psi-0.31_mu-0.25_sps0.1","inflation",-0.31,-0.25,-0.56,0.4464,"mixed",0.1,50,0,1000,0.4598,0.0134,0.0907,0.0898,0.442,0.565,0.0629,0.882,0.738,0.468,0
"main","cfg10_psi-0.31_mu-0.3_sps0.1","inflation",-0.31,-0.3,-0.61,0.4918,"mixed",0.1,50,0,1000,0.5053,0.0135,0.0909,0.0899,0.527,0.529,0.0582,0.876,0.549,0.266,0
"main","cfg10_psi-0.31_mu-0.35_sps0.1","inflation",-0.31,-0.35,-0.66,0.5303,"bias-dominated",0.1,50,0,1000,0.5433,0.013,0.0905,0.0896,0.359,0.49,0.0536,0.86,0.352,0.137,1
"main","cfg10_psi-0.31_mu-0.4_sps0.1","inflation",-0.31,-0.4,-0.71,0.5634,"bias-dominated",0.1,50,0,1000,0.5732,0.0099,0.0877,0.0872,0.541,0.462,0.0499,0.869,0.192,0.06,1
"mirror","cfg10_psi-0.31_mu0.05_sps0.1","shrinkage",-0.31,0.05,-0.26,0.1389,"effect-dominated",0.1,50,0,1000,0.1527,0.0138,0.0599,0.0583,0.997,0.933,0.0728,0.87,0.87,0.87,0
"mirror","cfg10_psi-0.31_mu0.1_sps0.1","shrinkage",-0.31,0.1,-0.21,0.2439,"effect-dominated",0.1,50,0,1000,0.2635,0.0196,0.0844,0.0822,0.986,0.53,0.0435,0.855,0.855,0.855,0
"mirror","cfg10_psi-0.31_mu0.15_sps0.1","shrinkage",-0.31,0.15,-0.16,0.3261,"effect-dominated",0.1,50,0,1000,0.3431,0.017,0.0926,0.0911,0.937,0.293,0.0273,0.859,0.859,0.859,0
"mirror","cfg10_psi-0.31_mu0.2_sps0.1","shrinkage",-0.31,0.2,-0.11,0.3922,"mixed",0.1,50,0,1000,0.4126,0.0204,0.097,0.0949,0,0.149,0.0158,0.853,0.849,0.849,0
"mirror","cfg10_psi-0.31_mu0.25_sps0.1","shrinkage",-0.31,0.25,-0.06,0.4464,"mixed",0.1,50,0,1000,0.4636,0.0172,0.0946,0.0931,0,0.083,0.0093,0.864,0.725,0.725,0
"mirror","cfg10_psi-0.31_mu0.3_sps0.1","shrinkage",-0.31,0.3,-0.01,0.4918,"mixed",0.1,50,0,1000,0.5053,0.0135,0.0891,0.0881,0,0.012,0.0061,0.87,0.541,0.541,0
"mirror","cfg10_psi-0.31_mu0.35_sps0.1","reversal",-0.31,0.35,0.04,0.5303,"bias-dominated",0.1,50,0,1000,0.5366,0.0063,0.084,0.0838,0.627,0.028,0.0054,0.88,0.373,0.373,1
"mirror","cfg10_psi-0.31_mu0.4_sps0.1","reversal",-0.31,0.4,0.09,0.5634,"bias-dominated",0.1,50,0,1000,0.5761,0.0128,0.0869,0.086,0.822,0.065,0.0066,0.856,0.178,0.178,1
"main","cfg10_psi-0.36_mu-0.05_sps0.1","inflation",-0.36,-0.05,-0.41,0.122,"effect-dominated",0.1,50,0,1000,0.1308,0.0088,0.0496,0.0488,0.993,0.988,0.086,0.955,0.955,0.955,0
"main","cfg10_psi-0.36_mu-0.1_sps0.1","inflation",-0.36,-0.1,-0.46,0.2174,"effect-dominated",0.1,50,0,1000,0.2276,0.0102,0.0632,0.0624,0.97,0.889,0.0772,0.952,0.952,0.952,0
"main","cfg10_psi-0.36_mu-0.15_sps0.1","inflation",-0.36,-0.15,-0.51,0.2941,"effect-dominated",0.1,50,0,1000,0.3078,0.0137,0.0757,0.0745,0.913,0.761,0.0691,0.935,0.935,0.913,0
"main","cfg10_psi-0.36_mu-0.2_sps0.1","inflation",-0.36,-0.2,-0.56,0.3571,"mixed",0.1,50,0,1000,0.3678,0.0107,0.0747,0.0739,0.164,0.678,0.0628,0.954,0.951,0.823,0
"main","cfg10_psi-0.36_mu-0.25_sps0.1","inflation",-0.36,-0.25,-0.61,0.4098,"mixed",0.1,50,0,1000,0.4224,0.0126,0.0752,0.0742,0.306,0.628,0.058,0.952,0.871,0.659,0
"main","cfg10_psi-0.36_mu-0.3_sps0.1","inflation",-0.36,-0.3,-0.66,0.4545,"mixed",0.1,50,0,1000,0.4648,0.0102,0.0767,0.076,0.453,0.568,0.054,0.947,0.728,0.456,0
"main","cfg10_psi-0.36_mu-0.35_sps0.1","inflation",-0.36,-0.35,-0.71,0.493,"mixed",0.1,50,0,1000,0.5041,0.0112,0.0775,0.0767,0.52,0.52,0.0498,0.939,0.54,0.265,0
"main","cfg10_psi-0.36_mu-0.4_sps0.1","inflation",-0.36,-0.4,-0.76,0.5263,"bias-dominated",0.1,50,0,1000,0.5348,0.0085,0.0771,0.0766,0.374,0.475,0.0465,0.935,0.364,0.146,1
"mirror","cfg10_psi-0.36_mu0.05_sps0.1","shrinkage",-0.36,0.05,-0.31,0.122,"effect-dominated",0.1,50,0,1000,0.1321,0.0101,0.0433,0.0422,0.999,0.965,0.0673,0.947,0.947,0.947,0
"mirror","cfg10_psi-0.36_mu0.1_sps0.1","shrinkage",-0.36,0.1,-0.26,0.2174,"effect-dominated",0.1,50,0,1000,0.2317,0.0143,0.0638,0.0622,0.995,0.611,0.0435,0.944,0.944,0.944,0
"mirror","cfg10_psi-0.36_mu0.15_sps0.1","shrinkage",-0.36,0.15,-0.21,0.2941,"effect-dominated",0.1,50,0,1000,0.3052,0.0111,0.0726,0.0717,0.975,0.355,0.0282,0.935,0.935,0.935,0
"mirror","cfg10_psi-0.36_mu0.2_sps0.1","shrinkage",-0.36,0.2,-0.16,0.3571,"mixed",0.1,50,0,1000,0.3738,0.0167,0.0788,0.0771,0,0.224,0.0181,0.929,0.924,0.924,0
"mirror","cfg10_psi-0.36_mu0.25_sps0.1","shrinkage",-0.36,0.25,-0.11,0.4098,"mixed",0.1,50,0,1000,0.4242,0.0143,0.0787,0.0774,0,0.14,0.0111,0.942,0.863,0.863,0
"mirror","cfg10_psi-0.36_mu0.3_sps0.1","shrinkage",-0.36,0.3,-0.06,0.4545,"mixed",0.1,50,0,1000,0.4641,0.0096,0.0765,0.076,0,0.062,0.007,0.948,0.74,0.74,0
"mirror","cfg10_psi-0.36_mu0.35_sps0.1","shrinkage",-0.36,0.35,-0.01,0.493,"mixed",0.1,50,0,1000,0.4964,0.0034,0.0696,0.0696,0,0.007,0.0045,0.965,0.564,0.564,0
"mirror","cfg10_psi-0.36_mu0.4_sps0.1","reversal",-0.36,0.4,0.04,0.5263,"bias-dominated",0.1,50,0,1000,0.5347,0.0083,0.073,0.0725,0.648,0.031,0.0041,0.954,0.352,0.352,1
"main","cfg10_psi-0.4_mu-0.05_sps0.1","inflation",-0.4,-0.05,-0.45,0.1111,"effect-dominated",0.1,50,0,1000,0.1182,0.0071,0.0428,0.0423,0.996,0.992,0.0785,0.98,0.98,0.98,0
"main","cfg10_psi-0.4_mu-0.1_sps0.1","inflation",-0.4,-0.1,-0.5,0.2,"effect-dominated",0.1,50,0,1000,0.2069,0.0069,0.049,0.0485,0.992,0.918,0.0709,0.982,0.982,0.982,0
"main","cfg10_psi-0.4_mu-0.15_sps0.1","inflation",-0.4,-0.15,-0.55,0.2727,"effect-dominated",0.1,50,0,1000,0.2846,0.0119,0.0645,0.0634,0.95,0.77,0.0642,0.967,0.967,0.949,0
"main","cfg10_psi-0.4_mu-0.2_sps0.1","inflation",-0.4,-0.2,-0.6,0.3333,"mixed",0.1,50,0,1000,0.3439,0.0105,0.0658,0.065,0.091,0.717,0.0594,0.965,0.963,0.907,0
"main","cfg10_psi-0.4_mu-0.25_sps0.1","inflation",-0.4,-0.25,-0.65,0.3846,"mixed",0.1,50,0,1000,0.3922,0.0076,0.0625,0.0621,0.18,0.659,0.0538,0.98,0.948,0.806,0
"main","cfg10_psi-0.4_mu-0.3_sps0.1","inflation",-0.4,-0.3,-0.7,0.4286,"mixed",0.1,50,0,1000,0.438,0.0095,0.0691,0.0685,0.338,0.595,0.0507,0.977,0.842,0.613,0
"main","cfg10_psi-0.4_mu-0.35_sps0.1","inflation",-0.4,-0.35,-0.75,0.4667,"mixed",0.1,50,0,1000,0.4755,0.0089,0.0689,0.0684,0.472,0.541,0.047,0.974,0.687,0.416,0
"main","cfg10_psi-0.4_mu-0.4_sps0.1","inflation",-0.4,-0.4,-0.8,0.5,"mixed",0.1,50,0,1000,0.5099,0.0099,0.0704,0.0697,0.495,0.495,0.0444,0.973,0.502,0.248,0
"mirror","cfg10_psi-0.4_mu0.05_sps0.1","shrinkage",-0.4,0.05,-0.35,0.1111,"effect-dominated",0.1,50,0,1000,0.1183,0.0072,0.0332,0.0324,1,0.984,0.0625,0.982,0.982,0.982,0
"mirror","cfg10_psi-0.4_mu0.1_sps0.1","shrinkage",-0.4,0.1,-0.3,0.2,"effect-dominated",0.1,50,0,1000,0.2101,0.0101,0.0511,0.0502,0.999,0.697,0.0426,0.972,0.972,0.972,0
"mirror","cfg10_psi-0.4_mu0.15_sps0.1","shrinkage",-0.4,0.15,-0.25,0.2727,"effect-dominated",0.1,50,0,1000,0.2802,0.0075,0.059,0.0586,0.995,0.419,0.0288,0.974,0.974,0.974,0
"mirror","cfg10_psi-0.4_mu0.2_sps0.1","shrinkage",-0.4,0.2,-0.2,0.3333,"mixed",0.1,50,0,1000,0.3467,0.0134,0.068,0.0667,0,0.26,0.0195,0.964,0.962,0.962,0
"mirror","cfg10_psi-0.4_mu0.25_sps0.1","shrinkage",-0.4,0.25,-0.15,0.3846,"mixed",0.1,50,0,1000,0.3965,0.0119,0.0676,0.0665,0,0.173,0.0127,0.978,0.931,0.931,0
"mirror","cfg10_psi-0.4_mu0.3_sps0.1","shrinkage",-0.4,0.3,-0.1,0.4286,"mixed",0.1,50,0,1000,0.4353,0.0067,0.0654,0.0651,0,0.092,0.008,0.982,0.839,0.839,0
"mirror","cfg10_psi-0.4_mu0.35_sps0.1","shrinkage",-0.4,0.35,-0.05,0.4667,"mixed",0.1,50,0,1000,0.4714,0.0048,0.0646,0.0645,0,0.039,0.005,0.984,0.706,0.706,0
"mirror","cfg10_psi-0.4_mu0.4_sps0.1","cancellation",-0.4,0.4,0,0.5,"mixed",0.1,50,0,1000,0.5064,0.0064,0.0647,0.0644,0,0,0.0037,0.979,0.512,0.512,0
"main","cfg11_psi-0.01_mu-0.05_sps0.06","inflation",-0.01,-0.05,-0.06,0.8333,"bias-dominated",0.06,50,0.3,1000,0.2371,-0.5962,0.6119,0.1378,0,0.389,0.3133,0.044,0.044,0.044,1
"main","cfg11_psi-0.01_mu-0.1_sps0.06","inflation",-0.01,-0.1,-0.11,0.9091,"bias-dominated",0.06,50,0.3,1000,0.5102,-0.3989,0.4372,0.1792,0.06,0.401,0.3147,0.038,0.038,0.038,1
"main","cfg11_psi-0.01_mu-0.15_sps0.06","inflation",-0.01,-0.15,-0.16,0.9375,"bias-dominated",0.06,50,0.3,1000,0.6483,-0.2892,0.3283,0.1554,0.304,0.408,0.2077,0.032,0.032,0.013,1
"main","cfg11_psi-0.01_mu-0.2_sps0.06","inflation",-0.01,-0.2,-0.21,0.9524,"bias-dominated",0.06,50,0.3,1000,0.7184,-0.234,0.2704,0.1355,0.626,0.401,0.1595,0.04,0.036,0.003,1
"main","cfg11_psi-0.01_mu-0.25_sps0.06","inflation",-0.01,-0.25,-0.26,0.9615,"bias-dominated",0.06,50,0.3,1000,0.7727,-0.1889,0.2223,0.1172,0.887,0.425,0.1311,0.027,0.006,0,NA
"main","cfg11_psi-0.01_mu-0.3_sps0.06","inflation",-0.01,-0.3,-0.31,0.9677,"bias-dominated",0.06,50,0.3,1000,0.8016,-0.1662,0.1948,0.1018,0.987,0.393,0.1126,0.04,0.001,0,NA
"main","cfg11_psi-0.01_mu-0.35_sps0.06","inflation",-0.01,-0.35,-0.36,0.9722,"bias-dominated",0.06,50,0.3,1000,0.8286,-0.1437,0.1725,0.0956,0.994,0.415,0.0969,0.045,0,0,NA
"main","cfg11_psi-0.01_mu-0.4_sps0.06","inflation",-0.01,-0.4,-0.41,0.9756,"bias-dominated",0.06,50,0.3,1000,0.8494,-0.1262,0.1525,0.0857,1,0.426,0.0859,0.034,0,0,NA
"mirror","cfg11_psi-0.01_mu0.05_sps0.06","reversal",-0.01,0.05,0.04,0.8333,"bias-dominated",0.06,50,0.3,1000,0.6306,-0.2027,0.255,0.1547,0.634,0.443,0.1008,0.027,0.027,0.027,1
"mirror","cfg11_psi-0.01_mu0.1_sps0.06","reversal",-0.01,0.1,0.09,0.9091,"bias-dominated",0.06,50,0.3,1000,0.6996,-0.2095,0.2514,0.1392,0.887,0.413,0.0997,0.052,0.052,0.052,1
"mirror","cfg11_psi-0.01_mu0.15_sps0.06","reversal",-0.01,0.15,0.14,0.9375,"bias-dominated",0.06,50,0.3,1000,0.7628,-0.1747,0.2114,0.119,0.982,0.446,0.0933,0.037,0.013,0.013,1
"mirror","cfg11_psi-0.01_mu0.2_sps0.06","reversal",-0.01,0.2,0.19,0.9524,"bias-dominated",0.06,50,0.3,1000,0.8033,-0.1491,0.1819,0.1042,0.998,0.442,0.0822,0.032,0.001,0.001,1
"mirror","cfg11_psi-0.01_mu0.25_sps0.06","reversal",-0.01,0.25,0.24,0.9615,"bias-dominated",0.06,50,0.3,1000,0.8223,-0.1392,0.1693,0.0964,1,0.425,0.071,0.042,0,0,NA
"mirror","cfg11_psi-0.01_mu0.3_sps0.06","reversal",-0.01,0.3,0.29,0.9677,"bias-dominated",0.06,50,0.3,1000,0.8408,-0.127,0.1547,0.0884,1,0.414,0.0648,0.04,0,0,NA
"mirror","cfg11_psi-0.01_mu0.35_sps0.06","reversal",-0.01,0.35,0.34,0.9722,"bias-dominated",0.06,50,0.3,1000,0.8614,-0.1108,0.1359,0.0788,1,0.434,0.0594,0.046,0,0,NA
"mirror","cfg11_psi-0.01_mu0.4_sps0.06","reversal",-0.01,0.4,0.39,0.9756,"bias-dominated",0.06,50,0.3,1000,0.8681,-0.1075,0.1305,0.074,1,0.386,0.0545,0.044,0,0,NA
"main","cfg11_psi-0.05_mu-0.05_sps0.06","inflation",-0.05,-0.05,-0.1,0.5,"mixed",0.06,50,0.3,1000,0.1814,-0.3186,0.3417,0.1235,0.454,0.454,0.2251,0.135,0.135,0.135,0
"main","cfg11_psi-0.05_mu-0.1_sps0.06","inflation",-0.05,-0.1,-0.15,0.6667,"bias-dominated",0.06,50,0.3,1000,0.4113,-0.2554,0.3047,0.1664,0.016,0.46,0.2624,0.121,0.121,0.12,1
"main","cfg11_psi-0.05_mu-0.15_sps0.06","inflation",-0.05,-0.15,-0.2,0.75,"bias-dominated",0.06,50,0.3,1000,0.5556,-0.1944,0.2481,0.1542,0.119,0.45,0.1955,0.128,0.128,0.063,1
"main","cfg11_psi-0.05_mu-0.2_sps0.06","inflation",-0.05,-0.2,-0.25,0.8,"bias-dominated",0.06,50,0.3,1000,0.6417,-0.1583,0.2122,0.1415,0.383,0.445,0.1517,0.137,0.128,0.012,1
"main","cfg11_psi-0.05_mu-0.25_sps0.06","inflation",-0.05,-0.25,-0.3,0.8333,"bias-dominated",0.06,50,0.3,1000,0.7008,-0.1325,0.1804,0.1225,0.682,0.484,0.1289,0.109,0.029,0.002,1
"main","cfg11_psi-0.05_mu-0.3_sps0.06","inflation",-0.05,-0.3,-0.35,0.8571,"bias-dominated",0.06,50,0.3,1000,0.7341,-0.1231,0.1655,0.1107,0.898,0.447,0.109,0.131,0.005,0,NA
"main","cfg11_psi-0.05_mu-0.35_sps0.06","inflation",-0.05,-0.35,-0.4,0.875,"bias-dominated",0.06,50,0.3,1000,0.7667,-0.1083,0.1476,0.1002,0.982,0.449,0.0964,0.141,0,0,NA
"main","cfg11_psi-0.05_mu-0.4_sps0.06","inflation",-0.05,-0.4,-0.45,0.8889,"bias-dominated",0.06,50,0.3,1000,0.7931,-0.0957,0.1346,0.0946,0.998,0.469,0.0855,0.146,0,0,NA
"mirror","cfg11_psi-0.05_mu0.05_sps0.06","cancellation",-0.05,0.05,0,0.5,"mixed",0.06,50,0.3,1000,0.5419,0.0419,0.1629,0.1575,0.042,0.042,0.0436,0.101,0.101,0.101,0
"mirror","cfg11_psi-0.05_mu0.1_sps0.06","reversal",-0.05,0.1,0.05,0.6667,"bias-dominated",0.06,50,0.3,1000,0.621,-0.0456,0.1482,0.1411,0.784,0.291,0.0362,0.148,0.143,0.143,1
"mirror","cfg11_psi-0.05_mu0.15_sps0.06","reversal",-0.05,0.15,0.1,0.75,"bias-dominated",0.06,50,0.3,1000,0.6917,-0.0583,0.1407,0.1281,0.958,0.358,0.0545,0.121,0.042,0.042,1
"mirror","cfg11_psi-0.05_mu0.2_sps0.06","reversal",-0.05,0.2,0.15,0.8,"bias-dominated",0.06,50,0.3,1000,0.7388,-0.0612,0.1287,0.1132,0.998,0.392,0.0584,0.116,0.002,0.002,1
"mirror","cfg11_psi-0.05_mu0.25_sps0.06","reversal",-0.05,0.25,0.2,0.8333,"bias-dominated",0.06,50,0.3,1000,0.7626,-0.0707,0.1261,0.1045,0.999,0.389,0.055,0.128,0.001,0.001,1
"mirror","cfg11_psi-0.05_mu0.3_sps0.06","reversal",-0.05,0.3,0.25,0.8571,"bias-dominated",0.06,50,0.3,1000,0.7888,-0.0683,0.117,0.095,1,0.389,0.0532,0.139,0,0,NA
"mirror","cfg11_psi-0.05_mu0.35_sps0.06","reversal",-0.05,0.35,0.3,0.875,"bias-dominated",0.06,50,0.3,1000,0.808,-0.067,0.1096,0.0867,1,0.411,0.0508,0.144,0,0,NA
"mirror","cfg11_psi-0.05_mu0.4_sps0.06","reversal",-0.05,0.4,0.35,0.8889,"bias-dominated",0.06,50,0.3,1000,0.8236,-0.0653,0.1039,0.0809,1,0.398,0.0478,0.137,0,0,NA
"main","cfg11_psi-0.1_mu-0.05_sps0.06","inflation",-0.1,-0.05,-0.15,0.3333,"mixed",0.06,50,0.3,1000,0.1152,-0.2182,0.2283,0.0671,0.188,0.427,0.1514,0.373,0.373,0.373,0
"main","cfg11_psi-0.1_mu-0.1_sps0.06","inflation",-0.1,-0.1,-0.2,0.5,"mixed",0.06,50,0.3,1000,0.3065,-0.1935,0.2289,0.1225,0.441,0.441,0.2028,0.367,0.367,0.365,0
"main","cfg11_psi-0.1_mu-0.15_sps0.06","inflation",-0.1,-0.15,-0.25,0.6,"bias-dominated",0.06,50,0.3,1000,0.4477,-0.1523,0.1935,0.1194,0.022,0.452,0.1627,0.368,0.368,0.227,1
"main","cfg11_psi-0.1_mu-0.2_sps0.06","inflation",-0.1,-0.2,-0.3,0.6667,"bias-dominated",0.06,50,0.3,1000,0.5383,-0.1284,0.1765,0.1212,0.13,0.42,0.1328,0.377,0.357,0.087,1
"main","cfg11_psi-0.1_mu-0.25_sps0.06","inflation",-0.1,-0.25,-0.35,0.7143,"bias-dominated",0.06,50,0.3,1000,0.6087,-0.1056,0.1526,0.1102,0.387,0.461,0.1169,0.336,0.151,0.01,1
"main","cfg11_psi-0.1_mu-0.3_sps0.06","inflation",-0.1,-0.3,-0.4,0.75,"bias-dominated",0.06,50,0.3,1000,0.6446,-0.1054,0.1433,0.0972,0.653,0.426,0.0998,0.408,0.033,0.002,1
"main","cfg11_psi-0.1_mu-0.35_sps0.06","inflation",-0.1,-0.35,-0.45,0.7778,"bias-dominated",0.06,50,0.3,1000,0.6854,-0.0924,0.1296,0.091,0.9,0.409,0.089,0.377,0.005,0,NA
"main","cfg11_psi-0.1_mu-0.4_sps0.06","inflation",-0.1,-0.4,-0.5,0.8,"bias-dominated",0.06,50,0.3,1000,0.7203,-0.0797,0.1199,0.0897,0.976,0.425,0.0802,0.37,0,0,NA
"mirror","cfg11_psi-0.1_mu0.05_sps0.06","shrinkage",-0.1,0.05,-0.05,0.3333,"mixed",0.06,50,0.3,1000,0.4285,0.0952,0.1575,0.1256,0.01,0.393,0.0448,0.379,0.379,0.379,0
"mirror","cfg11_psi-0.1_mu0.1_sps0.06","cancellation",-0.1,0.1,0,0.5,"mixed",0.06,50,0.3,1000,0.5177,0.0177,0.119,0.1178,0,0,0.0195,0.379,0.378,0.378,0
"mirror","cfg11_psi-0.1_mu0.15_sps0.06","reversal",-0.1,0.15,0.05,0.6,"bias-dominated",0.06,50,0.3,1000,0.5943,-0.0057,0.1109,0.1108,0.807,0.164,0.0192,0.375,0.193,0.193,1
"mirror","cfg11_psi-0.1_mu0.2_sps0.06","reversal",-0.1,0.2,0.1,0.6667,"bias-dominated",0.06,50,0.3,1000,0.6461,-0.0206,0.1021,0.1001,0.968,0.234,0.0283,0.37,0.032,0.032,1
"mirror","cfg11_psi-0.1_mu0.25_sps0.06","reversal",-0.1,0.25,0.15,0.7143,"bias-dominated",0.06,50,0.3,1000,0.6823,-0.032,0.1013,0.0962,0.994,0.286,0.0326,0.398,0.006,0.006,1
"mirror","cfg11_psi-0.1_mu0.3_sps0.06","reversal",-0.1,0.3,0.2,0.75,"bias-dominated",0.06,50,0.3,1000,0.7165,-0.0335,0.0971,0.0911,0.999,0.297,0.0349,0.388,0.001,0.001,1
"mirror","cfg11_psi-0.1_mu0.35_sps0.06","reversal",-0.1,0.35,0.25,0.7778,"bias-dominated",0.06,50,0.3,1000,0.7369,-0.0409,0.0898,0.08,1,0.339,0.0351,0.381,0,0,NA
"mirror","cfg11_psi-0.1_mu0.4_sps0.06","reversal",-0.1,0.4,0.3,0.8,"bias-dominated",0.06,50,0.3,1000,0.7598,-0.0402,0.0893,0.0798,1,0.302,0.0344,0.414,0,0,NA
"main","cfg11_psi-0.14_mu-0.05_sps0.06","inflation",-0.14,-0.05,-0.19,0.2632,"effect-dominated",0.06,50,0.3,1000,0.0857,-0.1774,0.1814,0.0378,0.939,0.411,0.1189,0.61,0.61,0.61,0
"main","cfg11_psi-0.14_mu-0.1_sps0.06","inflation",-0.14,-0.1,-0.24,0.4167,"mixed",0.06,50,0.3,1000,0.2479,-0.1688,0.1899,0.0871,0.225,0.423,0.1693,0.625,0.625,0.622,0
"main","cfg11_psi-0.14_mu-0.15_sps0.06","inflation",-0.14,-0.15,-0.29,0.5172,"bias-dominated",0.06,50,0.3,1000,0.3815,-0.1357,0.1618,0.0882,0.002,0.461,0.1413,0.615,0.615,0.476,1
"main","cfg11_psi-0.14_mu-0.2_sps0.06","inflation",-0.14,-0.2,-0.34,0.5882,"bias-dominated",0.06,50,0.3,1000,0.4743,-0.1139,0.1506,0.0985,0.039,0.431,0.1179,0.619,0.597,0.219,1
"main","cfg11_psi-0.14_mu-0.25_sps0.06","inflation",-0.14,-0.25,-0.39,0.641,"bias-dominated",0.06,50,0.3,1000,0.5434,-0.0976,0.134,0.0918,0.178,0.466,0.1052,0.615,0.338,0.053,1
"main","cfg11_psi-0.14_mu-0.3_sps0.06","inflation",-0.14,-0.3,-0.44,0.6818,"bias-dominated",0.06,50,0.3,1000,0.5819,-0.0999,0.1293,0.0821,0.405,0.418,0.0906,0.663,0.154,0.006,1
"main","cfg11_psi-0.14_mu-0.35_sps0.06","inflation",-0.14,-0.35,-0.49,0.7143,"bias-dominated",0.06,50,0.3,1000,0.627,-0.0873,0.1182,0.0798,0.73,0.407,0.0816,0.666,0.021,0.001,1
"main","cfg11_psi-0.14_mu-0.4_sps0.06","inflation",-0.14,-0.4,-0.54,0.7407,"bias-dominated",0.06,50,0.3,1000,0.6668,-0.0739,0.1088,0.0799,0.926,0.425,0.0749,0.632,0.006,0,NA
"mirror","cfg11_psi-0.14_mu0.05_sps0.06","shrinkage",-0.14,0.05,-0.09,0.2632,"effect-dominated",0.06,50,0.3,1000,0.3607,0.0975,0.1338,0.0916,0.929,0.434,0.0492,0.614,0.614,0.614,0
"mirror","cfg11_psi-0.14_mu0.1_sps0.06","shrinkage",-0.14,0.1,-0.04,0.4167,"mixed",0.06,50,0.3,1000,0.4533,0.0367,0.0984,0.0914,0,0.222,0.0205,0.638,0.631,0.631,0
"mirror","cfg11_psi-0.14_mu0.15_sps0.06","reversal",-0.14,0.15,0.01,0.5172,"bias-dominated",0.06,50,0.3,1000,0.528,0.0108,0.0919,0.0913,0.556,0.034,0.0114,0.624,0.443,0.443,1
"mirror","cfg11_psi-0.14_mu0.2_sps0.06","reversal",-0.14,0.2,0.06,0.5882,"bias-dominated",0.06,50,0.3,1000,0.5811,-0.0071,0.0819,0.0816,0.85,0.154,0.0139,0.629,0.15,0.15,1
"mirror","cfg11_psi-0.14_mu0.25_sps0.06","reversal",-0.14,0.25,0.11,0.641,"bias-dominated",0.06,50,0.3,1000,0.6242,-0.0169,0.0839,0.0823,0.973,0.227,0.0199,0.615,0.027,0.027,1
"mirror","cfg11_psi-0.14_mu0.3_sps0.06","reversal",-0.14,0.3,0.16,0.6818,"bias-dominated",0.06,50,0.3,1000,0.662,-0.0198,0.0829,0.0806,0.996,0.241,0.0237,0.604,0.004,0.004,1
"mirror","cfg11_psi-0.14_mu0.35_sps0.06","reversal",-0.14,0.35,0.21,0.7143,"bias-dominated",0.06,50,0.3,1000,0.6856,-0.0287,0.0792,0.0738,1,0.283,0.0249,0.638,0,0,NA
"mirror","cfg11_psi-0.14_mu0.4_sps0.06","reversal",-0.14,0.4,0.26,0.7407,"bias-dominated",0.06,50,0.3,1000,0.712,-0.0287,0.0758,0.0702,1,0.298,0.0263,0.628,0,0,NA
"main","cfg11_psi-0.18_mu-0.05_sps0.06","inflation",-0.18,-0.05,-0.23,0.2174,"effect-dominated",0.06,50,0.3,1000,0.0681,-0.1493,0.151,0.0227,0.993,0.4,0.0978,0.835,0.835,0.835,0
"main","cfg11_psi-0.18_mu-0.1_sps0.06","inflation",-0.18,-0.1,-0.28,0.3571,"mixed",0.06,50,0.3,1000,0.2086,-0.1486,0.1619,0.0645,0.08,0.42,0.1447,0.832,0.832,0.831,0
"main","cfg11_psi-0.18_mu-0.15_sps0.06","inflation",-0.18,-0.15,-0.33,0.4545,"mixed",0.06,50,0.3,1000,0.3309,-0.1237,0.1421,0.07,0.268,0.445,0.1237,0.827,0.827,0.728,0
"main","cfg11_psi-0.18_mu-0.2_sps0.06","inflation",-0.18,-0.2,-0.38,0.5263,"bias-dominated",0.06,50,0.3,1000,0.4191,-0.1072,0.1313,0.0759,0.012,0.43,0.1056,0.828,0.812,0.43,1
"main","cfg11_psi-0.18_mu-0.25_sps0.06","inflation",-0.18,-0.25,-0.43,0.5814,"bias-dominated",0.06,50,0.3,1000,0.4881,-0.0933,0.1189,0.0738,0.055,0.466,0.0951,0.849,0.611,0.15,1
"main","cfg11_psi-0.18_mu-0.3_sps0.06","inflation",-0.18,-0.3,-0.48,0.625,"bias-dominated",0.06,50,0.3,1000,0.5323,-0.0927,0.1155,0.069,0.181,0.417,0.0834,0.859,0.355,0.043,1
"main","cfg11_psi-0.18_mu-0.35_sps0.06","inflation",-0.18,-0.35,-0.53,0.6604,"bias-dominated",0.06,50,0.3,1000,0.5786,-0.0818,0.1071,0.0692,0.454,0.409,0.0757,0.85,0.1,0.006,1
"main","cfg11_psi-0.18_mu-0.4_sps0.06","inflation",-0.18,-0.4,-0.58,0.6897,"bias-dominated",0.06,50,0.3,1000,0.6206,-0.069,0.0979,0.0695,0.786,0.434,0.0699,0.821,0.022,0.001,1
"mirror","cfg11_psi-0.18_mu0.05_sps0.06","shrinkage",-0.18,0.05,-0.13,0.2174,"effect-dominated",0.06,50,0.3,1000,0.3114,0.094,0.1149,0.0662,0.983,0.412,0.0521,0.817,0.817,0.817,0
"mirror","cfg11_psi-0.18_mu0.1_sps0.06","shrinkage",-0.18,0.1,-0.08,0.3571,"mixed",0.06,50,0.3,1000,0.4019,0.0447,0.0836,0.0707,0,0.351,0.0253,0.84,0.834,0.834,0
"mirror","cfg11_psi-0.18_mu0.15_sps0.06","shrinkage",-0.18,0.15,-0.03,0.4545,"mixed",0.06,50,0.3,1000,0.4773,0.0228,0.0771,0.0737,0,0.107,0.0114,0.816,0.659,0.659,0
"mirror","cfg11_psi-0.18_mu0.2_sps0.06","reversal",-0.18,0.2,0.02,0.5263,"bias-dominated",0.06,50,0.3,1000,0.5296,0.0033,0.0689,0.0689,0.631,0.047,0.0075,0.844,0.369,0.369,1
"mirror","cfg11_psi-0.18_mu0.25_sps0.06","reversal",-0.18,0.25,0.07,0.5814,"bias-dominated",0.06,50,0.3,1000,0.5752,-0.0062,0.07,0.0697,0.877,0.137,0.0106,0.841,0.123,0.123,1
"mirror","cfg11_psi-0.18_mu0.3_sps0.06","reversal",-0.18,0.3,0.12,0.625,"bias-dominated",0.06,50,0.3,1000,0.6163,-0.0087,0.0698,0.0692,0.987,0.2,0.0155,0.823,0.013,0.013,1
"mirror","cfg11_psi-0.18_mu0.35_sps0.06","reversal",-0.18,0.35,0.17,0.6604,"bias-dominated",0.06,50,0.3,1000,0.6402,-0.0201,0.0673,0.0642,0.995,0.244,0.0176,0.859,0.005,0.005,1
"mirror","cfg11_psi-0.18_mu0.4_sps0.06","reversal",-0.18,0.4,0.22,0.6897,"bias-dominated",0.06,50,0.3,1000,0.6695,-0.0201,0.0649,0.0618,1,0.263,0.0198,0.836,0,0,NA
"main","cfg11_psi-0.23_mu-0.05_sps0.06","inflation",-0.23,-0.05,-0.28,0.1786,"effect-dominated",0.06,50,0.3,1000,0.0553,-0.1233,0.1242,0.015,1,0.391,0.0814,0.962,0.962,0.962,0
"main","cfg11_psi-0.23_mu-0.1_sps0.06","inflation",-0.23,-0.1,-0.33,0.303,"effect-dominated",0.06,50,0.3,1000,0.1735,-0.1295,0.137,0.0447,0.988,0.408,0.1224,0.959,0.959,0.959,0
"main","cfg11_psi-0.23_mu-0.15_sps0.06","inflation",-0.23,-0.15,-0.38,0.3947,"mixed",0.06,50,0.3,1000,0.2837,-0.111,0.1223,0.0515,0.068,0.431,0.1069,0.966,0.966,0.928,0
"main","cfg11_psi-0.23_mu-0.2_sps0.06","inflation",-0.23,-0.2,-0.43,0.4651,"mixed",0.06,50,0.3,1000,0.367,-0.0981,0.1133,0.0567,0.267,0.432,0.0937,0.969,0.967,0.733,0
"main","cfg11_psi-0.23_mu-0.25_sps0.06","inflation",-0.23,-0.25,-0.48,0.5208,"bias-dominated",0.06,50,0.3,1000,0.4344,-0.0864,0.1047,0.0591,0.008,0.459,0.0852,0.969,0.872,0.412,1
"main","cfg11_psi-0.23_mu-0.3_sps0.06","inflation",-0.23,-0.3,-0.53,0.566,"bias-dominated",0.06,50,0.3,1000,0.483,-0.083,0.1001,0.056,0.033,0.432,0.0762,0.977,0.646,0.177,1
"main","cfg11_psi-0.23_mu-0.35_sps0.06","inflation",-0.23,-0.35,-0.58,0.6034,"bias-dominated",0.06,50,0.3,1000,0.5292,-0.0743,0.094,0.0577,0.203,0.404,0.0693,0.963,0.332,0.034,1
"main","cfg11_psi-0.23_mu-0.4_sps0.06","inflation",-0.23,-0.4,-0.63,0.6349,"bias-dominated",0.06,50,0.3,1000,0.5668,-0.0681,0.0895,0.0581,0.475,0.421,0.064,0.962,0.107,0.007,1
"mirror","cfg11_psi-0.23_mu0.05_sps0.06","shrinkage",-0.23,0.05,-0.18,0.1786,"effect-dominated",0.06,50,0.3,1000,0.2662,0.0876,0.0995,0.0472,1,0.387,0.0542,0.961,0.961,0.961,0
"mirror","cfg11_psi-0.23_mu0.1_sps0.06","shrinkage",-0.23,0.1,-0.13,0.303,"effect-dominated",0.06,50,0.3,1000,0.3531,0.05,0.0742,0.0548,0.987,0.444,0.0304,0.961,0.961,0.961,0
"mirror","cfg11_psi-0.23_mu0.15_sps0.06","shrinkage",-0.23,0.15,-0.08,0.3947,"mixed",0.06,50,0.3,1000,0.4235,0.0287,0.0638,0.057,0,0.249,0.0148,0.967,0.913,0.913,0
"mirror","cfg11_psi-0.23_mu0.2_sps0.06","shrinkage",-0.23,0.2,-0.03,0.4651,"mixed",0.06,50,0.3,1000,0.4776,0.0125,0.0586,0.0572,0,0.072,0.0072,0.967,0.682,0.682,0
"mirror","cfg11_psi-0.23_mu0.25_sps0.06","reversal",-0.23,0.25,0.02,0.5208,"bias-dominated",0.06,50,0.3,1000,0.5232,0.0024,0.0573,0.0573,0.636,0.034,0.0051,0.958,0.364,0.364,1
"mirror","cfg11_psi-0.23_mu0.3_sps0.06","reversal",-0.23,0.3,0.07,0.566,"bias-dominated",0.06,50,0.3,1000,0.5649,-0.0011,0.0574,0.0574,0.88,0.115,0.0078,0.959,0.12,0.12,1
"mirror","cfg11_psi-0.23_mu0.35_sps0.06","reversal",-0.23,0.35,0.12,0.6034,"bias-dominated",0.06,50,0.3,1000,0.5915,-0.012,0.0553,0.054,0.973,0.169,0.0104,0.968,0.027,0.027,1
"mirror","cfg11_psi-0.23_mu0.4_sps0.06","reversal",-0.23,0.4,0.17,0.6349,"bias-dominated",0.06,50,0.3,1000,0.6232,-0.0117,0.055,0.0537,0.996,0.213,0.0134,0.97,0.004,0.004,1
"main","cfg11_psi-0.27_mu-0.05_sps0.06","inflation",-0.27,-0.05,-0.32,0.1562,"effect-dominated",0.06,50,0.3,1000,0.0481,-0.1082,0.1088,0.0118,1,0.38,0.0713,0.996,0.996,0.996,0
"main","cfg11_psi-0.27_mu-0.1_sps0.06","inflation",-0.27,-0.1,-0.37,0.2703,"effect-dominated",0.06,50,0.3,1000,0.1531,-0.1172,0.1224,0.0355,0.996,0.392,0.1089,0.991,0.991,0.991,0
"main","cfg11_psi-0.27_mu-0.15_sps0.06","inflation",-0.27,-0.15,-0.42,0.3571,"mixed",0.06,50,0.3,1000,0.2565,-0.1006,0.1099,0.0441,0.02,0.419,0.0964,0.989,0.989,0.98,0
"main","cfg11_psi-0.27_mu-0.2_sps0.06","inflation",-0.27,-0.2,-0.47,0.4255,"mixed",0.06,50,0.3,1000,0.334,-0.0916,0.1027,0.0466,0.083,0.42,0.0856,0.994,0.994,0.917,0
"main","cfg11_psi-0.27_mu-0.25_sps0.06","inflation",-0.27,-0.25,-0.52,0.4808,"mixed",0.06,50,0.3,1000,0.3999,-0.0809,0.0953,0.0504,0.325,0.441,0.078,0.991,0.97,0.674,0
"main","cfg11_psi-0.27_mu-0.3_sps0.06","inflation",-0.27,-0.3,-0.57,0.5263,"bias-dominated",0.06,50,0.3,1000,0.4488,-0.0775,0.0919,0.0494,0.009,0.425,0.0709,0.995,0.852,0.395,1
"main","cfg11_psi-0.27_mu-0.35_sps0.06","inflation",-0.27,-0.35,-0.62,0.5645,"bias-dominated",0.06,50,0.3,1000,0.4962,-0.0683,0.0851,0.0508,0.073,0.416,0.065,0.993,0.588,0.112,1
"main","cfg11_psi-0.27_mu-0.4_sps0.06","inflation",-0.27,-0.4,-0.67,0.597,"bias-dominated",0.06,50,0.3,1000,0.5328,-0.0643,0.0818,0.0507,0.239,0.425,0.0602,0.988,0.261,0.029,1
"mirror","cfg11_psi-0.27_mu0.05_sps0.06","shrinkage",-0.27,0.05,-0.22,0.1562,"effect-dominated",0.06,50,0.3,1000,0.2382,0.0819,0.09,0.0373,1,0.364,0.0544,0.989,0.989,0.989,0
"mirror","cfg11_psi-0.27_mu0.1_sps0.06","shrinkage",-0.27,0.1,-0.17,0.2703,"effect-dominated",0.06,50,0.3,1000,0.3209,0.0507,0.0679,0.0452,0.998,0.454,0.0328,0.991,0.991,0.991,0
"mirror","cfg11_psi-0.27_mu0.15_sps0.06","shrinkage",-0.27,0.15,-0.12,0.3571,"mixed",0.06,50,0.3,1000,0.3879,0.0307,0.0582,0.0495,0,0.321,0.0189,0.992,0.975,0.975,0
"mirror","cfg11_psi-0.27_mu0.2_sps0.06","shrinkage",-0.27,0.2,-0.07,0.4255,"mixed",0.06,50,0.3,1000,0.4429,0.0174,0.0527,0.0497,0,0.189,0.0094,0.994,0.88,0.88,0
"mirror","cfg11_psi-0.27_mu0.25_sps0.06","shrinkage",-0.27,0.25,-0.02,0.4808,"mixed",0.06,50,0.3,1000,0.4881,0.0073,0.0493,0.0488,0,0.05,0.0046,0.991,0.638,0.638,0
"mirror","cfg11_psi-0.27_mu0.3_sps0.06","reversal",-0.27,0.3,0.03,0.5263,"bias-dominated",0.06,50,0.3,1000,0.5286,0.0023,0.0504,0.0504,0.684,0.053,0.0043,0.991,0.316,0.316,1
"mirror","cfg11_psi-0.27_mu0.35_sps0.06","reversal",-0.27,0.35,0.08,0.5645,"bias-dominated",0.06,50,0.3,1000,0.5572,-0.0073,0.0483,0.0477,0.893,0.122,0.0061,0.997,0.107,0.107,1
"mirror","cfg11_psi-0.27_mu0.4_sps0.06","reversal",-0.27,0.4,0.13,0.597,"bias-dominated",0.06,50,0.3,1000,0.5898,-0.0072,0.0489,0.0484,0.984,0.159,0.0092,0.991,0.016,0.016,1
"main","cfg11_psi-0.31_mu-0.05_sps0.06","inflation",-0.31,-0.05,-0.36,0.1389,"effect-dominated",0.06,50,0.3,1000,0.0425,-0.0964,0.0969,0.0097,1,0.366,0.0635,1,1,1,0
"main","cfg11_psi-0.31_mu-0.1_sps0.06","inflation",-0.31,-0.1,-0.41,0.2439,"effect-dominated",0.06,50,0.3,1000,0.137,-0.1069,0.1107,0.0288,1,0.39,0.0981,0.998,0.998,0.998,0
"main","cfg11_psi-0.31_mu-0.15_sps0.06","inflation",-0.31,-0.15,-0.46,0.3261,"effect-dominated",0.06,50,0.3,1000,0.2329,-0.0932,0.1002,0.0369,0.994,0.404,0.0879,0.998,0.998,0.994,0
"main","cfg11_psi-0.31_mu-0.2_sps0.06","inflation",-0.31,-0.2,-0.51,0.3922,"mixed",0.06,50,0.3,1000,0.3072,-0.085,0.0937,0.0395,0.024,0.416,0.0789,1,1,0.976,0
"main","cfg11_psi-0.31_mu-0.25_sps0.06","inflation",-0.31,-0.25,-0.56,0.4464,"mixed",0.06,50,0.3,1000,0.369,-0.0774,0.0886,0.0431,0.126,0.413,0.0717,0.999,0.993,0.874,0
"main","cfg11_psi-0.31_mu-0.3_sps0.06","inflation",-0.31,-0.3,-0.61,0.4918,"mixed",0.06,50,0.3,1000,0.4208,-0.071,0.0836,0.0441,0.365,0.425,0.0663,0.999,0.954,0.633,0
"main","cfg11_psi-0.31_mu-0.35_sps0.06","inflation",-0.31,-0.35,-0.66,0.5303,"bias-dominated",0.06,50,0.3,1000,0.4658,-0.0645,0.0789,0.0454,0.021,0.434,0.0612,0.999,0.79,0.319,1
"main","cfg11_psi-0.31_mu-0.4_sps0.06","inflation",-0.31,-0.4,-0.71,0.5634,"bias-dominated",0.06,50,0.3,1000,0.5028,-0.0606,0.0756,0.0452,0.098,0.435,0.0568,1,0.522,0.102,1
"mirror","cfg11_psi-0.31_mu0.05_sps0.06","shrinkage",-0.31,0.05,-0.26,0.1389,"effect-dominated",0.06,50,0.3,1000,0.2157,0.0769,0.0825,0.0299,1,0.346,0.0534,1,1,1,0
"mirror","cfg11_psi-0.31_mu0.1_sps0.06","shrinkage",-0.31,0.1,-0.21,0.2439,"effect-dominated",0.06,50,0.3,1000,0.2959,0.052,0.0642,0.0377,1,0.44,0.0343,1,1,1,0
"mirror","cfg11_psi-0.31_mu0.15_sps0.06","shrinkage",-0.31,0.15,-0.16,0.3261,"effect-dominated",0.06,50,0.3,1000,0.3582,0.0321,0.0531,0.0423,0.997,0.389,0.0217,0.999,0.997,0.997,0
"mirror","cfg11_psi-0.31_mu0.2_sps0.06","shrinkage",-0.31,0.2,-0.11,0.3922,"mixed",0.06,50,0.3,1000,0.4142,0.022,0.0489,0.0437,0,0.248,0.0122,1,0.959,0.959,0
"mirror","cfg11_psi-0.31_mu0.25_sps0.06","shrinkage",-0.31,0.25,-0.06,0.4464,"mixed",0.06,50,0.3,1000,0.4576,0.0111,0.0445,0.0431,0,0.138,0.0063,1,0.845,0.845,0
"mirror","cfg11_psi-0.31_mu0.3_sps0.06","shrinkage",-0.31,0.3,-0.01,0.4918,"mixed",0.06,50,0.3,1000,0.4969,0.0051,0.0435,0.0432,0,0.015,0.0034,0.999,0.554,0.554,0
"mirror","cfg11_psi-0.31_mu0.35_sps0.06","reversal",-0.31,0.35,0.04,0.5303,"bias-dominated",0.06,50,0.3,1000,0.5262,-0.0041,0.0423,0.0422,0.738,0.068,0.0033,1,0.262,0.262,1
"mirror","cfg11_psi-0.31_mu0.4_sps0.06","reversal",-0.31,0.4,0.09,0.5634,"bias-dominated",0.06,50,0.3,1000,0.5599,-0.0035,0.0434,0.0433,0.93,0.115,0.0058,0.999,0.07,0.07,1
"main","cfg11_psi-0.36_mu-0.05_sps0.06","inflation",-0.36,-0.05,-0.41,0.122,"effect-dominated",0.06,50,0.3,1000,0.0371,-0.0849,0.0852,0.0074,1,0.365,0.0562,0.999,0.999,0.999,0
"main","cfg11_psi-0.36_mu-0.1_sps0.06","inflation",-0.36,-0.1,-0.46,0.2174,"effect-dominated",0.06,50,0.3,1000,0.121,-0.0964,0.0993,0.0238,1,0.372,0.0874,1,1,1,0
"main","cfg11_psi-0.36_mu-0.15_sps0.06","inflation",-0.36,-0.15,-0.51,0.2941,"effect-dominated",0.06,50,0.3,1000,0.209,-0.0851,0.0904,0.0305,1,0.394,0.0792,1,1,1,0
"main","cfg11_psi-0.36_mu-0.2_sps0.06","inflation",-0.36,-0.2,-0.56,0.3571,"mixed",0.06,50,0.3,1000,0.2789,-0.0783,0.0851,0.0334,0.001,0.418,0.0719,1,1,0.999,0
"main","cfg11_psi-0.36_mu-0.25_sps0.06","inflation",-0.36,-0.25,-0.61,0.4098,"mixed",0.06,50,0.3,1000,0.3391,-0.0707,0.0792,0.0356,0.023,0.416,0.066,1,1,0.977,0
"main","cfg11_psi-0.36_mu-0.3_sps0.06","inflation",-0.36,-0.3,-0.66,0.4545,"mixed",0.06,50,0.3,1000,0.3896,-0.065,0.0753,0.0381,0.132,0.433,0.0617,1,0.992,0.868,0
"main","cfg11_psi-0.36_mu-0.35_sps0.06","inflation",-0.36,-0.35,-0.71,0.493,"mixed",0.06,50,0.3,1000,0.4328,-0.0602,0.0715,0.0387,0.365,0.434,0.057,0.999,0.95,0.632,0
"main","cfg11_psi-0.36_mu-0.4_sps0.06","inflation",-0.36,-0.4,-0.76,0.5263,"bias-dominated",0.06,50,0.3,1000,0.469,-0.0573,0.0697,0.0397,0.016,0.433,0.0531,1,0.79,0.334,1
"mirror","cfg11_psi-0.36_mu0.05_sps0.06","shrinkage",-0.36,0.05,-0.31,0.122,"effect-dominated",0.06,50,0.3,1000,0.194,0.0721,0.076,0.0242,1,0.314,0.0515,1,1,1,0
"mirror","cfg11_psi-0.36_mu0.1_sps0.06","shrinkage",-0.36,0.1,-0.26,0.2174,"effect-dominated",0.06,50,0.3,1000,0.2677,0.0503,0.0591,0.031,1,0.429,0.0352,1,1,1,0
"mirror","cfg11_psi-0.36_mu0.15_sps0.06","shrinkage",-0.36,0.15,-0.21,0.2941,"effect-dominated",0.06,50,0.3,1000,0.3274,0.0332,0.0488,0.0358,1,0.445,0.0238,1,1,1,0
"mirror","cfg11_psi-0.36_mu0.2_sps0.06","shrinkage",-0.36,0.2,-0.16,0.3571,"mixed",0.06,50,0.3,1000,0.3821,0.0249,0.0448,0.0372,0,0.337,0.0152,1,0.994,0.994,0
"mirror","cfg11_psi-0.36_mu0.25_sps0.06","shrinkage",-0.36,0.25,-0.11,0.4098,"mixed",0.06,50,0.3,1000,0.4256,0.0158,0.0409,0.0377,0,0.218,0.0091,1,0.96,0.96,0
"mirror","cfg11_psi-0.36_mu0.3_sps0.06","shrinkage",-0.36,0.3,-0.06,0.4545,"mixed",0.06,50,0.3,1000,0.4624,0.0079,0.0381,0.0373,0,0.096,0.0047,1,0.837,0.837,0
"mirror","cfg11_psi-0.36_mu0.35_sps0.06","shrinkage",-0.36,0.35,-0.01,0.493,"mixed",0.06,50,0.3,1000,0.494,0.001,0.0358,0.0358,0,0.01,0.0025,1,0.584,0.584,0
"mirror","cfg11_psi-0.36_mu0.4_sps0.06","reversal",-0.36,0.4,0.04,0.5263,"bias-dominated",0.06,50,0.3,1000,0.5259,-4e-04,0.0372,0.0373,0.746,0.052,0.0026,1,0.254,0.254,1
"main","cfg11_psi-0.4_mu-0.05_sps0.06","inflation",-0.4,-0.05,-0.45,0.1111,"effect-dominated",0.06,50,0.3,1000,0.0338,-0.0773,0.0776,0.0067,1,0.365,0.051,1,1,1,0
"main","cfg11_psi-0.4_mu-0.1_sps0.06","inflation",-0.4,-0.1,-0.5,0.2,"effect-dominated",0.06,50,0.3,1000,0.1107,-0.0893,0.0916,0.0204,1,0.364,0.0803,1,1,1,0
"main","cfg11_psi-0.4_mu-0.15_sps0.06","inflation",-0.4,-0.15,-0.55,0.2727,"effect-dominated",0.06,50,0.3,1000,0.1941,-0.0786,0.0829,0.0264,1,0.403,0.0734,1,1,1,0
"main","cfg11_psi-0.4_mu-0.2_sps0.06","inflation",-0.4,-0.2,-0.6,0.3333,"mixed",0.06,50,0.3,1000,0.2611,-0.0723,0.0782,0.0298,0,0.43,0.0674,1,1,1,0
"main","cfg11_psi-0.4_mu-0.25_sps0.06","inflation",-0.4,-0.25,-0.65,0.3846,"mixed",0.06,50,0.3,1000,0.3183,-0.0664,0.0733,0.031,0.005,0.423,0.0618,1,1,0.995,0
"main","cfg11_psi-0.4_mu-0.3_sps0.06","inflation",-0.4,-0.3,-0.7,0.4286,"mixed",0.06,50,0.3,1000,0.3668,-0.0618,0.0705,0.0341,0.036,0.428,0.0582,1,0.998,0.964,0
"main","cfg11_psi-0.4_mu-0.35_sps0.06","inflation",-0.4,-0.35,-0.75,0.4667,"mixed",0.06,50,0.3,1000,0.4095,-0.0572,0.0667,0.0345,0.175,0.436,0.0539,1,0.989,0.825,0
"main","cfg11_psi-0.4_mu-0.4_sps0.06","inflation",-0.4,-0.4,-0.8,0.5,"mixed",0.06,50,0.3,1000,0.446,-0.054,0.0651,0.0364,0.439,0.439,0.0507,1,0.914,0.56,0
"mirror","cfg11_psi-0.4_mu0.05_sps0.06","shrinkage",-0.4,0.05,-0.35,0.1111,"effect-dominated",0.06,50,0.3,1000,0.1794,0.0682,0.0715,0.0213,1,0.298,0.0497,1,1,1,0
"mirror","cfg11_psi-0.4_mu0.1_sps0.06","shrinkage",-0.4,0.1,-0.3,0.2,"effect-dominated",0.06,50,0.3,1000,0.249,0.049,0.0561,0.0272,1,0.417,0.0355,1,1,1,0
"mirror","cfg11_psi-0.4_mu0.15_sps0.06","shrinkage",-0.4,0.15,-0.25,0.2727,"effect-dominated",0.06,50,0.3,1000,0.306,0.0333,0.0455,0.031,1,0.468,0.0248,1,1,1,0
"mirror","cfg11_psi-0.4_mu0.2_sps0.06","shrinkage",-0.4,0.2,-0.2,0.3333,"mixed",0.06,50,0.3,1000,0.3592,0.0258,0.0419,0.033,0,0.393,0.017,1,1,1,0
"mirror","cfg11_psi-0.4_mu0.25_sps0.06","shrinkage",-0.4,0.25,-0.15,0.3846,"mixed",0.06,50,0.3,1000,0.4022,0.0176,0.0377,0.0334,0,0.262,0.011,1,0.992,0.992,0
"mirror","cfg11_psi-0.4_mu0.3_sps0.06","shrinkage",-0.4,0.3,-0.1,0.4286,"mixed",0.06,50,0.3,1000,0.4381,0.0096,0.0345,0.0332,0,0.162,0.0066,1,0.957,0.957,0
"mirror","cfg11_psi-0.4_mu0.35_sps0.06","shrinkage",-0.4,0.35,-0.05,0.4667,"mixed",0.06,50,0.3,1000,0.47,0.0033,0.0332,0.033,0,0.081,0.0033,1,0.824,0.824,0
"mirror","cfg11_psi-0.4_mu0.4_sps0.06","cancellation",-0.4,0.4,0,0.5,"mixed",0.06,50,0.3,1000,0.5013,0.0013,0.0336,0.0336,0,0,0.0021,1,0.514,0.514,0
"main","cfg12_psi-0.01_mu-0.05_sps0.1","inflation",-0.01,-0.05,-0.06,0.8333,"bias-dominated",0.1,50,0.3,1000,0.2047,-0.6286,0.6437,0.1387,0,0.28,0.2366,0.049,0.049,0.049,1
"main","cfg12_psi-0.01_mu-0.1_sps0.1","inflation",-0.01,-0.1,-0.11,0.9091,"bias-dominated",0.1,50,0.3,1000,0.4573,-0.4518,0.4907,0.1916,0.074,0.306,0.25,0.045,0.045,0.045,1
"main","cfg12_psi-0.01_mu-0.15_sps0.1","inflation",-0.01,-0.15,-0.16,0.9375,"bias-dominated",0.1,50,0.3,1000,0.5885,-0.349,0.3902,0.1744,0.335,0.288,0.1713,0.041,0.041,0.041,1
"main","cfg12_psi-0.01_mu-0.2_sps0.1","inflation",-0.01,-0.2,-0.21,0.9524,"bias-dominated",0.1,50,0.3,1000,0.6617,-0.2907,0.3336,0.1638,0.562,0.294,0.1347,0.049,0.049,0.039,1
"main","cfg12_psi-0.01_mu-0.25_sps0.1","inflation",-0.01,-0.25,-0.26,0.9615,"bias-dominated",0.1,50,0.3,1000,0.7262,-0.2354,0.2768,0.1457,0.756,0.343,0.1158,0.031,0.031,0.009,1
"main","cfg12_psi-0.01_mu-0.3_sps0.1","inflation",-0.01,-0.3,-0.31,0.9677,"bias-dominated",0.1,50,0.3,1000,0.7604,-0.2073,0.2442,0.1291,0.89,0.315,0.1005,0.038,0.015,0.003,1
"main","cfg12_psi-0.01_mu-0.35_sps0.1","inflation",-0.01,-0.35,-0.36,0.9722,"bias-dominated",0.1,50,0.3,1000,0.7884,-0.1839,0.221,0.1227,0.949,0.332,0.0876,0.053,0.007,0.001,1
"main","cfg12_psi-0.01_mu-0.4_sps0.1","inflation",-0.01,-0.4,-0.41,0.9756,"bias-dominated",0.1,50,0.3,1000,0.8109,-0.1647,0.1983,0.1105,0.984,0.337,0.0783,0.044,0.001,0,NA
"mirror","cfg12_psi-0.01_mu0.05_sps0.1","reversal",-0.01,0.05,0.04,0.8333,"bias-dominated",0.1,50,0.3,1000,0.5685,-0.2648,0.3166,0.1736,0.408,0.365,0.1004,0.031,0.031,0.031,1
"mirror","cfg12_psi-0.01_mu0.1_sps0.1","reversal",-0.01,0.1,0.09,0.9091,"bias-dominated",0.1,50,0.3,1000,0.6439,-0.2652,0.3133,0.1669,0.673,0.329,0.0949,0.06,0.06,0.059,1
"mirror","cfg12_psi-0.01_mu0.15_sps0.1","reversal",-0.01,0.15,0.14,0.9375,"bias-dominated",0.1,50,0.3,1000,0.7106,-0.2269,0.2711,0.1483,0.868,0.346,0.0939,0.043,0.043,0.041,1
"mirror","cfg12_psi-0.01_mu0.2_sps0.1","reversal",-0.01,0.2,0.19,0.9524,"bias-dominated",0.1,50,0.3,1000,0.7577,-0.1947,0.2349,0.1315,0.96,0.35,0.0826,0.037,0.025,0.023,1
"mirror","cfg12_psi-0.01_mu0.25_sps0.1","reversal",-0.01,0.25,0.24,0.9615,"bias-dominated",0.1,50,0.3,1000,0.7788,-0.1828,0.2197,0.122,0.99,0.322,0.0698,0.048,0.008,0.008,1
"mirror","cfg12_psi-0.01_mu0.3_sps0.1","reversal",-0.01,0.3,0.29,0.9677,"bias-dominated",0.1,50,0.3,1000,0.8018,-0.1659,0.2015,0.1143,0.997,0.329,0.0632,0.048,0.003,0.003,1
"mirror","cfg12_psi-0.01_mu0.35_sps0.1","reversal",-0.01,0.35,0.34,0.9722,"bias-dominated",0.1,50,0.3,1000,0.8255,-0.1467,0.179,0.1026,1,0.339,0.0574,0.045,0,0,NA
"mirror","cfg12_psi-0.01_mu0.4_sps0.1","reversal",-0.01,0.4,0.39,0.9756,"bias-dominated",0.1,50,0.3,1000,0.8307,-0.1449,0.1749,0.0981,1,0.314,0.0533,0.054,0,0,NA
"main","cfg12_psi-0.05_mu-0.05_sps0.1","inflation",-0.05,-0.05,-0.1,0.5,"mixed",0.1,50,0.3,1000,0.1786,-0.3214,0.3473,0.1318,0.432,0.432,0.2028,0.095,0.095,0.095,0
"main","cfg12_psi-0.05_mu-0.1_sps0.1","inflation",-0.05,-0.1,-0.15,0.6667,"bias-dominated",0.1,50,0.3,1000,0.4106,-0.2561,0.3229,0.1968,0.046,0.425,0.2281,0.089,0.089,0.089,1
"main","cfg12_psi-0.05_mu-0.15_sps0.1","inflation",-0.05,-0.15,-0.2,0.75,"bias-dominated",0.1,50,0.3,1000,0.5435,-0.2065,0.2756,0.1826,0.22,0.419,0.1677,0.08,0.08,0.08,1
"main","cfg12_psi-0.05_mu-0.2_sps0.1","inflation",-0.05,-0.2,-0.25,0.8,"bias-dominated",0.1,50,0.3,1000,0.6203,-0.1797,0.2469,0.1694,0.423,0.414,0.1361,0.107,0.107,0.083,1
"main","cfg12_psi-0.05_mu-0.25_sps0.1","inflation",-0.05,-0.25,-0.3,0.8333,"bias-dominated",0.1,50,0.3,1000,0.6846,-0.1487,0.2132,0.1528,0.635,0.453,0.1174,0.082,0.082,0.024,1
"main","cfg12_psi-0.05_mu-0.3_sps0.1","inflation",-0.05,-0.3,-0.35,0.8571,"bias-dominated",0.1,50,0.3,1000,0.7163,-0.1409,0.1981,0.1394,0.779,0.427,0.1,0.095,0.055,0.005,1
"main","cfg12_psi-0.05_mu-0.35_sps0.1","inflation",-0.05,-0.35,-0.4,0.875,"bias-dominated",0.1,50,0.3,1000,0.7509,-0.1241,0.179,0.1291,0.903,0.422,0.0895,0.098,0.02,0.003,1
"main","cfg12_psi-0.05_mu-0.4_sps0.1","inflation",-0.05,-0.4,-0.45,0.8889,"bias-dominated",0.1,50,0.3,1000,0.7758,-0.1131,0.1662,0.1219,0.962,0.433,0.079,0.11,0.005,0,NA
"mirror","cfg12_psi-0.05_mu0.05_sps0.1","cancellation",-0.05,0.05,0,0.5,"mixed",0.1,50,0.3,1000,0.5251,0.0251,0.1857,0.1841,0.164,0.164,0.0543,0.069,0.069,0.069,0
"mirror","cfg12_psi-0.05_mu0.1_sps0.1","reversal",-0.05,0.1,0.05,0.6667,"bias-dominated",0.1,50,0.3,1000,0.6,-0.0667,0.1814,0.1688,0.619,0.3,0.0366,0.114,0.114,0.114,1
"mirror","cfg12_psi-0.05_mu0.15_sps0.1","reversal",-0.05,0.15,0.1,0.75,"bias-dominated",0.1,50,0.3,1000,0.6706,-0.0794,0.174,0.1549,0.824,0.34,0.0555,0.086,0.086,0.086,1
"mirror","cfg12_psi-0.05_mu0.2_sps0.1","reversal",-0.05,0.2,0.15,0.8,"bias-dominated",0.1,50,0.3,1000,0.7216,-0.0784,0.1627,0.1426,0.935,0.353,0.0599,0.081,0.058,0.057,1
"mirror","cfg12_psi-0.05_mu0.25_sps0.1","reversal",-0.05,0.25,0.2,0.8333,"bias-dominated",0.1,50,0.3,1000,0.7445,-0.0889,0.1597,0.1328,0.975,0.357,0.0539,0.096,0.025,0.025,1
"mirror","cfg12_psi-0.05_mu0.3_sps0.1","reversal",-0.05,0.3,0.25,0.8571,"bias-dominated",0.1,50,0.3,1000,0.7701,-0.087,0.149,0.121,0.995,0.368,0.0527,0.107,0.005,0.005,1
"mirror","cfg12_psi-0.05_mu0.35_sps0.1","reversal",-0.05,0.35,0.3,0.875,"bias-dominated",0.1,50,0.3,1000,0.7919,-0.0831,0.1408,0.1137,0.997,0.362,0.0501,0.096,0.003,0.003,1
"mirror","cfg12_psi-0.05_mu0.4_sps0.1","reversal",-0.05,0.4,0.35,0.8889,"bias-dominated",0.1,50,0.3,1000,0.8041,-0.0848,0.1354,0.1056,1,0.334,0.0468,0.097,0,0,NA
"main","cfg12_psi-0.1_mu-0.05_sps0.1","inflation",-0.1,-0.05,-0.15,0.3333,"mixed",0.1,50,0.3,1000,0.1419,-0.1914,0.2239,0.1161,0.301,0.466,0.1513,0.194,0.194,0.194,0
"main","cfg12_psi-0.1_mu-0.1_sps0.1","inflation",-0.1,-0.1,-0.2,0.5,"mixed",0.1,50,0.3,1000,0.332,-0.168,0.2412,0.1732,0.431,0.431,0.1947,0.184,0.184,0.184,0
"main","cfg12_psi-0.1_mu-0.15_sps0.1","inflation",-0.1,-0.15,-0.25,0.6,"bias-dominated",0.1,50,0.3,1000,0.4721,-0.1279,0.2199,0.1789,0.11,0.411,0.1557,0.173,0.173,0.173,1
"main","cfg12_psi-0.1_mu-0.2_sps0.1","inflation",-0.1,-0.2,-0.3,0.6667,"bias-dominated",0.1,50,0.3,1000,0.549,-0.1177,0.2055,0.1686,0.249,0.379,0.1266,0.221,0.221,0.2,1
"main","cfg12_psi-0.1_mu-0.25_sps0.1","inflation",-0.1,-0.25,-0.35,0.7143,"bias-dominated",0.1,50,0.3,1000,0.6186,-0.0957,0.1796,0.1521,0.447,0.417,0.1113,0.186,0.185,0.075,1
"main","cfg12_psi-0.1_mu-0.3_sps0.1","inflation",-0.1,-0.3,-0.4,0.75,"bias-dominated",0.1,50,0.3,1000,0.6498,-0.1002,0.1735,0.1418,0.587,0.364,0.0947,0.219,0.143,0.028,1
"main","cfg12_psi-0.1_mu-0.35_sps0.1","inflation",-0.1,-0.35,-0.45,0.7778,"bias-dominated",0.1,50,0.3,1000,0.6892,-0.0886,0.1592,0.1323,0.775,0.342,0.0852,0.216,0.056,0.008,1
"main","cfg12_psi-0.1_mu-0.4_sps0.1","inflation",-0.1,-0.4,-0.5,0.8,"bias-dominated",0.1,50,0.3,1000,0.7218,-0.0782,0.1468,0.1243,0.892,0.378,0.0771,0.209,0.02,0.003,1
"mirror","cfg12_psi-0.1_mu0.05_sps0.1","shrinkage",-0.1,0.05,-0.05,0.3333,"mixed",0.1,50,0.3,1000,0.4486,0.1152,0.2125,0.1786,0.063,0.311,0.0516,0.181,0.181,0.181,0
"mirror","cfg12_psi-0.1_mu0.1_sps0.1","cancellation",-0.1,0.1,0,0.5,"mixed",0.1,50,0.3,1000,0.5288,0.0288,0.1698,0.1674,0.019,0.019,0.0279,0.228,0.228,0.228,0
"mirror","cfg12_psi-0.1_mu0.15_sps0.1","reversal",-0.1,0.15,0.05,0.6,"bias-dominated",0.1,50,0.3,1000,0.6041,0.0041,0.1572,0.1572,0.693,0.121,0.0213,0.201,0.2,0.2,1
"mirror","cfg12_psi-0.1_mu0.2_sps0.1","reversal",-0.1,0.2,0.1,0.6667,"bias-dominated",0.1,50,0.3,1000,0.6551,-0.0115,0.1454,0.145,0.853,0.158,0.0291,0.197,0.145,0.145,1
"mirror","cfg12_psi-0.1_mu0.25_sps0.1","reversal",-0.1,0.25,0.15,0.7143,"bias-dominated",0.1,50,0.3,1000,0.6852,-0.0291,0.1389,0.1359,0.929,0.195,0.0321,0.216,0.071,0.071,1
"mirror","cfg12_psi-0.1_mu0.3_sps0.1","reversal",-0.1,0.3,0.2,0.75,"bias-dominated",0.1,50,0.3,1000,0.7185,-0.0315,0.132,0.1282,0.98,0.219,0.0347,0.207,0.02,0.02,1
"mirror","cfg12_psi-0.1_mu0.35_sps0.1","reversal",-0.1,0.35,0.25,0.7778,"bias-dominated",0.1,50,0.3,1000,0.7387,-0.0391,0.124,0.1177,0.994,0.229,0.0347,0.202,0.006,0.006,1
"mirror","cfg12_psi-0.1_mu0.4_sps0.1","reversal",-0.1,0.4,0.3,0.8,"bias-dominated",0.1,50,0.3,1000,0.757,-0.043,0.1194,0.1115,0.999,0.221,0.0338,0.228,0.001,0.001,1
"main","cfg12_psi-0.14_mu-0.05_sps0.1","inflation",-0.14,-0.05,-0.19,0.2632,"effect-dominated",0.1,50,0.3,1000,0.111,-0.1522,0.1815,0.099,0.826,0.45,0.1211,0.332,0.332,0.332,0
"main","cfg12_psi-0.14_mu-0.1_sps0.1","inflation",-0.14,-0.1,-0.24,0.4167,"mixed",0.1,50,0.3,1000,0.2755,-0.1412,0.2027,0.1455,0.298,0.446,0.1687,0.315,0.315,0.315,0
"main","cfg12_psi-0.14_mu-0.15_sps0.1","inflation",-0.14,-0.15,-0.29,0.5172,"bias-dominated",0.1,50,0.3,1000,0.4105,-0.1067,0.1885,0.1554,0.041,0.441,0.1395,0.323,0.323,0.323,1
"main","cfg12_psi-0.14_mu-0.2_sps0.1","inflation",-0.14,-0.2,-0.34,0.5882,"bias-dominated",0.1,50,0.3,1000,0.4947,-0.0936,0.1807,0.1546,0.151,0.4,0.1159,0.336,0.336,0.303,1
"main","cfg12_psi-0.14_mu-0.25_sps0.1","inflation",-0.14,-0.25,-0.39,0.641,"bias-dominated",0.1,50,0.3,1000,0.5624,-0.0786,0.1649,0.145,0.292,0.398,0.1048,0.299,0.299,0.143,1
"main","cfg12_psi-0.14_mu-0.3_sps0.1","inflation",-0.14,-0.3,-0.44,0.6818,"bias-dominated",0.1,50,0.3,1000,0.5913,-0.0905,0.1601,0.1322,0.434,0.359,0.0892,0.369,0.274,0.085,1
"main","cfg12_psi-0.14_mu-0.35_sps0.1","inflation",-0.14,-0.35,-0.49,0.7143,"bias-dominated",0.1,50,0.3,1000,0.6353,-0.079,0.1486,0.1259,0.626,0.35,0.0802,0.354,0.116,0.024,1
"main","cfg12_psi-0.14_mu-0.4_sps0.1","inflation",-0.14,-0.4,-0.54,0.7407,"bias-dominated",0.1,50,0.3,1000,0.6754,-0.0654,0.137,0.1204,0.815,0.361,0.0733,0.316,0.05,0.01,1
"mirror","cfg12_psi-0.14_mu0.05_sps0.1","shrinkage",-0.14,0.05,-0.09,0.2632,"effect-dominated",0.1,50,0.3,1000,0.3894,0.1263,0.2019,0.1576,0.802,0.396,0.0516,0.334,0.334,0.334,0
"mirror","cfg12_psi-0.14_mu0.1_sps0.1","shrinkage",-0.14,0.1,-0.04,0.4167,"mixed",0.1,50,0.3,1000,0.4738,0.0571,0.1628,0.1526,0.007,0.138,0.0267,0.328,0.328,0.328,0
"mirror","cfg12_psi-0.14_mu0.15_sps0.1","reversal",-0.14,0.15,0.01,0.5172,"bias-dominated",0.1,50,0.3,1000,0.5449,0.0277,0.1479,0.1453,0.534,0.023,0.0175,0.332,0.332,0.332,1
"mirror","cfg12_psi-0.14_mu0.2_sps0.1","reversal",-0.14,0.2,0.06,0.5882,"bias-dominated",0.1,50,0.3,1000,0.5964,0.0081,0.1357,0.1356,0.724,0.095,0.0146,0.335,0.274,0.274,1
"mirror","cfg12_psi-0.14_mu0.25_sps0.1","reversal",-0.14,0.25,0.11,0.641,"bias-dominated",0.1,50,0.3,1000,0.6343,-0.0067,0.1292,0.1291,0.861,0.129,0.0193,0.332,0.139,0.139,1
"mirror","cfg12_psi-0.14_mu0.3_sps0.1","reversal",-0.14,0.3,0.16,0.6818,"bias-dominated",0.1,50,0.3,1000,0.6726,-0.0092,0.1269,0.1266,0.939,0.159,0.0237,0.339,0.061,0.061,1
"mirror","cfg12_psi-0.14_mu0.35_sps0.1","reversal",-0.14,0.35,0.21,0.7143,"bias-dominated",0.1,50,0.3,1000,0.6919,-0.0224,0.1187,0.1166,0.975,0.181,0.0246,0.36,0.025,0.025,1
"mirror","cfg12_psi-0.14_mu0.4_sps0.1","reversal",-0.14,0.4,0.26,0.7407,"bias-dominated",0.1,50,0.3,1000,0.7178,-0.023,0.1118,0.1095,0.996,0.187,0.0262,0.356,0.004,0.004,1
"main","cfg12_psi-0.18_mu-0.05_sps0.1","inflation",-0.18,-0.05,-0.23,0.2174,"effect-dominated",0.1,50,0.3,1000,0.0822,-0.1352,0.1487,0.0621,0.911,0.438,0.0996,0.468,0.468,0.468,0
"main","cfg12_psi-0.18_mu-0.1_sps0.1","inflation",-0.18,-0.1,-0.28,0.3571,"mixed",0.1,50,0.3,1000,0.2331,-0.1241,0.1779,0.1275,0.185,0.446,0.1445,0.464,0.464,0.464,0
"main","cfg12_psi-0.18_mu-0.15_sps0.1","inflation",-0.18,-0.15,-0.33,0.4545,"mixed",0.1,50,0.3,1000,0.3533,-0.1013,0.164,0.129,0.346,0.435,0.1223,0.488,0.488,0.488,0
"main","cfg12_psi-0.18_mu-0.2_sps0.1","inflation",-0.18,-0.2,-0.38,0.5263,"bias-dominated",0.1,50,0.3,1000,0.4387,-0.0877,0.1592,0.133,0.064,0.411,0.1048,0.496,0.496,0.457,1
"main","cfg12_psi-0.18_mu-0.25_sps0.1","inflation",-0.18,-0.25,-0.43,0.5814,"bias-dominated",0.1,50,0.3,1000,0.5055,-0.0759,0.1477,0.1268,0.151,0.416,0.0953,0.471,0.471,0.25,1
"main","cfg12_psi-0.18_mu-0.3_sps0.1","inflation",-0.18,-0.3,-0.48,0.625,"bias-dominated",0.1,50,0.3,1000,0.542,-0.083,0.1442,0.118,0.276,0.376,0.0827,0.523,0.425,0.159,1
"main","cfg12_psi-0.18_mu-0.35_sps0.1","inflation",-0.18,-0.35,-0.53,0.6604,"bias-dominated",0.1,50,0.3,1000,0.5869,-0.0735,0.1349,0.1132,0.458,0.351,0.0749,0.517,0.231,0.058,1
"main","cfg12_psi-0.18_mu-0.4_sps0.1","inflation",-0.18,-0.4,-0.58,0.6897,"bias-dominated",0.1,50,0.3,1000,0.6324,-0.0573,0.1274,0.1138,0.699,0.368,0.0697,0.472,0.101,0.024,1
"mirror","cfg12_psi-0.18_mu0.05_sps0.1","shrinkage",-0.18,0.05,-0.13,0.2174,"effect-dominated",0.1,50,0.3,1000,0.3372,0.1199,0.1776,0.1311,0.894,0.425,0.0518,0.483,0.483,0.483,0
"mirror","cfg12_psi-0.18_mu0.1_sps0.1","shrinkage",-0.18,0.1,-0.08,0.3571,"mixed",0.1,50,0.3,1000,0.4223,0.0652,0.1478,0.1327,0.001,0.262,0.0283,0.502,0.502,0.502,0
"mirror","cfg12_psi-0.18_mu0.15_sps0.1","shrinkage",-0.18,0.15,-0.03,0.4545,"mixed",0.1,50,0.3,1000,0.4965,0.0419,0.1358,0.1293,0.001,0.053,0.0168,0.476,0.476,0.476,0
"mirror","cfg12_psi-0.18_mu0.2_sps0.1","reversal",-0.18,0.2,0.02,0.5263,"bias-dominated",0.1,50,0.3,1000,0.5445,0.0182,0.123,0.1217,0.586,0.031,0.0115,0.488,0.413,0.413,1
"mirror","cfg12_psi-0.18_mu0.25_sps0.1","reversal",-0.18,0.25,0.07,0.5814,"bias-dominated",0.1,50,0.3,1000,0.5873,0.0059,0.1185,0.1184,0.752,0.081,0.0112,0.49,0.248,0.248,1
"mirror","cfg12_psi-0.18_mu0.3_sps0.1","reversal",-0.18,0.3,0.12,0.625,"bias-dominated",0.1,50,0.3,1000,0.6297,0.0047,0.1171,0.1171,0.883,0.119,0.0157,0.475,0.117,0.117,1
"mirror","cfg12_psi-0.18_mu0.35_sps0.1","reversal",-0.18,0.35,0.17,0.6604,"bias-dominated",0.1,50,0.3,1000,0.6479,-0.0125,0.1087,0.108,0.949,0.148,0.0173,0.506,0.051,0.051,1
"mirror","cfg12_psi-0.18_mu0.4_sps0.1","reversal",-0.18,0.4,0.22,0.6897,"bias-dominated",0.1,50,0.3,1000,0.6773,-0.0124,0.1025,0.1018,0.986,0.17,0.0199,0.488,0.014,0.014,1
"main","cfg12_psi-0.23_mu-0.05_sps0.1","inflation",-0.23,-0.05,-0.28,0.1786,"effect-dominated",0.1,50,0.3,1000,0.063,-0.1156,0.1218,0.0384,0.974,0.443,0.0829,0.657,0.657,0.657,0
"main","cfg12_psi-0.23_mu-0.1_sps0.1","inflation",-0.23,-0.1,-0.33,0.303,"effect-dominated",0.1,50,0.3,1000,0.1893,-0.1137,0.1454,0.0907,0.913,0.435,0.1231,0.678,0.678,0.678,0
"main","cfg12_psi-0.23_mu-0.15_sps0.1","inflation",-0.23,-0.15,-0.38,0.3947,"mixed",0.1,50,0.3,1000,0.2988,-0.096,0.1369,0.0977,0.181,0.448,0.1063,0.679,0.679,0.679,0
"main","cfg12_psi-0.23_mu-0.2_sps0.1","inflation",-0.23,-0.2,-0.43,0.4651,"mixed",0.1,50,0.3,1000,0.3818,-0.0833,0.1346,0.1057,0.329,0.428,0.0934,0.686,0.686,0.646,0
"main","cfg12_psi-0.23_mu-0.25_sps0.1","inflation",-0.23,-0.25,-0.48,0.5208,"bias-dominated",0.1,50,0.3,1000,0.4483,-0.0725,0.1279,0.1054,0.066,0.428,0.0853,0.663,0.663,0.439,1
"main","cfg12_psi-0.23_mu-0.3_sps0.1","inflation",-0.23,-0.3,-0.53,0.566,"bias-dominated",0.1,50,0.3,1000,0.492,-0.074,0.1226,0.0978,0.14,0.409,0.0762,0.694,0.592,0.293,1
"main","cfg12_psi-0.23_mu-0.35_sps0.1","inflation",-0.23,-0.35,-0.58,0.6034,"bias-dominated",0.1,50,0.3,1000,0.5376,-0.0659,0.1192,0.0994,0.272,0.358,0.0688,0.718,0.409,0.138,1
"main","cfg12_psi-0.23_mu-0.4_sps0.1","inflation",-0.23,-0.4,-0.63,0.6349,"bias-dominated",0.1,50,0.3,1000,0.576,-0.0589,0.1167,0.1008,0.482,0.373,0.0639,0.694,0.218,0.071,1
"mirror","cfg12_psi-0.23_mu0.05_sps0.1","shrinkage",-0.23,0.05,-0.18,0.1786,"effect-dominated",0.1,50,0.3,1000,0.2857,0.1071,0.1496,0.1045,0.964,0.42,0.0526,0.652,0.652,0.652,0
"mirror","cfg12_psi-0.23_mu0.1_sps0.1","shrinkage",-0.23,0.1,-0.13,0.303,"effect-dominated",0.1,50,0.3,1000,0.3695,0.0665,0.1257,0.1067,0.9,0.358,0.0312,0.667,0.667,0.667,0
"mirror","cfg12_psi-0.23_mu0.15_sps0.1","shrinkage",-0.23,0.15,-0.08,0.3947,"mixed",0.1,50,0.3,1000,0.4385,0.0437,0.1141,0.1054,0,0.159,0.0171,0.658,0.658,0.658,0
"mirror","cfg12_psi-0.23_mu0.2_sps0.1","shrinkage",-0.23,0.2,-0.03,0.4651,"mixed",0.1,50,0.3,1000,0.4901,0.025,0.1065,0.1036,0,0.042,0.0109,0.669,0.606,0.606,0
"mirror","cfg12_psi-0.23_mu0.25_sps0.1","reversal",-0.23,0.25,0.02,0.5208,"bias-dominated",0.1,50,0.3,1000,0.5343,0.0135,0.1043,0.1035,0.589,0.016,0.0078,0.691,0.411,0.411,1
"mirror","cfg12_psi-0.23_mu0.3_sps0.1","reversal",-0.23,0.3,0.07,0.566,"bias-dominated",0.1,50,0.3,1000,0.577,0.011,0.1017,0.1011,0.768,0.074,0.0086,0.66,0.232,0.232,1
"mirror","cfg12_psi-0.23_mu0.35_sps0.1","reversal",-0.23,0.35,0.12,0.6034,"bias-dominated",0.1,50,0.3,1000,0.5983,-0.0052,0.0939,0.0938,0.884,0.102,0.0101,0.688,0.116,0.116,1
"mirror","cfg12_psi-0.23_mu0.4_sps0.1","reversal",-0.23,0.4,0.17,0.6349,"bias-dominated",0.1,50,0.3,1000,0.6315,-0.0034,0.0924,0.0924,0.952,0.133,0.0137,0.666,0.048,0.048,1
"main","cfg12_psi-0.27_mu-0.05_sps0.1","inflation",-0.27,-0.05,-0.32,0.1562,"effect-dominated",0.1,50,0.3,1000,0.0522,-0.104,0.1067,0.0238,0.994,0.426,0.0721,0.803,0.803,0.803,0
"main","cfg12_psi-0.27_mu-0.1_sps0.1","inflation",-0.27,-0.1,-0.37,0.2703,"effect-dominated",0.1,50,0.3,1000,0.1644,-0.1059,0.1275,0.071,0.957,0.426,0.1095,0.792,0.792,0.792,0
"main","cfg12_psi-0.27_mu-0.15_sps0.1","inflation",-0.27,-0.15,-0.42,0.3571,"mixed",0.1,50,0.3,1000,0.2695,-0.0876,0.1235,0.0871,0.107,0.443,0.0966,0.813,0.813,0.813,0
"main","cfg12_psi-0.27_mu-0.2_sps0.1","inflation",-0.27,-0.2,-0.47,0.4255,"mixed",0.1,50,0.3,1000,0.3442,-0.0813,0.1179,0.0854,0.205,0.421,0.085,0.812,0.812,0.778,0
"main","cfg12_psi-0.27_mu-0.25_sps0.1","inflation",-0.27,-0.25,-0.52,0.4808,"mixed",0.1,50,0.3,1000,0.4109,-0.0699,0.1145,0.0907,0.37,0.439,0.0783,0.817,0.816,0.607,0
"main","cfg12_psi-0.27_mu-0.3_sps0.1","inflation",-0.27,-0.3,-0.57,0.5263,"bias-dominated",0.1,50,0.3,1000,0.4559,-0.0704,0.1113,0.0862,0.058,0.408,0.0709,0.829,0.745,0.429,1
"main","cfg12_psi-0.27_mu-0.35_sps0.1","inflation",-0.27,-0.35,-0.62,0.5645,"bias-dominated",0.1,50,0.3,1000,0.5045,-0.06,0.1071,0.0887,0.19,0.377,0.0646,0.805,0.563,0.247,1
"main","cfg12_psi-0.27_mu-0.4_sps0.1","inflation",-0.27,-0.4,-0.67,0.597,"bias-dominated",0.1,50,0.3,1000,0.5406,-0.0564,0.1047,0.0883,0.338,0.39,0.0604,0.818,0.355,0.125,1
"mirror","cfg12_psi-0.27_mu0.05_sps0.1","shrinkage",-0.27,0.05,-0.22,0.1562,"effect-dominated",0.1,50,0.3,1000,0.2514,0.0952,0.1228,0.0777,0.984,0.41,0.053,0.793,0.793,0.793,0
"mirror","cfg12_psi-0.27_mu0.1_sps0.1","shrinkage",-0.27,0.1,-0.17,0.2703,"effect-dominated",0.1,50,0.3,1000,0.3332,0.0629,0.1075,0.0872,0.952,0.4,0.0325,0.795,0.795,0.795,0
"mirror","cfg12_psi-0.27_mu0.15_sps0.1","shrinkage",-0.27,0.15,-0.12,0.3571,"mixed",0.1,50,0.3,1000,0.3995,0.0424,0.1015,0.0923,0,0.215,0.0196,0.796,0.795,0.795,0
"mirror","cfg12_psi-0.27_mu0.2_sps0.1","shrinkage",-0.27,0.2,-0.07,0.4255,"mixed",0.1,50,0.3,1000,0.4535,0.028,0.0954,0.0913,0,0.111,0.0116,0.8,0.754,0.754,0
"mirror","cfg12_psi-0.27_mu0.25_sps0.1","shrinkage",-0.27,0.25,-0.02,0.4808,"mixed",0.1,50,0.3,1000,0.4971,0.0163,0.0898,0.0883,0,0.023,0.007,0.819,0.579,0.579,0
"mirror","cfg12_psi-0.27_mu0.3_sps0.1","reversal",-0.27,0.3,0.03,0.5263,"bias-dominated",0.1,50,0.3,1000,0.5382,0.0119,0.0906,0.0899,0.624,0.036,0.0062,0.8,0.376,0.376,1
"mirror","cfg12_psi-0.27_mu0.35_sps0.1","reversal",-0.27,0.35,0.08,0.5645,"bias-dominated",0.1,50,0.3,1000,0.5624,-0.0021,0.0826,0.0826,0.777,0.074,0.0064,0.828,0.223,0.223,1
"mirror","cfg12_psi-0.27_mu0.4_sps0.1","reversal",-0.27,0.4,0.13,0.597,"bias-dominated",0.1,50,0.3,1000,0.5973,3e-04,0.0844,0.0844,0.894,0.095,0.0094,0.802,0.106,0.106,1
"main","cfg12_psi-0.31_mu-0.05_sps0.1","inflation",-0.31,-0.05,-0.36,0.1389,"effect-dominated",0.1,50,0.3,1000,0.0452,-0.0937,0.0956,0.0191,0.996,0.416,0.064,0.903,0.903,0.903,0
"main","cfg12_psi-0.31_mu-0.1_sps0.1","inflation",-0.31,-0.1,-0.41,0.2439,"effect-dominated",0.1,50,0.3,1000,0.1442,-0.0997,0.1129,0.0529,0.983,0.427,0.0982,0.909,0.909,0.909,0
"main","cfg12_psi-0.31_mu-0.15_sps0.1","inflation",-0.31,-0.15,-0.46,0.3261,"effect-dominated",0.1,50,0.3,1000,0.2425,-0.0836,0.1091,0.0701,0.948,0.435,0.0882,0.892,0.892,0.892,0
"main","cfg12_psi-0.31_mu-0.2_sps0.1","inflation",-0.31,-0.2,-0.51,0.3922,"mixed",0.1,50,0.3,1000,0.3152,-0.077,0.1041,0.0701,0.105,0.413,0.0786,0.911,0.911,0.891,0
"main","cfg12_psi-0.31_mu-0.25_sps0.1","inflation",-0.31,-0.25,-0.56,0.4464,"mixed",0.1,50,0.3,1000,0.3765,-0.07,0.103,0.0757,0.226,0.416,0.0716,0.909,0.909,0.764,0
"main","cfg12_psi-0.31_mu-0.3_sps0.1","inflation",-0.31,-0.3,-0.61,0.4918,"mixed",0.1,50,0.3,1000,0.4275,-0.0643,0.0999,0.0765,0.372,0.411,0.0664,0.909,0.855,0.595,0
"main","cfg12_psi-0.31_mu-0.35_sps0.1","inflation",-0.31,-0.35,-0.66,0.5303,"bias-dominated",0.1,50,0.3,1000,0.4732,-0.0571,0.098,0.0797,0.098,0.403,0.061,0.899,0.701,0.394,1
"main","cfg12_psi-0.31_mu-0.4_sps0.1","inflation",-0.31,-0.4,-0.71,0.5634,"bias-dominated",0.1,50,0.3,1000,0.5095,-0.0538,0.0949,0.0782,0.21,0.39,0.0571,0.904,0.511,0.215,1
"mirror","cfg12_psi-0.31_mu0.05_sps0.1","shrinkage",-0.31,0.05,-0.26,0.1389,"effect-dominated",0.1,50,0.3,1000,0.2248,0.0859,0.1033,0.0573,0.998,0.382,0.0525,0.895,0.895,0.895,0
"mirror","cfg12_psi-0.31_mu0.1_sps0.1","shrinkage",-0.31,0.1,-0.21,0.2439,"effect-dominated",0.1,50,0.3,1000,0.3061,0.0622,0.0944,0.071,0.988,0.427,0.0335,0.891,0.891,0.891,0
"mirror","cfg12_psi-0.31_mu0.15_sps0.1","shrinkage",-0.31,0.15,-0.16,0.3261,"effect-dominated",0.1,50,0.3,1000,0.3669,0.0408,0.0873,0.0772,0.939,0.283,0.0219,0.891,0.891,0.891,0
"mirror","cfg12_psi-0.31_mu0.2_sps0.1","shrinkage",-0.31,0.2,-0.11,0.3922,"mixed",0.1,50,0.3,1000,0.424,0.0318,0.0857,0.0796,0,0.161,0.013,0.887,0.858,0.858,0
"mirror","cfg12_psi-0.31_mu0.25_sps0.1","shrinkage",-0.31,0.25,-0.06,0.4464,"mixed",0.1,50,0.3,1000,0.465,0.0186,0.0792,0.0771,0,0.101,0.0079,0.897,0.736,0.736,0
"mirror","cfg12_psi-0.31_mu0.3_sps0.1","shrinkage",-0.31,0.3,-0.01,0.4918,"mixed",0.1,50,0.3,1000,0.5042,0.0124,0.0774,0.0764,0,0.01,0.0054,0.904,0.532,0.532,0
"mirror","cfg12_psi-0.31_mu0.35_sps0.1","reversal",-0.31,0.35,0.04,0.5303,"bias-dominated",0.1,50,0.3,1000,0.5297,-6e-04,0.0725,0.0726,0.611,0.042,0.0047,0.917,0.389,0.389,1
"mirror","cfg12_psi-0.31_mu0.4_sps0.1","reversal",-0.31,0.4,0.09,0.5634,"bias-dominated",0.1,50,0.3,1000,0.5662,0.0028,0.0755,0.0755,0.814,0.067,0.0059,0.895,0.186,0.186,1
"main","cfg12_psi-0.36_mu-0.05_sps0.1","inflation",-0.36,-0.05,-0.41,0.122,"effect-dominated",0.1,50,0.3,1000,0.039,-0.0829,0.0846,0.0167,0.998,0.41,0.0564,0.971,0.971,0.971,0
"main","cfg12_psi-0.36_mu-0.1_sps0.1","inflation",-0.36,-0.1,-0.46,0.2174,"effect-dominated",0.1,50,0.3,1000,0.1252,-0.0922,0.0996,0.0378,0.997,0.416,0.0873,0.963,0.963,0.963,0
"main","cfg12_psi-0.36_mu-0.15_sps0.1","inflation",-0.36,-0.15,-0.51,0.2941,"effect-dominated",0.1,50,0.3,1000,0.2157,-0.0784,0.0956,0.0546,0.98,0.429,0.0792,0.949,0.949,0.949,0
"main","cfg12_psi-0.36_mu-0.2_sps0.1","inflation",-0.36,-0.2,-0.56,0.3571,"mixed",0.1,50,0.3,1000,0.2846,-0.0725,0.0925,0.0574,0.041,0.423,0.0718,0.964,0.964,0.958,0
"main","cfg12_psi-0.36_mu-0.25_sps0.1","inflation",-0.36,-0.25,-0.61,0.4098,"mixed",0.1,50,0.3,1000,0.3448,-0.065,0.0894,0.0614,0.103,0.421,0.066,0.965,0.965,0.894,0
"main","cfg12_psi-0.36_mu-0.3_sps0.1","inflation",-0.36,-0.3,-0.66,0.4545,"mixed",0.1,50,0.3,1000,0.3957,-0.0588,0.088,0.0654,0.232,0.42,0.0619,0.957,0.941,0.755,0
"main","cfg12_psi-0.36_mu-0.35_sps0.1","inflation",-0.36,-0.35,-0.71,0.493,"mixed",0.1,50,0.3,1000,0.439,-0.054,0.0867,0.0678,0.375,0.42,0.057,0.961,0.833,0.586,0
"main","cfg12_psi-0.36_mu-0.4_sps0.1","inflation",-0.36,-0.4,-0.76,0.5263,"bias-dominated",0.1,50,0.3,1000,0.4744,-0.0519,0.0856,0.068,0.105,0.386,0.0532,0.958,0.691,0.398,1
"mirror","cfg12_psi-0.36_mu0.05_sps0.1","shrinkage",-0.36,0.05,-0.31,0.122,"effect-dominated",0.1,50,0.3,1000,0.2006,0.0787,0.0902,0.0441,1,0.356,0.0509,0.965,0.965,0.965,0
"mirror","cfg12_psi-0.36_mu0.1_sps0.1","shrinkage",-0.36,0.1,-0.26,0.2174,"effect-dominated",0.1,50,0.3,1000,0.2751,0.0577,0.0806,0.0564,0.996,0.451,0.0345,0.959,0.959,0.959,0
"mirror","cfg12_psi-0.36_mu0.15_sps0.1","shrinkage",-0.36,0.15,-0.21,0.2941,"effect-dominated",0.1,50,0.3,1000,0.3339,0.0397,0.0754,0.0641,0.976,0.35,0.0238,0.954,0.954,0.954,0
"mirror","cfg12_psi-0.36_mu0.2_sps0.1","shrinkage",-0.36,0.2,-0.16,0.3571,"mixed",0.1,50,0.3,1000,0.3902,0.033,0.0745,0.0668,0,0.231,0.0152,0.948,0.934,0.934,0
"mirror","cfg12_psi-0.36_mu0.25_sps0.1","shrinkage",-0.36,0.25,-0.11,0.4098,"mixed",0.1,50,0.3,1000,0.4325,0.0227,0.0711,0.0674,0,0.147,0.0095,0.954,0.864,0.864,0
"mirror","cfg12_psi-0.36_mu0.3_sps0.1","shrinkage",-0.36,0.3,-0.06,0.4545,"mixed",0.1,50,0.3,1000,0.4676,0.0131,0.0666,0.0654,0,0.061,0.0062,0.964,0.741,0.741,0
"mirror","cfg12_psi-0.36_mu0.35_sps0.1","shrinkage",-0.36,0.35,-0.01,0.493,"mixed",0.1,50,0.3,1000,0.4971,0.0042,0.0612,0.0611,0,0.005,0.004,0.975,0.55,0.55,0
"mirror","cfg12_psi-0.36_mu0.4_sps0.1","reversal",-0.36,0.4,0.04,0.5263,"bias-dominated",0.1,50,0.3,1000,0.5305,0.0042,0.0646,0.0644,0.655,0.035,0.0039,0.968,0.345,0.345,1
"main","cfg12_psi-0.4_mu-0.05_sps0.1","inflation",-0.4,-0.05,-0.45,0.1111,"effect-dominated",0.1,50,0.3,1000,0.0353,-0.0758,0.077,0.0137,0.998,0.407,0.0517,0.988,0.988,0.988,0
"main","cfg12_psi-0.4_mu-0.1_sps0.1","inflation",-0.4,-0.1,-0.5,0.2,"effect-dominated",0.1,50,0.3,1000,0.1136,-0.0864,0.0914,0.0299,0.999,0.412,0.0802,0.988,0.988,0.988,0
"main","cfg12_psi-0.4_mu-0.15_sps0.1","inflation",-0.4,-0.15,-0.55,0.2727,"effect-dominated",0.1,50,0.3,1000,0.1996,-0.0732,0.0859,0.045,0.992,0.437,0.0734,0.976,0.976,0.976,0
"main","cfg12_psi-0.4_mu-0.2_sps0.1","inflation",-0.4,-0.2,-0.6,0.3333,"mixed",0.1,50,0.3,1000,0.2663,-0.067,0.0841,0.0508,0.031,0.437,0.0676,0.976,0.976,0.969,0
"main","cfg12_psi-0.4_mu-0.25_sps0.1","inflation",-0.4,-0.25,-0.65,0.3846,"mixed",0.1,50,0.3,1000,0.3229,-0.0617,0.0808,0.0522,0.048,0.429,0.0617,0.985,0.985,0.952,0
"main","cfg12_psi-0.4_mu-0.3_sps0.1","inflation",-0.4,-0.3,-0.7,0.4286,"mixed",0.1,50,0.3,1000,0.372,-0.0566,0.081,0.0579,0.13,0.429,0.0582,0.983,0.97,0.864,0
"main","cfg12_psi-0.4_mu-0.35_sps0.1","inflation",-0.4,-0.35,-0.75,0.4667,"mixed",0.1,50,0.3,1000,0.4148,-0.0518,0.0787,0.0593,0.253,0.43,0.0539,0.98,0.917,0.73,0
"main","cfg12_psi-0.4_mu-0.4_sps0.1","inflation",-0.4,-0.4,-0.8,0.5,"mixed",0.1,50,0.3,1000,0.4511,-0.0489,0.0788,0.0618,0.399,0.399,0.0507,0.983,0.797,0.544,0
"mirror","cfg12_psi-0.4_mu0.05_sps0.1","shrinkage",-0.4,0.05,-0.35,0.1111,"effect-dominated",0.1,50,0.3,1000,0.1847,0.0736,0.0827,0.0377,1,0.343,0.0493,0.984,0.984,0.984,0
"mirror","cfg12_psi-0.4_mu0.1_sps0.1","shrinkage",-0.4,0.1,-0.3,0.2,"effect-dominated",0.1,50,0.3,1000,0.255,0.055,0.0736,0.0488,0.999,0.454,0.0349,0.982,0.982,0.982,0
"mirror","cfg12_psi-0.4_mu0.15_sps0.1","shrinkage",-0.4,0.15,-0.25,0.2727,"effect-dominated",0.1,50,0.3,1000,0.3108,0.0381,0.0666,0.0546,0.995,0.392,0.0246,0.982,0.982,0.982,0
"mirror","cfg12_psi-0.4_mu0.2_sps0.1","shrinkage",-0.4,0.2,-0.2,0.3333,"mixed",0.1,50,0.3,1000,0.3658,0.0325,0.0671,0.0587,0,0.294,0.0169,0.976,0.965,0.965,0
"mirror","cfg12_psi-0.4_mu0.25_sps0.1","shrinkage",-0.4,0.25,-0.15,0.3846,"mixed",0.1,50,0.3,1000,0.408,0.0234,0.0636,0.0591,0,0.191,0.011,0.983,0.935,0.935,0
"mirror","cfg12_psi-0.4_mu0.3_sps0.1","shrinkage",-0.4,0.3,-0.1,0.4286,"mixed",0.1,50,0.3,1000,0.442,0.0135,0.0588,0.0573,0,0.096,0.0071,0.988,0.843,0.843,0
"mirror","cfg12_psi-0.4_mu0.35_sps0.1","shrinkage",-0.4,0.35,-0.05,0.4667,"mixed",0.1,50,0.3,1000,0.4725,0.0058,0.0564,0.0561,0,0.042,0.0044,0.993,0.717,0.717,0
"mirror","cfg12_psi-0.4_mu0.4_sps0.1","cancellation",-0.4,0.4,0,0.5,"mixed",0.1,50,0.3,1000,0.5048,0.0048,0.0578,0.0577,0,0,0.0034,0.989,0.514,0.514,0
"main","cfg2_psi-0.01_mu-0.05_sps0.1","inflation",-0.01,-0.05,-0.06,0.8333,"bias-dominated",0.1,12,0,1000,0.4343,-0.399,0.4304,0.1614,0.001,0.584,0.4081,0.062,0.062,0.044,1
"main","cfg2_psi-0.01_mu-0.1_sps0.1","inflation",-0.01,-0.1,-0.11,0.9091,"bias-dominated",0.1,12,0,1000,0.5659,-0.3432,0.3754,0.1522,0.055,0.552,0.3736,0.049,0.049,0.02,1
"main","cfg2_psi-0.01_mu-0.15_sps0.1","inflation",-0.01,-0.15,-0.16,0.9375,"bias-dominated",0.1,12,0,1000,0.6716,-0.2659,0.2968,0.132,0.274,0.619,0.2938,0.04,0.04,0.014,1
"main","cfg2_psi-0.01_mu-0.2_sps0.1","inflation",-0.01,-0.2,-0.21,0.9524,"bias-dominated",0.1,12,0,1000,0.7262,-0.2261,0.2556,0.1191,0.5,0.614,0.2295,0.044,0.038,0.01,1
"main","cfg2_psi-0.01_mu-0.25_sps0.1","inflation",-0.01,-0.25,-0.26,0.9615,"bias-dominated",0.1,12,0,1000,0.7629,-0.1986,0.2293,0.1146,0.708,0.607,0.1841,0.058,0.018,0.008,1
"main","cfg2_psi-0.01_mu-0.3_sps0.1","inflation",-0.01,-0.3,-0.31,0.9677,"bias-dominated",0.1,12,0,1000,0.7875,-0.1802,0.208,0.1039,0.835,0.612,0.1606,0.064,0.005,0.001,1
"main","cfg2_psi-0.01_mu-0.35_sps0.1","inflation",-0.01,-0.35,-0.36,0.9722,"bias-dominated",0.1,12,0,1000,0.8159,-0.1563,0.1825,0.0942,0.936,0.613,0.1373,0.057,0.002,0,NA
"main","cfg2_psi-0.01_mu-0.4_sps0.1","inflation",-0.01,-0.4,-0.41,0.9756,"bias-dominated",0.1,12,0,1000,0.8301,-0.1455,0.1706,0.0891,0.974,0.599,0.1256,0.062,0.002,0,NA
"mirror","cfg2_psi-0.01_mu0.05_sps0.1","reversal",-0.01,0.05,0.04,0.8333,"bias-dominated",0.1,12,0,1000,0.4404,-0.3929,0.4249,0.162,0,0.567,0.3989,0.047,0.047,0.037,1
"mirror","cfg2_psi-0.01_mu0.1_sps0.1","reversal",-0.01,0.1,0.09,0.9091,"bias-dominated",0.1,12,0,1000,0.5767,-0.3324,0.3663,0.1539,0.067,0.561,0.3694,0.041,0.041,0.029,1
"mirror","cfg2_psi-0.01_mu0.15_sps0.1","reversal",-0.01,0.15,0.14,0.9375,"bias-dominated",0.1,12,0,1000,0.6627,-0.2748,0.3076,0.1384,0.332,0.589,0.2676,0.059,0.059,0.033,1
"mirror","cfg2_psi-0.01_mu0.2_sps0.1","reversal",-0.01,0.2,0.19,0.9524,"bias-dominated",0.1,12,0,1000,0.7207,-0.2316,0.2614,0.1212,0.588,0.598,0.2024,0.047,0.035,0.02,1
"mirror","cfg2_psi-0.01_mu0.25_sps0.1","reversal",-0.01,0.25,0.24,0.9615,"bias-dominated",0.1,12,0,1000,0.7586,-0.203,0.2319,0.1122,0.732,0.599,0.1671,0.052,0.018,0.006,1
"mirror","cfg2_psi-0.01_mu0.3_sps0.1","reversal",-0.01,0.3,0.29,0.9677,"bias-dominated",0.1,12,0,1000,0.791,-0.1767,0.2048,0.1035,0.876,0.607,0.1429,0.056,0.002,0.001,1
"mirror","cfg2_psi-0.01_mu0.35_sps0.1","reversal",-0.01,0.35,0.34,0.9722,"bias-dominated",0.1,12,0,1000,0.817,-0.1552,0.1799,0.0911,0.962,0.614,0.1297,0.051,0,0,NA
"mirror","cfg2_psi-0.01_mu0.4_sps0.1","reversal",-0.01,0.4,0.39,0.9756,"bias-dominated",0.1,12,0,1000,0.8327,-0.1429,0.1675,0.0874,0.981,0.599,0.1176,0.051,0,0,NA
"main","cfg2_psi-0.05_mu-0.05_sps0.1","inflation",-0.05,-0.05,-0.1,0.5,"mixed",0.1,12,0,1000,0.413,-0.087,0.19,0.1689,0.913,0.913,0.4129,0.082,0.082,0.053,0
"main","cfg2_psi-0.05_mu-0.1_sps0.1","inflation",-0.05,-0.1,-0.15,0.6667,"bias-dominated",0.1,12,0,1000,0.5529,-0.1137,0.1964,0.1603,0.053,0.811,0.385,0.084,0.084,0.022,1
"main","cfg2_psi-0.05_mu-0.15_sps0.1","inflation",-0.05,-0.15,-0.2,0.75,"bias-dominated",0.1,12,0,1000,0.6502,-0.0998,0.1779,0.1474,0.18,0.829,0.3039,0.081,0.081,0.01,1
"main","cfg2_psi-0.05_mu-0.2_sps0.1","inflation",-0.05,-0.2,-0.25,0.8,"bias-dominated",0.1,12,0,1000,0.7091,-0.0909,0.1587,0.1302,0.348,0.827,0.2501,0.067,0.056,0.005,1
"main","cfg2_psi-0.05_mu-0.25_sps0.1","inflation",-0.05,-0.25,-0.3,0.8333,"bias-dominated",0.1,12,0,1000,0.7474,-0.0859,0.1489,0.1217,0.579,0.81,0.208,0.082,0.031,0.002,1
"main","cfg2_psi-0.05_mu-0.3_sps0.1","inflation",-0.05,-0.3,-0.35,0.8571,"bias-dominated",0.1,12,0,1000,0.7729,-0.0843,0.14,0.1118,0.718,0.818,0.1836,0.092,0.007,0,NA
"main","cfg2_psi-0.05_mu-0.35_sps0.1","inflation",-0.05,-0.35,-0.4,0.875,"bias-dominated",0.1,12,0,1000,0.7979,-0.0771,0.1282,0.1025,0.863,0.8,0.1596,0.076,0.002,0,NA
"main","cfg2_psi-0.05_mu-0.4_sps0.1","inflation",-0.05,-0.4,-0.45,0.8889,"bias-dominated",0.1,12,0,1000,0.8185,-0.0704,0.1185,0.0954,0.953,0.791,0.1443,0.073,0.003,0,NA
"mirror","cfg2_psi-0.05_mu0.05_sps0.1","cancellation",-0.05,0.05,0,0.5,"mixed",0.1,12,0,1000,0.4211,-0.0789,0.1774,0.159,0.773,0.773,0.3654,0.085,0.085,0.079,0
"mirror","cfg2_psi-0.05_mu0.1_sps0.1","reversal",-0.05,0.1,0.05,0.6667,"bias-dominated",0.1,12,0,1000,0.5583,-0.1083,0.1891,0.1551,0.081,0.638,0.3085,0.084,0.084,0.079,1
"mirror","cfg2_psi-0.05_mu0.15_sps0.1","reversal",-0.05,0.15,0.1,0.75,"bias-dominated",0.1,12,0,1000,0.6404,-0.1096,0.1781,0.1404,0.429,0.691,0.1862,0.088,0.087,0.079,1
"mirror","cfg2_psi-0.05_mu0.2_sps0.1","reversal",-0.05,0.2,0.15,0.8,"bias-dominated",0.1,12,0,1000,0.7005,-0.0995,0.1609,0.1265,0.669,0.729,0.1646,0.072,0.056,0.05,1
"mirror","cfg2_psi-0.05_mu0.25_sps0.1","reversal",-0.05,0.25,0.2,0.8333,"bias-dominated",0.1,12,0,1000,0.7452,-0.0881,0.1462,0.1167,0.822,0.749,0.1489,0.081,0.029,0.026,1
"mirror","cfg2_psi-0.05_mu0.3_sps0.1","reversal",-0.05,0.3,0.25,0.8571,"bias-dominated",0.1,12,0,1000,0.7785,-0.0786,0.1325,0.1066,0.932,0.761,0.1337,0.081,0.007,0.005,1
"mirror","cfg2_psi-0.05_mu0.35_sps0.1","reversal",-0.05,0.35,0.3,0.875,"bias-dominated",0.1,12,0,1000,0.7976,-0.0774,0.1269,0.1006,0.978,0.731,0.1221,0.081,0.002,0.002,1
"mirror","cfg2_psi-0.05_mu0.4_sps0.1","reversal",-0.05,0.4,0.35,0.8889,"bias-dominated",0.1,12,0,1000,0.8204,-0.0685,0.1144,0.0917,0.992,0.778,0.1142,0.075,0,0,NA
"main","cfg2_psi-0.1_mu-0.05_sps0.1","inflation",-0.1,-0.05,-0.15,0.3333,"mixed",0.1,12,0,1000,0.3675,0.0342,0.1751,0.1718,0.882,0.981,0.4026,0.163,0.163,0.1,0
"main","cfg2_psi-0.1_mu-0.1_sps0.1","inflation",-0.1,-0.1,-0.2,0.5,"mixed",0.1,12,0,1000,0.5107,0.0107,0.1728,0.1726,0.9,0.9,0.3729,0.166,0.166,0.056,0
"main","cfg2_psi-0.1_mu-0.15_sps0.1","inflation",-0.1,-0.15,-0.25,0.6,"bias-dominated",0.1,12,0,1000,0.5985,-0.0015,0.1613,0.1614,0.093,0.888,0.3036,0.163,0.163,0.018,1
"main","cfg2_psi-0.1_mu-0.2_sps0.1","inflation",-0.1,-0.2,-0.3,0.6667,"bias-dominated",0.1,12,0,1000,0.6617,-0.005,0.1474,0.1473,0.225,0.877,0.2515,0.161,0.153,0.003,1
"main","cfg2_psi-0.1_mu-0.25_sps0.1","inflation",-0.1,-0.25,-0.35,0.7143,"bias-dominated",0.1,12,0,1000,0.7009,-0.0134,0.1363,0.1357,0.372,0.855,0.2163,0.153,0.084,0.002,1
"main","cfg2_psi-0.1_mu-0.3_sps0.1","inflation",-0.1,-0.3,-0.4,0.75,"bias-dominated",0.1,12,0,1000,0.7289,-0.0211,0.1263,0.1246,0.539,0.848,0.19,0.17,0.03,0,NA
"main","cfg2_psi-0.1_mu-0.35_sps0.1","inflation",-0.1,-0.35,-0.45,0.7778,"bias-dominated",0.1,12,0,1000,0.7633,-0.0145,0.1181,0.1173,0.733,0.857,0.1684,0.167,0.011,0,NA
"main","cfg2_psi-0.1_mu-0.4_sps0.1","inflation",-0.1,-0.4,-0.5,0.8,"bias-dominated",0.1,12,0,1000,0.7866,-0.0134,0.1079,0.1071,0.878,0.844,0.1521,0.167,0.001,0,NA
"mirror","cfg2_psi-0.1_mu0.05_sps0.1","shrinkage",-0.1,0.05,-0.05,0.3333,"mixed",0.1,12,0,1000,0.3572,0.0238,0.1548,0.153,0.616,0.834,0.2622,0.191,0.191,0.186,0
"mirror","cfg2_psi-0.1_mu0.1_sps0.1","cancellation",-0.1,0.1,0,0.5,"mixed",0.1,12,0,1000,0.5059,0.0059,0.1589,0.1588,0.441,0.441,0.153,0.167,0.167,0.164,0
"mirror","cfg2_psi-0.1_mu0.15_sps0.1","reversal",-0.1,0.15,0.05,0.6,"bias-dominated",0.1,12,0,1000,0.5902,-0.0098,0.1537,0.1535,0.414,0.558,0.1089,0.171,0.171,0.171,1
"mirror","cfg2_psi-0.1_mu0.2_sps0.1","reversal",-0.1,0.2,0.1,0.6667,"bias-dominated",0.1,12,0,1000,0.6566,-0.0101,0.1437,0.1434,0.704,0.622,0.1318,0.171,0.144,0.144,1
"mirror","cfg2_psi-0.1_mu0.25_sps0.1","reversal",-0.1,0.25,0.15,0.7143,"bias-dominated",0.1,12,0,1000,0.7119,-0.0024,0.1318,0.1318,0.871,0.71,0.138,0.158,0.064,0.063,1
"mirror","cfg2_psi-0.1_mu0.3_sps0.1","reversal",-0.1,0.3,0.2,0.75,"bias-dominated",0.1,12,0,1000,0.7361,-0.0139,0.12,0.1193,0.964,0.72,0.1239,0.169,0.019,0.019,1
"mirror","cfg2_psi-0.1_mu0.35_sps0.1","reversal",-0.1,0.35,0.25,0.7778,"bias-dominated",0.1,12,0,1000,0.7586,-0.0192,0.1199,0.1184,0.991,0.687,0.1107,0.203,0.006,0.006,1
"mirror","cfg2_psi-0.1_mu0.4_sps0.1","reversal",-0.1,0.4,0.3,0.8,"bias-dominated",0.1,12,0,1000,0.7886,-0.0114,0.105,0.1045,0.998,0.736,0.1047,0.147,0.002,0.002,1
"main","cfg2_psi-0.14_mu-0.05_sps0.1","inflation",-0.14,-0.05,-0.19,0.2632,"effect-dominated",0.1,12,0,1000,0.314,0.0508,0.1682,0.1605,0.185,0.986,0.3558,0.267,0.267,0.177,0
"main","cfg2_psi-0.14_mu-0.1_sps0.1","inflation",-0.14,-0.1,-0.24,0.4167,"mixed",0.1,12,0,1000,0.4507,0.034,0.1697,0.1663,0.894,0.962,0.3453,0.281,0.281,0.087,0
"main","cfg2_psi-0.14_mu-0.15_sps0.1","inflation",-0.14,-0.15,-0.29,0.5172,"bias-dominated",0.1,12,0,1000,0.5369,0.0197,0.1645,0.1634,0.06,0.887,0.2884,0.303,0.303,0.045,1
"main","cfg2_psi-0.14_mu-0.2_sps0.1","inflation",-0.14,-0.2,-0.34,0.5882,"bias-dominated",0.1,12,0,1000,0.6097,0.0215,0.1497,0.1482,0.116,0.875,0.2477,0.278,0.258,0.011,1
"main","cfg2_psi-0.14_mu-0.25_sps0.1","inflation",-0.14,-0.25,-0.39,0.641,"bias-dominated",0.1,12,0,1000,0.6499,0.0089,0.1421,0.1419,0.238,0.81,0.2099,0.284,0.155,0.003,1
"main","cfg2_psi-0.14_mu-0.3_sps0.1","inflation",-0.14,-0.3,-0.44,0.6818,"bias-dominated",0.1,12,0,1000,0.6804,-0.0014,0.1318,0.1318,0.379,0.809,0.1865,0.309,0.074,0.001,1
"main","cfg2_psi-0.14_mu-0.35_sps0.1","inflation",-0.14,-0.35,-0.49,0.7143,"bias-dominated",0.1,12,0,1000,0.7245,0.0102,0.1234,0.123,0.602,0.795,0.1689,0.272,0.023,0,NA
"main","cfg2_psi-0.14_mu-0.4_sps0.1","inflation",-0.14,-0.4,-0.54,0.7407,"bias-dominated",0.1,12,0,1000,0.7475,0.0067,0.1173,0.1172,0.752,0.767,0.1528,0.278,0.005,0,NA
"mirror","cfg2_psi-0.14_mu0.05_sps0.1","shrinkage",-0.14,0.05,-0.09,0.2632,"effect-dominated",0.1,12,0,1000,0.3116,0.0485,0.157,0.1494,0.542,0.912,0.1912,0.295,0.295,0.295,0
"mirror","cfg2_psi-0.14_mu0.1_sps0.1","shrinkage",-0.14,0.1,-0.04,0.4167,"mixed",0.1,12,0,1000,0.461,0.0444,0.1712,0.1655,0.326,0.541,0.1373,0.276,0.276,0.275,0
"mirror","cfg2_psi-0.14_mu0.15_sps0.1","reversal",-0.14,0.15,0.01,0.5172,"bias-dominated",0.1,12,0,1000,0.5438,0.0265,0.1633,0.1612,0.356,0.22,0.079,0.306,0.306,0.305,1
"mirror","cfg2_psi-0.14_mu0.2_sps0.1","reversal",-0.14,0.2,0.06,0.5882,"bias-dominated",0.1,12,0,1000,0.6121,0.0238,0.1531,0.1513,0.626,0.317,0.0679,0.293,0.263,0.263,1
"mirror","cfg2_psi-0.14_mu0.25_sps0.1","reversal",-0.14,0.25,0.11,0.641,"bias-dominated",0.1,12,0,1000,0.6688,0.0278,0.1422,0.1396,0.85,0.407,0.1014,0.255,0.122,0.122,1
"mirror","cfg2_psi-0.14_mu0.3_sps0.1","reversal",-0.14,0.3,0.16,0.6818,"bias-dominated",0.1,12,0,1000,0.6989,0.0171,0.1228,0.1216,0.953,0.495,0.0947,0.235,0.041,0.041,1
"mirror","cfg2_psi-0.14_mu0.35_sps0.1","reversal",-0.14,0.35,0.21,0.7143,"bias-dominated",0.1,12,0,1000,0.7183,0.0041,0.1196,0.1196,0.975,0.485,0.0889,0.295,0.021,0.021,1
"mirror","cfg2_psi-0.14_mu0.4_sps0.1","reversal",-0.14,0.4,0.26,0.7407,"bias-dominated",0.1,12,0,1000,0.7467,0.006,0.1119,0.1118,0.995,0.507,0.0883,0.291,0.004,0.004,1
"main","cfg2_psi-0.18_mu-0.05_sps0.1","inflation",-0.18,-0.05,-0.23,0.2174,"effect-dominated",0.1,12,0,1000,0.258,0.0406,0.1427,0.1369,0.308,0.994,0.2937,0.43,0.43,0.303,0
"main","cfg2_psi-0.18_mu-0.1_sps0.1","inflation",-0.18,-0.1,-0.28,0.3571,"mixed",0.1,12,0,1000,0.3923,0.0352,0.1574,0.1535,0.827,0.979,0.3058,0.44,0.44,0.167,0
"main","cfg2_psi-0.18_mu-0.15_sps0.1","inflation",-0.18,-0.15,-0.33,0.4545,"mixed",0.1,12,0,1000,0.4805,0.026,0.156,0.1539,0.883,0.93,0.2659,0.448,0.448,0.091,0
"main","cfg2_psi-0.18_mu-0.2_sps0.1","inflation",-0.18,-0.2,-0.38,0.5263,"bias-dominated",0.1,12,0,1000,0.5513,0.0249,0.1454,0.1433,0.054,0.9,0.2316,0.43,0.408,0.036,1
"main","cfg2_psi-0.18_mu-0.25_sps0.1","inflation",-0.18,-0.25,-0.43,0.5814,"bias-dominated",0.1,12,0,1000,0.6,0.0186,0.139,0.1378,0.144,0.856,0.2038,0.447,0.263,0.01,1
"main","cfg2_psi-0.18_mu-0.3_sps0.1","inflation",-0.18,-0.3,-0.48,0.625,"bias-dominated",0.1,12,0,1000,0.6345,0.0095,0.1294,0.1291,0.26,0.841,0.1803,0.471,0.142,0.001,1
"main","cfg2_psi-0.18_mu-0.35_sps0.1","inflation",-0.18,-0.35,-0.53,0.6604,"bias-dominated",0.1,12,0,1000,0.6789,0.0185,0.1191,0.1177,0.457,0.837,0.1663,0.413,0.042,0,NA
"main","cfg2_psi-0.18_mu-0.4_sps0.1","inflation",-0.18,-0.4,-0.58,0.6897,"bias-dominated",0.1,12,0,1000,0.704,0.0143,0.1175,0.1166,0.636,0.78,0.1506,0.423,0.019,0,NA
"mirror","cfg2_psi-0.18_mu0.05_sps0.1","shrinkage",-0.18,0.05,-0.13,0.2174,"effect-dominated",0.1,12,0,1000,0.2646,0.0472,0.1349,0.1265,0.694,0.967,0.168,0.424,0.424,0.424,0
"mirror","cfg2_psi-0.18_mu0.1_sps0.1","shrinkage",-0.18,0.1,-0.08,0.3571,"mixed",0.1,12,0,1000,0.3961,0.039,0.1497,0.1447,0.192,0.64,0.1318,0.441,0.441,0.44,0
"mirror","cfg2_psi-0.18_mu0.15_sps0.1","shrinkage",-0.18,0.15,-0.03,0.4545,"mixed",0.1,12,0,1000,0.4862,0.0317,0.1498,0.1465,0.091,0.208,0.0716,0.437,0.437,0.437,0
"mirror","cfg2_psi-0.18_mu0.2_sps0.1","reversal",-0.18,0.2,0.02,0.5263,"bias-dominated",0.1,12,0,1000,0.5585,0.0322,0.1483,0.1448,0.54,0.109,0.0451,0.427,0.397,0.397,1
"mirror","cfg2_psi-0.18_mu0.25_sps0.1","reversal",-0.18,0.25,0.07,0.5814,"bias-dominated",0.1,12,0,1000,0.6086,0.0272,0.1323,0.1295,0.76,0.222,0.049,0.402,0.228,0.228,1
"mirror","cfg2_psi-0.18_mu0.3_sps0.1","reversal",-0.18,0.3,0.12,0.625,"bias-dominated",0.1,12,0,1000,0.6474,0.0224,0.124,0.122,0.906,0.297,0.058,0.412,0.091,0.091,1
"mirror","cfg2_psi-0.18_mu0.35_sps0.1","reversal",-0.18,0.35,0.17,0.6604,"bias-dominated",0.1,12,0,1000,0.6689,0.0085,0.1169,0.1167,0.944,0.349,0.0595,0.449,0.053,0.053,1
"mirror","cfg2_psi-0.18_mu0.4_sps0.1","reversal",-0.18,0.4,0.22,0.6897,"bias-dominated",0.1,12,0,1000,0.7017,0.0121,0.1144,0.1138,0.986,0.372,0.0633,0.438,0.014,0.014,1
"main","cfg2_psi-0.23_mu-0.05_sps0.1","inflation",-0.23,-0.05,-0.28,0.1786,"effect-dominated",0.1,12,0,1000,0.214,0.0355,0.1195,0.1142,0.48,0.995,0.2486,0.614,0.614,0.478,0
"main","cfg2_psi-0.23_mu-0.1_sps0.1","inflation",-0.23,-0.1,-0.33,0.303,"effect-dominated",0.1,12,0,1000,0.3295,0.0265,0.1283,0.1256,0.307,0.992,0.262,0.635,0.635,0.307,0
"main","cfg2_psi-0.23_mu-0.15_sps0.1","inflation",-0.23,-0.15,-0.38,0.3947,"mixed",0.1,12,0,1000,0.4294,0.0347,0.1418,0.1375,0.81,0.961,0.2407,0.593,0.593,0.182,0
"main","cfg2_psi-0.23_mu-0.2_sps0.1","inflation",-0.23,-0.2,-0.43,0.4651,"mixed",0.1,12,0,1000,0.4886,0.0235,0.1282,0.1261,0.905,0.937,0.2113,0.613,0.591,0.076,0
"main","cfg2_psi-0.23_mu-0.25_sps0.1","inflation",-0.23,-0.25,-0.48,0.5208,"bias-dominated",0.1,12,0,1000,0.539,0.0182,0.1236,0.1223,0.049,0.902,0.189,0.626,0.439,0.035,1
"main","cfg2_psi-0.23_mu-0.3_sps0.1","inflation",-0.23,-0.3,-0.53,0.566,"bias-dominated",0.1,12,0,1000,0.5795,0.0135,0.1174,0.1166,0.133,0.885,0.1689,0.631,0.263,0.013,1
"main","cfg2_psi-0.23_mu-0.35_sps0.1","inflation",-0.23,-0.35,-0.58,0.6034,"bias-dominated",0.1,12,0,1000,0.6179,0.0145,0.1072,0.1063,0.256,0.876,0.1555,0.635,0.115,0,NA
"main","cfg2_psi-0.23_mu-0.4_sps0.1","inflation",-0.23,-0.4,-0.63,0.6349,"bias-dominated",0.1,12,0,1000,0.6507,0.0157,0.1081,0.107,0.448,0.833,0.1444,0.605,0.052,0,NA
"mirror","cfg2_psi-0.23_mu0.05_sps0.1","shrinkage",-0.23,0.05,-0.18,0.1786,"effect-dominated",0.1,12,0,1000,0.22,0.0414,0.1121,0.1042,0.834,0.983,0.1519,0.62,0.62,0.62,0
"mirror","cfg2_psi-0.23_mu0.1_sps0.1","shrinkage",-0.23,0.1,-0.13,0.303,"effect-dominated",0.1,12,0,1000,0.3318,0.0288,0.1184,0.1149,0.89,0.771,0.1265,0.634,0.634,0.634,0
"mirror","cfg2_psi-0.23_mu0.15_sps0.1","shrinkage",-0.23,0.15,-0.08,0.3947,"mixed",0.1,12,0,1000,0.4141,0.0193,0.1206,0.1191,0.027,0.387,0.0732,0.64,0.64,0.64,0
"mirror","cfg2_psi-0.23_mu0.2_sps0.1","shrinkage",-0.23,0.2,-0.03,0.4651,"mixed",0.1,12,0,1000,0.4905,0.0254,0.1262,0.1237,0.008,0.112,0.04,0.617,0.59,0.59,0
"mirror","cfg2_psi-0.23_mu0.25_sps0.1","reversal",-0.23,0.25,0.02,0.5208,"bias-dominated",0.1,12,0,1000,0.5409,0.02,0.1172,0.1155,0.578,0.06,0.0271,0.621,0.418,0.418,1
"mirror","cfg2_psi-0.23_mu0.3_sps0.1","reversal",-0.23,0.3,0.07,0.566,"bias-dominated",0.1,12,0,1000,0.585,0.0189,0.1084,0.1068,0.784,0.175,0.0283,0.62,0.215,0.215,1
"mirror","cfg2_psi-0.23_mu0.35_sps0.1","reversal",-0.23,0.35,0.12,0.6034,"bias-dominated",0.1,12,0,1000,0.6136,0.0101,0.1052,0.1048,0.877,0.248,0.0348,0.643,0.123,0.123,1
"mirror","cfg2_psi-0.23_mu0.4_sps0.1","reversal",-0.23,0.4,0.17,0.6349,"bias-dominated",0.1,12,0,1000,0.6522,0.0173,0.11,0.1087,0.957,0.269,0.0423,0.609,0.043,0.043,1
"main","cfg2_psi-0.27_mu-0.05_sps0.1","inflation",-0.27,-0.05,-0.32,0.1562,"effect-dominated",0.1,12,0,1000,0.1834,0.0271,0.0989,0.0952,0.639,0.999,0.2166,0.767,0.767,0.637,0
"main","cfg2_psi-0.27_mu-0.1_sps0.1","inflation",-0.27,-0.1,-0.37,0.2703,"effect-dominated",0.1,12,0,1000,0.2916,0.0213,0.1045,0.1023,0.453,0.994,0.2344,0.767,0.767,0.452,0
"main","cfg2_psi-0.27_mu-0.15_sps0.1","inflation",-0.27,-0.15,-0.42,0.3571,"mixed",0.1,12,0,1000,0.3862,0.0291,0.1208,0.1173,0.741,0.977,0.2179,0.739,0.739,0.255,0
"main","cfg2_psi-0.27_mu-0.2_sps0.1","inflation",-0.27,-0.2,-0.47,0.4255,"mixed",0.1,12,0,1000,0.4443,0.0188,0.1131,0.1116,0.845,0.952,0.1949,0.752,0.725,0.147,0
"main","cfg2_psi-0.27_mu-0.25_sps0.1","inflation",-0.27,-0.25,-0.52,0.4808,"mixed",0.1,12,0,1000,0.4977,0.0169,0.1054,0.1041,0.914,0.933,0.1772,0.753,0.579,0.069,0
"main","cfg2_psi-0.27_mu-0.3_sps0.1","inflation",-0.27,-0.3,-0.57,0.5263,"bias-dominated",0.1,12,0,1000,0.5436,0.0173,0.1059,0.1045,0.067,0.909,0.1595,0.768,0.391,0.016,1
"main","cfg2_psi-0.27_mu-0.35_sps0.1","inflation",-0.27,-0.35,-0.62,0.5645,"bias-dominated",0.1,12,0,1000,0.5767,0.0122,0.1005,0.0998,0.155,0.888,0.1462,0.771,0.22,0.003,1
"main","cfg2_psi-0.27_mu-0.4_sps0.1","inflation",-0.27,-0.4,-0.67,0.597,"bias-dominated",0.1,12,0,1000,0.6096,0.0126,0.0986,0.0978,0.307,0.85,0.1352,0.768,0.111,0.003,1
"mirror","cfg2_psi-0.27_mu0.05_sps0.1","shrinkage",-0.27,0.05,-0.22,0.1562,"effect-dominated",0.1,12,0,1000,0.1913,0.035,0.0984,0.092,0.892,0.984,0.1396,0.753,0.753,0.753,0
"mirror","cfg2_psi-0.27_mu0.1_sps0.1","shrinkage",-0.27,0.1,-0.17,0.2703,"effect-dominated",0.1,12,0,1000,0.2929,0.0226,0.1022,0.0997,0.95,0.858,0.1249,0.765,0.765,0.765,0
"mirror","cfg2_psi-0.27_mu0.15_sps0.1","shrinkage",-0.27,0.15,-0.12,0.3571,"mixed",0.1,12,0,1000,0.3727,0.0156,0.102,0.1009,0.008,0.535,0.0759,0.77,0.77,0.77,0
"mirror","cfg2_psi-0.27_mu0.2_sps0.1","shrinkage",-0.27,0.2,-0.07,0.4255,"mixed",0.1,12,0,1000,0.4427,0.0171,0.1046,0.1032,0.004,0.249,0.0419,0.777,0.758,0.758,0
"mirror","cfg2_psi-0.27_mu0.25_sps0.1","shrinkage",-0.27,0.25,-0.02,0.4808,"mixed",0.1,12,0,1000,0.501,0.0202,0.1096,0.1078,0.001,0.059,0.0252,0.758,0.571,0.571,0
"mirror","cfg2_psi-0.27_mu0.3_sps0.1","reversal",-0.27,0.3,0.03,0.5263,"bias-dominated",0.1,12,0,1000,0.5463,0.02,0.1009,0.0989,0.65,0.079,0.0201,0.747,0.349,0.349,1
"mirror","cfg2_psi-0.27_mu0.35_sps0.1","reversal",-0.27,0.35,0.08,0.5645,"bias-dominated",0.1,12,0,1000,0.5796,0.0151,0.0975,0.0963,0.791,0.159,0.0219,0.758,0.209,0.209,1
"mirror","cfg2_psi-0.27_mu0.4_sps0.1","reversal",-0.27,0.4,0.13,0.597,"bias-dominated",0.1,12,0,1000,0.612,0.015,0.0957,0.0945,0.897,0.207,0.0295,0.742,0.103,0.103,1
"main","cfg2_psi-0.31_mu-0.05_sps0.1","inflation",-0.31,-0.05,-0.36,0.1389,"effect-dominated",0.1,12,0,1000,0.1581,0.0192,0.0739,0.0714,0.748,0.999,0.1917,0.856,0.856,0.748,0
"main","cfg2_psi-0.31_mu-0.1_sps0.1","inflation",-0.31,-0.1,-0.41,0.2439,"effect-dominated",0.1,12,0,1000,0.2613,0.0174,0.0886,0.0869,0.598,0.998,0.212,0.866,0.866,0.598,0
"main","cfg2_psi-0.31_mu-0.15_sps0.1","inflation",-0.31,-0.15,-0.46,0.3261,"effect-dominated",0.1,12,0,1000,0.3469,0.0208,0.0979,0.0957,0.409,0.989,0.1991,0.838,0.838,0.409,0
"main","cfg2_psi-0.31_mu-0.2_sps0.1","inflation",-0.31,-0.2,-0.51,0.3922,"mixed",0.1,12,0,1000,0.4087,0.0166,0.0957,0.0943,0.755,0.973,0.1806,0.871,0.85,0.242,0
"main","cfg2_psi-0.31_mu-0.25_sps0.1","inflation",-0.31,-0.25,-0.56,0.4464,"mixed",0.1,12,0,1000,0.4597,0.0132,0.0939,0.0931,0.868,0.945,0.1646,0.859,0.72,0.127,0
"main","cfg2_psi-0.31_mu-0.3_sps0.1","inflation",-0.31,-0.3,-0.61,0.4918,"mixed",0.1,12,0,1000,0.5042,0.0124,0.0919,0.0911,0.917,0.923,0.1504,0.869,0.548,0.046,0
"main","cfg2_psi-0.31_mu-0.35_sps0.1","inflation",-0.31,-0.35,-0.66,0.5303,"bias-dominated",0.1,12,0,1000,0.5391,0.0088,0.089,0.0886,0.081,0.904,0.138,0.873,0.363,0.02,1
"main","cfg2_psi-0.31_mu-0.4_sps0.1","inflation",-0.31,-0.4,-0.71,0.5634,"bias-dominated",0.1,12,0,1000,0.5742,0.0108,0.091,0.0904,0.195,0.866,0.1273,0.853,0.207,0.008,1
"mirror","cfg2_psi-0.31_mu0.05_sps0.1","shrinkage",-0.31,0.05,-0.26,0.1389,"effect-dominated",0.1,12,0,1000,0.1635,0.0246,0.0749,0.0707,0.958,0.989,0.1275,0.86,0.86,0.86,0
"mirror","cfg2_psi-0.31_mu0.1_sps0.1","shrinkage",-0.31,0.1,-0.21,0.2439,"effect-dominated",0.1,12,0,1000,0.266,0.0221,0.0888,0.0861,0.969,0.917,0.1228,0.839,0.839,0.839,0
"mirror","cfg2_psi-0.31_mu0.15_sps0.1","shrinkage",-0.31,0.15,-0.16,0.3261,"effect-dominated",0.1,12,0,1000,0.3402,0.0141,0.085,0.0839,0.954,0.654,0.0783,0.857,0.857,0.857,0
"mirror","cfg2_psi-0.31_mu0.2_sps0.1","shrinkage",-0.31,0.2,-0.11,0.3922,"mixed",0.1,12,0,1000,0.4042,0.012,0.0864,0.0856,0.002,0.396,0.0465,0.882,0.866,0.866,0
"mirror","cfg2_psi-0.31_mu0.25_sps0.1","shrinkage",-0.31,0.25,-0.06,0.4464,"mixed",0.1,12,0,1000,0.4643,0.0179,0.0969,0.0953,0,0.175,0.026,0.865,0.714,0.714,0
"mirror","cfg2_psi-0.31_mu0.3_sps0.1","shrinkage",-0.31,0.3,-0.01,0.4918,"mixed",0.1,12,0,1000,0.5077,0.0159,0.0877,0.0863,0.001,0.024,0.017,0.867,0.522,0.522,0
"mirror","cfg2_psi-0.31_mu0.35_sps0.1","reversal",-0.31,0.35,0.04,0.5303,"bias-dominated",0.1,12,0,1000,0.5452,0.0149,0.0888,0.0876,0.654,0.079,0.0152,0.857,0.346,0.346,1
"mirror","cfg2_psi-0.31_mu0.4_sps0.1","reversal",-0.31,0.4,0.09,0.5634,"bias-dominated",0.1,12,0,1000,0.5763,0.0129,0.0866,0.0857,0.81,0.151,0.0189,0.86,0.19,0.19,1
"main","cfg2_psi-0.36_mu-0.05_sps0.1","inflation",-0.36,-0.05,-0.41,0.122,"effect-dominated",0.1,12,0,1000,0.1359,0.0139,0.057,0.0553,0.876,1,0.1682,0.93,0.93,0.875,0
"main","cfg2_psi-0.36_mu-0.1_sps0.1","inflation",-0.36,-0.1,-0.46,0.2174,"effect-dominated",0.1,12,0,1000,0.2297,0.0123,0.0692,0.0682,0.771,0.999,0.1898,0.942,0.942,0.771,0
"main","cfg2_psi-0.36_mu-0.15_sps0.1","inflation",-0.36,-0.15,-0.51,0.2941,"effect-dominated",0.1,12,0,1000,0.3087,0.0146,0.078,0.0766,0.598,0.989,0.1796,0.94,0.94,0.598,0
"main","cfg2_psi-0.36_mu-0.2_sps0.1","inflation",-0.36,-0.2,-0.56,0.3571,"mixed",0.1,12,0,1000,0.3693,0.0122,0.0775,0.0766,0.59,0.987,0.1638,0.945,0.939,0.409,0
"main","cfg2_psi-0.36_mu-0.25_sps0.1","inflation",-0.36,-0.25,-0.61,0.4098,"mixed",0.1,12,0,1000,0.4201,0.0103,0.0774,0.0768,0.753,0.975,0.1503,0.95,0.858,0.246,0
"main","cfg2_psi-0.36_mu-0.3_sps0.1","inflation",-0.36,-0.3,-0.66,0.4545,"mixed",0.1,12,0,1000,0.4668,0.0122,0.0781,0.0772,0.889,0.942,0.1394,0.939,0.713,0.103,0
"main","cfg2_psi-0.36_mu-0.35_sps0.1","inflation",-0.36,-0.35,-0.71,0.493,"mixed",0.1,12,0,1000,0.4971,0.0041,0.0735,0.0735,0.917,0.921,0.1283,0.962,0.581,0.057,0
"main","cfg2_psi-0.36_mu-0.4_sps0.1","inflation",-0.36,-0.4,-0.76,0.5263,"bias-dominated",0.1,12,0,1000,0.5346,0.0082,0.0815,0.0811,0.095,0.894,0.1186,0.936,0.373,0.024,1
"mirror","cfg2_psi-0.36_mu0.05_sps0.1","shrinkage",-0.36,0.05,-0.31,0.122,"effect-dominated",0.1,12,0,1000,0.1406,0.0187,0.0549,0.0516,0.984,0.997,0.1167,0.94,0.94,0.94,0
"mirror","cfg2_psi-0.36_mu0.1_sps0.1","shrinkage",-0.36,0.1,-0.26,0.2174,"effect-dominated",0.1,12,0,1000,0.2314,0.014,0.0631,0.0615,0.995,0.96,0.1177,0.936,0.936,0.936,0
"mirror","cfg2_psi-0.36_mu0.15_sps0.1","shrinkage",-0.36,0.15,-0.21,0.2941,"effect-dominated",0.1,12,0,1000,0.3058,0.0116,0.0704,0.0695,0.987,0.772,0.0805,0.951,0.951,0.951,0
"mirror","cfg2_psi-0.36_mu0.2_sps0.1","shrinkage",-0.36,0.2,-0.16,0.3571,"mixed",0.1,12,0,1000,0.3645,0.0074,0.0736,0.0733,0,0.54,0.0519,0.952,0.945,0.945,0
"mirror","cfg2_psi-0.36_mu0.25_sps0.1","shrinkage",-0.36,0.25,-0.11,0.4098,"mixed",0.1,12,0,1000,0.4247,0.0149,0.0799,0.0785,0,0.311,0.031,0.947,0.854,0.854,0
"mirror","cfg2_psi-0.36_mu0.3_sps0.1","shrinkage",-0.36,0.3,-0.06,0.4545,"mixed",0.1,12,0,1000,0.4675,0.0129,0.076,0.0749,0,0.129,0.018,0.94,0.73,0.73,0
"mirror","cfg2_psi-0.36_mu0.35_sps0.1","shrinkage",-0.36,0.35,-0.01,0.493,"mixed",0.1,12,0,1000,0.5023,0.0093,0.076,0.0754,0,0.021,0.0127,0.944,0.554,0.554,0
"mirror","cfg2_psi-0.36_mu0.4_sps0.1","reversal",-0.36,0.4,0.04,0.5263,"bias-dominated",0.1,12,0,1000,0.5358,0.0095,0.071,0.0704,0.665,0.079,0.0114,0.958,0.335,0.335,1
"main","cfg2_psi-0.4_mu-0.05_sps0.1","inflation",-0.4,-0.05,-0.45,0.1111,"effect-dominated",0.1,12,0,1000,0.1217,0.0106,0.0464,0.0452,0.944,1,0.1519,0.973,0.973,0.943,0
"main","cfg2_psi-0.4_mu-0.1_sps0.1","inflation",-0.4,-0.1,-0.5,0.2,"effect-dominated",0.1,12,0,1000,0.2069,0.0069,0.0578,0.0574,0.879,0.999,0.1726,0.975,0.975,0.879,0
"main","cfg2_psi-0.4_mu-0.15_sps0.1","inflation",-0.4,-0.15,-0.55,0.2727,"effect-dominated",0.1,12,0,1000,0.2819,0.0092,0.0638,0.0632,0.742,0.995,0.1657,0.982,0.982,0.742,0
"main","cfg2_psi-0.4_mu-0.2_sps0.1","inflation",-0.4,-0.2,-0.6,0.3333,"mixed",0.1,12,0,1000,0.3446,0.0112,0.0697,0.0688,0.458,0.987,0.1542,0.977,0.969,0.542,0
"main","cfg2_psi-0.4_mu-0.25_sps0.1","inflation",-0.4,-0.25,-0.65,0.3846,"mixed",0.1,12,0,1000,0.3942,0.0096,0.0723,0.0717,0.605,0.972,0.1407,0.974,0.917,0.394,0
"main","cfg2_psi-0.4_mu-0.3_sps0.1","inflation",-0.4,-0.3,-0.7,0.4286,"mixed",0.1,12,0,1000,0.4419,0.0133,0.0718,0.0706,0.802,0.947,0.1321,0.972,0.816,0.194,0
"main","cfg2_psi-0.4_mu-0.35_sps0.1","inflation",-0.4,-0.35,-0.75,0.4667,"mixed",0.1,12,0,1000,0.4712,0.0046,0.068,0.0679,0.883,0.928,0.1218,0.975,0.71,0.101,0
"main","cfg2_psi-0.4_mu-0.4_sps0.1","inflation",-0.4,-0.4,-0.8,0.5,"mixed",0.1,12,0,1000,0.5063,0.0063,0.0734,0.0731,0.905,0.905,0.1134,0.971,0.52,0.047,0
"mirror","cfg2_psi-0.4_mu0.05_sps0.1","shrinkage",-0.4,0.05,-0.35,0.1111,"effect-dominated",0.1,12,0,1000,0.1267,0.0156,0.0438,0.0409,0.993,0.999,0.1097,0.972,0.972,0.972,0
"mirror","cfg2_psi-0.4_mu0.1_sps0.1","shrinkage",-0.4,0.1,-0.3,0.2,"effect-dominated",0.1,12,0,1000,0.2115,0.0115,0.0528,0.0516,0.997,0.989,0.1134,0.971,0.971,0.971,0
"mirror","cfg2_psi-0.4_mu0.15_sps0.1","shrinkage",-0.4,0.15,-0.25,0.2727,"effect-dominated",0.1,12,0,1000,0.2827,0.0099,0.0598,0.059,0.995,0.867,0.0816,0.98,0.98,0.98,0
"mirror","cfg2_psi-0.4_mu0.2_sps0.1","shrinkage",-0.4,0.2,-0.2,0.3333,"mixed",0.1,12,0,1000,0.3411,0.0077,0.0651,0.0647,0,0.622,0.055,0.981,0.976,0.976,0
"mirror","cfg2_psi-0.4_mu0.25_sps0.1","shrinkage",-0.4,0.25,-0.15,0.3846,"mixed",0.1,12,0,1000,0.3951,0.0105,0.0672,0.0664,0,0.42,0.0358,0.978,0.926,0.926,0
"mirror","cfg2_psi-0.4_mu0.3_sps0.1","shrinkage",-0.4,0.3,-0.1,0.4286,"mixed",0.1,12,0,1000,0.4384,0.0098,0.0691,0.0684,0,0.227,0.0214,0.976,0.845,0.845,0
"mirror","cfg2_psi-0.4_mu0.35_sps0.1","shrinkage",-0.4,0.35,-0.05,0.4667,"mixed",0.1,12,0,1000,0.4737,0.0071,0.0674,0.0671,0,0.105,0.0136,0.978,0.703,0.703,0
"mirror","cfg2_psi-0.4_mu0.4_sps0.1","cancellation",-0.4,0.4,0,0.5,"mixed",0.1,12,0,1000,0.5061,0.0061,0.0643,0.064,0,0,0.0096,0.98,0.512,0.512,0
"main","cfg3_psi-0.01_mu-0.05_sps0.06","inflation",-0.01,-0.05,-0.06,0.8333,"bias-dominated",0.06,25,0,1000,0.5343,-0.2991,0.3393,0.1603,0.026,0.64,0.4078,0.052,0.052,0.02,1
"main","cfg3_psi-0.01_mu-0.1_sps0.06","inflation",-0.01,-0.1,-0.11,0.9091,"bias-dominated",0.06,25,0,1000,0.6871,-0.222,0.2569,0.1294,0.344,0.69,0.2687,0.039,0.039,0.013,1
"main","cfg3_psi-0.01_mu-0.15_sps0.06","inflation",-0.01,-0.15,-0.16,0.9375,"bias-dominated",0.06,25,0,1000,0.7544,-0.1831,0.214,0.1109,0.694,0.651,0.1875,0.048,0.017,0.005,1
"main","cfg3_psi-0.01_mu-0.2_sps0.06","inflation",-0.01,-0.2,-0.21,0.9524,"bias-dominated",0.06,25,0,1000,0.8037,-0.1486,0.1783,0.0985,0.881,0.663,0.147,0.051,0,0,NA
"main","cfg3_psi-0.01_mu-0.25_sps0.06","inflation",-0.01,-0.25,-0.26,0.9615,"bias-dominated",0.06,25,0,1000,0.8357,-0.1259,0.152,0.0852,0.98,0.675,0.1218,0.056,0,0,NA
"main","cfg3_psi-0.01_mu-0.3_sps0.06","inflation",-0.01,-0.3,-0.31,0.9677,"bias-dominated",0.06,25,0,1000,0.8588,-0.109,0.1327,0.0758,0.997,0.672,0.1062,0.053,0,0,NA
"main","cfg3_psi-0.01_mu-0.35_sps0.06","inflation",-0.01,-0.35,-0.36,0.9722,"bias-dominated",0.06,25,0,1000,0.8757,-0.0965,0.1185,0.0689,1,0.688,0.0957,0.055,0,0,NA
"main","cfg3_psi-0.01_mu-0.4_sps0.06","inflation",-0.01,-0.4,-0.41,0.9756,"bias-dominated",0.06,25,0,1000,0.8893,-0.0863,0.1066,0.0626,1,0.683,0.0856,0.051,0,0,NA
"mirror","cfg3_psi-0.01_mu0.05_sps0.06","reversal",-0.01,0.05,0.04,0.8333,"bias-dominated",0.06,25,0,1000,0.5312,-0.3021,0.34,0.1561,0.027,0.58,0.3781,0.065,0.065,0.051,1
"mirror","cfg3_psi-0.01_mu0.1_sps0.06","reversal",-0.01,0.1,0.09,0.9091,"bias-dominated",0.06,25,0,1000,0.6844,-0.2247,0.2602,0.1312,0.454,0.65,0.2302,0.053,0.05,0.035,1
"mirror","cfg3_psi-0.01_mu0.15_sps0.06","reversal",-0.01,0.15,0.14,0.9375,"bias-dominated",0.06,25,0,1000,0.759,-0.1785,0.213,0.1162,0.777,0.663,0.163,0.062,0.013,0.008,1
"mirror","cfg3_psi-0.01_mu0.2_sps0.06","reversal",-0.01,0.2,0.19,0.9524,"bias-dominated",0.06,25,0,1000,0.8061,-0.1463,0.1749,0.0958,0.943,0.67,0.1316,0.048,0.002,0.001,1
"mirror","cfg3_psi-0.01_mu0.25_sps0.06","reversal",-0.01,0.25,0.24,0.9615,"bias-dominated",0.06,25,0,1000,0.8374,-0.1242,0.1504,0.0849,0.988,0.669,0.1143,0.057,0,0,NA
"mirror","cfg3_psi-0.01_mu0.3_sps0.06","reversal",-0.01,0.3,0.29,0.9677,"bias-dominated",0.06,25,0,1000,0.86,-0.1077,0.1326,0.0775,0.999,0.677,0.1001,0.048,0,0,NA
"mirror","cfg3_psi-0.01_mu0.35_sps0.06","reversal",-0.01,0.35,0.34,0.9722,"bias-dominated",0.06,25,0,1000,0.8763,-0.0959,0.1178,0.0684,1,0.676,0.09,0.055,0,0,NA
"mirror","cfg3_psi-0.01_mu0.4_sps0.06","reversal",-0.01,0.4,0.39,0.9756,"bias-dominated",0.06,25,0,1000,0.8911,-0.0845,0.1057,0.0635,1,0.701,0.0817,0.049,0,0,NA
"main","cfg3_psi-0.05_mu-0.05_sps0.06","inflation",-0.05,-0.05,-0.1,0.5,"mixed",0.06,25,0,1000,0.4902,-0.0098,0.1771,0.1769,0.901,0.901,0.3952,0.126,0.126,0.046,0
"main","cfg3_psi-0.05_mu-0.1_sps0.06","inflation",-0.05,-0.1,-0.15,0.6667,"bias-dominated",0.06,25,0,1000,0.6383,-0.0284,0.1571,0.1546,0.17,0.883,0.283,0.128,0.128,0.008,1
"main","cfg3_psi-0.05_mu-0.15_sps0.06","inflation",-0.05,-0.15,-0.2,0.75,"bias-dominated",0.06,25,0,1000,0.7223,-0.0277,0.1326,0.1298,0.463,0.879,0.2098,0.108,0.051,0.001,1
"main","cfg3_psi-0.05_mu-0.2_sps0.06","inflation",-0.05,-0.2,-0.25,0.8,"bias-dominated",0.06,25,0,1000,0.767,-0.033,0.12,0.1154,0.717,0.86,0.1733,0.132,0.008,0,NA
"main","cfg3_psi-0.05_mu-0.25_sps0.06","inflation",-0.05,-0.25,-0.3,0.8333,"bias-dominated",0.06,25,0,1000,0.8045,-0.0288,0.1064,0.1025,0.928,0.841,0.145,0.125,0,0,NA
"main","cfg3_psi-0.05_mu-0.3_sps0.06","inflation",-0.05,-0.3,-0.35,0.8571,"bias-dominated",0.06,25,0,1000,0.8251,-0.0321,0.0963,0.0908,0.987,0.826,0.1263,0.135,0,0,NA
"main","cfg3_psi-0.05_mu-0.35_sps0.06","inflation",-0.05,-0.35,-0.4,0.875,"bias-dominated",0.06,25,0,1000,0.8503,-0.0247,0.0868,0.0832,1,0.838,0.1112,0.126,0,0,NA
"main","cfg3_psi-0.05_mu-0.4_sps0.06","inflation",-0.05,-0.4,-0.45,0.8889,"bias-dominated",0.06,25,0,1000,0.8628,-0.0261,0.0785,0.0741,1,0.828,0.0992,0.121,0,0,NA
"mirror","cfg3_psi-0.05_mu0.05_sps0.06","cancellation",-0.05,0.05,0,0.5,"mixed",0.06,25,0,1000,0.4814,-0.0186,0.161,0.16,0.553,0.553,0.1837,0.127,0.127,0.125,0
"mirror","cfg3_psi-0.05_mu0.1_sps0.06","reversal",-0.05,0.1,0.05,0.6667,"bias-dominated",0.06,25,0,1000,0.6277,-0.039,0.1515,0.1464,0.531,0.639,0.1507,0.135,0.133,0.131,1
"mirror","cfg3_psi-0.05_mu0.15_sps0.06","reversal",-0.05,0.15,0.1,0.75,"bias-dominated",0.06,25,0,1000,0.7183,-0.0317,0.1282,0.1243,0.872,0.75,0.1388,0.123,0.047,0.047,1
"mirror","cfg3_psi-0.05_mu0.2_sps0.06","reversal",-0.05,0.2,0.15,0.8,"bias-dominated",0.06,25,0,1000,0.7713,-0.0287,0.1156,0.1121,0.988,0.743,0.1195,0.125,0,0,NA
"mirror","cfg3_psi-0.05_mu0.25_sps0.06","reversal",-0.05,0.25,0.2,0.8333,"bias-dominated",0.06,25,0,1000,0.8077,-0.0256,0.1031,0.0999,0.999,0.767,0.1045,0.124,0,0,NA
"mirror","cfg3_psi-0.05_mu0.3_sps0.06","reversal",-0.05,0.3,0.25,0.8571,"bias-dominated",0.06,25,0,1000,0.8308,-0.0264,0.0954,0.0917,1,0.771,0.0928,0.136,0,0,NA
"mirror","cfg3_psi-0.05_mu0.35_sps0.06","reversal",-0.05,0.35,0.3,0.875,"bias-dominated",0.06,25,0,1000,0.8517,-0.0233,0.0845,0.0812,1,0.78,0.084,0.12,0,0,NA
"mirror","cfg3_psi-0.05_mu0.4_sps0.06","reversal",-0.05,0.4,0.35,0.8889,"bias-dominated",0.06,25,0,1000,0.8642,-0.0247,0.0782,0.0742,1,0.782,0.0773,0.119,0,0,NA
"main","cfg3_psi-0.1_mu-0.05_sps0.06","inflation",-0.1,-0.05,-0.15,0.3333,"mixed",0.06,25,0,1000,0.3819,0.0486,0.1718,0.1649,0.817,0.988,0.3321,0.357,0.357,0.178,0
"main","cfg3_psi-0.1_mu-0.1_sps0.06","inflation",-0.1,-0.1,-0.2,0.5,"mixed",0.06,25,0,1000,0.5251,0.0251,0.1535,0.1515,0.914,0.914,0.2633,0.358,0.357,0.048,0
"main","cfg3_psi-0.1_mu-0.15_sps0.06","inflation",-0.1,-0.15,-0.25,0.6,"bias-dominated",0.06,25,0,1000,0.6222,0.0222,0.1421,0.1404,0.186,0.848,0.2059,0.363,0.219,0.008,1
"main","cfg3_psi-0.1_mu-0.2_sps0.06","inflation",-0.1,-0.2,-0.3,0.6667,"bias-dominated",0.06,25,0,1000,0.6825,0.0159,0.1261,0.1251,0.461,0.809,0.1714,0.355,0.055,0.001,1
"main","cfg3_psi-0.1_mu-0.25_sps0.06","inflation",-0.1,-0.25,-0.35,0.7143,"bias-dominated",0.06,25,0,1000,0.7256,0.0113,0.1133,0.1127,0.743,0.785,0.1465,0.351,0.011,0,NA
"main","cfg3_psi-0.1_mu-0.3_sps0.06","inflation",-0.1,-0.3,-0.4,0.75,"bias-dominated",0.06,25,0,1000,0.7575,0.0075,0.104,0.1038,0.926,0.747,0.1259,0.357,0.001,0,NA
"main","cfg3_psi-0.1_mu-0.35_sps0.06","inflation",-0.1,-0.35,-0.45,0.7778,"bias-dominated",0.06,25,0,1000,0.7883,0.0105,0.0945,0.0939,0.989,0.76,0.1142,0.345,0,0,NA
"main","cfg3_psi-0.1_mu-0.4_sps0.06","inflation",-0.1,-0.4,-0.5,0.8,"bias-dominated",0.06,25,0,1000,0.8028,0.0028,0.0882,0.0882,0.999,0.719,0.1014,0.383,0,0,NA
"mirror","cfg3_psi-0.1_mu0.05_sps0.06","shrinkage",-0.1,0.05,-0.05,0.3333,"mixed",0.06,25,0,1000,0.3756,0.0422,0.1546,0.1488,0.265,0.768,0.152,0.351,0.351,0.351,0
"mirror","cfg3_psi-0.1_mu0.1_sps0.06","cancellation",-0.1,0.1,0,0.5,"mixed",0.06,25,0,1000,0.5196,0.0196,0.1442,0.143,0.066,0.066,0.0606,0.371,0.369,0.369,0
"mirror","cfg3_psi-0.1_mu0.15_sps0.06","reversal",-0.1,0.15,0.05,0.6,"bias-dominated",0.06,25,0,1000,0.6256,0.0256,0.1406,0.1383,0.793,0.279,0.0579,0.348,0.191,0.191,1
"mirror","cfg3_psi-0.1_mu0.2_sps0.06","reversal",-0.1,0.2,0.1,0.6667,"bias-dominated",0.06,25,0,1000,0.6889,0.0223,0.1261,0.1241,0.962,0.366,0.0723,0.341,0.038,0.038,1
"mirror","cfg3_psi-0.1_mu0.25_sps0.06","reversal",-0.1,0.25,0.15,0.7143,"bias-dominated",0.06,25,0,1000,0.7303,0.016,0.1124,0.1113,0.996,0.434,0.0761,0.325,0.004,0.004,1
"mirror","cfg3_psi-0.1_mu0.3_sps0.06","reversal",-0.1,0.3,0.2,0.75,"bias-dominated",0.06,25,0,1000,0.7603,0.0103,0.1011,0.1006,0.999,0.476,0.075,0.349,0.001,0.001,1
"mirror","cfg3_psi-0.1_mu0.35_sps0.06","reversal",-0.1,0.35,0.25,0.7778,"bias-dominated",0.06,25,0,1000,0.783,0.0052,0.0917,0.0916,1,0.504,0.0707,0.36,0,0,NA
"mirror","cfg3_psi-0.1_mu0.4_sps0.06","reversal",-0.1,0.4,0.3,0.8,"bias-dominated",0.06,25,0,1000,0.803,0.003,0.0848,0.0848,1,0.537,0.0663,0.373,0,0,NA
"main","cfg3_psi-0.14_mu-0.05_sps0.06","inflation",-0.14,-0.05,-0.19,0.2632,"effect-dominated",0.06,25,0,1000,0.3006,0.0374,0.1375,0.1324,0.368,0.997,0.2632,0.571,0.571,0.366,0
"main","cfg3_psi-0.14_mu-0.1_sps0.06","inflation",-0.14,-0.1,-0.24,0.4167,"mixed",0.06,25,0,1000,0.4386,0.022,0.1281,0.1263,0.842,0.963,0.2223,0.632,0.63,0.148,0
"main","cfg3_psi-0.14_mu-0.15_sps0.06","inflation",-0.14,-0.15,-0.29,0.5172,"bias-dominated",0.06,25,0,1000,0.5384,0.0212,0.127,0.1253,0.054,0.899,0.184,0.618,0.431,0.038,1
"main","cfg3_psi-0.14_mu-0.2_sps0.06","inflation",-0.14,-0.2,-0.34,0.5882,"bias-dominated",0.06,25,0,1000,0.6049,0.0167,0.1155,0.1143,0.223,0.849,0.1588,0.602,0.171,0.005,1
"main","cfg3_psi-0.14_mu-0.25_sps0.06","inflation",-0.14,-0.25,-0.39,0.641,"bias-dominated",0.06,25,0,1000,0.6587,0.0177,0.1076,0.1061,0.53,0.817,0.1381,0.596,0.037,0,NA
"main","cfg3_psi-0.14_mu-0.3_sps0.06","inflation",-0.14,-0.3,-0.44,0.6818,"bias-dominated",0.06,25,0,1000,0.6932,0.0113,0.0996,0.099,0.779,0.788,0.1203,0.617,0.004,0,NA
"main","cfg3_psi-0.14_mu-0.35_sps0.06","inflation",-0.14,-0.35,-0.49,0.7143,"bias-dominated",0.06,25,0,1000,0.7237,0.0094,0.0869,0.0864,0.945,0.803,0.1099,0.612,0,0,NA
"main","cfg3_psi-0.14_mu-0.4_sps0.06","inflation",-0.14,-0.4,-0.54,0.7407,"bias-dominated",0.06,25,0,1000,0.7492,0.0084,0.0836,0.0832,0.993,0.779,0.0981,0.618,0,0,NA
"mirror","cfg3_psi-0.14_mu0.05_sps0.06","shrinkage",-0.14,0.05,-0.09,0.2632,"effect-dominated",0.06,25,0,1000,0.2994,0.0363,0.1249,0.1195,0.88,0.888,0.1415,0.607,0.607,0.607,0
"mirror","cfg3_psi-0.14_mu0.1_sps0.06","shrinkage",-0.14,0.1,-0.04,0.4167,"mixed",0.06,25,0,1000,0.4444,0.0277,0.129,0.126,0.018,0.284,0.0584,0.612,0.608,0.608,0
"mirror","cfg3_psi-0.14_mu0.15_sps0.06","reversal",-0.14,0.15,0.01,0.5172,"bias-dominated",0.06,25,0,1000,0.5451,0.0279,0.1223,0.1191,0.576,0.057,0.0272,0.597,0.421,0.421,1
"mirror","cfg3_psi-0.14_mu0.2_sps0.06","reversal",-0.14,0.2,0.06,0.5882,"bias-dominated",0.06,25,0,1000,0.6102,0.0219,0.1147,0.1127,0.843,0.214,0.0331,0.598,0.157,0.157,1
"mirror","cfg3_psi-0.14_mu0.25_sps0.06","reversal",-0.14,0.25,0.11,0.641,"bias-dominated",0.06,25,0,1000,0.6606,0.0196,0.1066,0.1049,0.965,0.306,0.0438,0.593,0.035,0.035,1
"mirror","cfg3_psi-0.14_mu0.3_sps0.06","reversal",-0.14,0.3,0.16,0.6818,"bias-dominated",0.06,25,0,1000,0.6943,0.0124,0.0922,0.0914,0.999,0.386,0.0471,0.624,0.001,0.001,1
"mirror","cfg3_psi-0.14_mu0.35_sps0.06","reversal",-0.14,0.35,0.21,0.7143,"bias-dominated",0.06,25,0,1000,0.7199,0.0056,0.0847,0.0846,1,0.439,0.0486,0.651,0,0,NA
"mirror","cfg3_psi-0.14_mu0.4_sps0.06","reversal",-0.14,0.4,0.26,0.7407,"bias-dominated",0.06,25,0,1000,0.75,0.0092,0.0838,0.0833,1,0.44,0.0497,0.62,0,0,NA
"main","cfg3_psi-0.18_mu-0.05_sps0.06","inflation",-0.18,-0.05,-0.23,0.2174,"effect-dominated",0.06,25,0,1000,0.2374,0.02,0.0938,0.0917,0.601,0.999,0.2195,0.82,0.82,0.601,0
"main","cfg3_psi-0.18_mu-0.1_sps0.06","inflation",-0.18,-0.1,-0.28,0.3571,"mixed",0.06,25,0,1000,0.3689,0.0117,0.0989,0.0982,0.646,0.976,0.1897,0.843,0.843,0.352,0
"main","cfg3_psi-0.18_mu-0.15_sps0.06","inflation",-0.18,-0.15,-0.33,0.4545,"mixed",0.06,25,0,1000,0.4661,0.0116,0.0945,0.0938,0.869,0.939,0.1634,0.841,0.701,0.122,0
"main","cfg3_psi-0.18_mu-0.2_sps0.06","inflation",-0.18,-0.2,-0.38,0.5263,"bias-dominated",0.06,25,0,1000,0.5398,0.0135,0.0991,0.0982,0.086,0.879,0.143,0.829,0.382,0.033,1
"main","cfg3_psi-0.18_mu-0.25_sps0.06","inflation",-0.18,-0.25,-0.43,0.5814,"bias-dominated",0.06,25,0,1000,0.5986,0.0172,0.0939,0.0924,0.29,0.862,0.1268,0.81,0.122,0.002,1
"main","cfg3_psi-0.18_mu-0.3_sps0.06","inflation",-0.18,-0.3,-0.48,0.625,"bias-dominated",0.06,25,0,1000,0.6337,0.0087,0.0857,0.0853,0.565,0.833,0.1118,0.835,0.032,0.001,1
"main","cfg3_psi-0.18_mu-0.35_sps0.06","inflation",-0.18,-0.35,-0.53,0.6604,"bias-dominated",0.06,25,0,1000,0.667,0.0067,0.0784,0.0782,0.832,0.821,0.1015,0.843,0.002,0,NA
"main","cfg3_psi-0.18_mu-0.4_sps0.06","inflation",-0.18,-0.4,-0.58,0.6897,"bias-dominated",0.06,25,0,1000,0.6988,0.0091,0.0738,0.0732,0.964,0.823,0.0937,0.837,0,0,NA
"mirror","cfg3_psi-0.18_mu0.05_sps0.06","shrinkage",-0.18,0.05,-0.13,0.2174,"effect-dominated",0.06,25,0,1000,0.2366,0.0193,0.0862,0.0841,0.964,0.96,0.1311,0.825,0.825,0.825,0
"mirror","cfg3_psi-0.18_mu0.1_sps0.06","shrinkage",-0.18,0.1,-0.08,0.3571,"mixed",0.06,25,0,1000,0.3795,0.0224,0.0986,0.096,0.004,0.521,0.0632,0.825,0.825,0.825,0
"mirror","cfg3_psi-0.18_mu0.15_sps0.06","shrinkage",-0.18,0.15,-0.03,0.4545,"mixed",0.06,25,0,1000,0.4718,0.0173,0.0952,0.0937,0,0.139,0.0261,0.813,0.685,0.685,0
"mirror","cfg3_psi-0.18_mu0.2_sps0.06","reversal",-0.18,0.2,0.02,0.5263,"bias-dominated",0.06,25,0,1000,0.5425,0.0162,0.0956,0.0942,0.628,0.075,0.0155,0.804,0.372,0.372,1
"mirror","cfg3_psi-0.18_mu0.25_sps0.06","reversal",-0.18,0.25,0.07,0.5814,"bias-dominated",0.06,25,0,1000,0.5978,0.0164,0.091,0.0895,0.89,0.184,0.0228,0.811,0.11,0.11,1
"mirror","cfg3_psi-0.18_mu0.3_sps0.06","reversal",-0.18,0.3,0.12,0.625,"bias-dominated",0.06,25,0,1000,0.6346,0.0096,0.0812,0.0806,0.981,0.28,0.0291,0.824,0.019,0.019,1
"mirror","cfg3_psi-0.18_mu0.35_sps0.06","reversal",-0.18,0.35,0.17,0.6604,"bias-dominated",0.06,25,0,1000,0.6655,0.0051,0.0762,0.0761,0.995,0.358,0.0337,0.846,0.005,0.005,1
"mirror","cfg3_psi-0.18_mu0.4_sps0.06","reversal",-0.18,0.4,0.22,0.6897,"bias-dominated",0.06,25,0,1000,0.6994,0.0098,0.0734,0.0727,1,0.392,0.0373,0.826,0,0,NA
"main","cfg3_psi-0.23_mu-0.05_sps0.06","inflation",-0.23,-0.05,-0.28,0.1786,"effect-dominated",0.06,25,0,1000,0.19,0.0114,0.0623,0.0613,0.859,1,0.1775,0.961,0.961,0.859,0
"main","cfg3_psi-0.23_mu-0.1_sps0.06","inflation",-0.23,-0.1,-0.33,0.303,"effect-dominated",0.06,25,0,1000,0.3112,0.0082,0.069,0.0685,0.66,0.991,0.1622,0.958,0.958,0.66,0
"main","cfg3_psi-0.23_mu-0.15_sps0.06","inflation",-0.23,-0.15,-0.38,0.3947,"mixed",0.06,25,0,1000,0.4032,0.0084,0.0725,0.072,0.677,0.966,0.1438,0.973,0.904,0.32,0
"main","cfg3_psi-0.23_mu-0.2_sps0.06","inflation",-0.23,-0.2,-0.43,0.4651,"mixed",0.06,25,0,1000,0.4702,0.0051,0.0772,0.0771,0.85,0.913,0.1265,0.96,0.694,0.133,0
"main","cfg3_psi-0.23_mu-0.25_sps0.06","inflation",-0.23,-0.25,-0.48,0.5208,"bias-dominated",0.06,25,0,1000,0.5321,0.0113,0.0731,0.0722,0.082,0.901,0.1132,0.953,0.353,0.012,1
"main","cfg3_psi-0.23_mu-0.3_sps0.06","inflation",-0.23,-0.3,-0.53,0.566,"bias-dominated",0.06,25,0,1000,0.571,0.005,0.0697,0.0696,0.258,0.875,0.1015,0.968,0.134,0.003,1
"main","cfg3_psi-0.23_mu-0.35_sps0.06","inflation",-0.23,-0.35,-0.58,0.6034,"bias-dominated",0.06,25,0,1000,0.6068,0.0033,0.0685,0.0684,0.537,0.839,0.0928,0.959,0.035,0,NA
"main","cfg3_psi-0.23_mu-0.4_sps0.06","inflation",-0.23,-0.4,-0.63,0.6349,"bias-dominated",0.06,25,0,1000,0.6395,0.0046,0.0631,0.063,0.839,0.843,0.0861,0.959,0.004,0,NA
"mirror","cfg3_psi-0.23_mu0.05_sps0.06","shrinkage",-0.23,0.05,-0.18,0.1786,"effect-dominated",0.06,25,0,1000,0.1871,0.0086,0.0551,0.0545,0.996,0.987,0.118,0.955,0.955,0.955,0
"mirror","cfg3_psi-0.23_mu0.1_sps0.06","shrinkage",-0.23,0.1,-0.13,0.303,"effect-dominated",0.06,25,0,1000,0.3154,0.0123,0.0651,0.064,0.988,0.749,0.0693,0.972,0.972,0.972,0
"mirror","cfg3_psi-0.23_mu0.15_sps0.06","shrinkage",-0.23,0.15,-0.08,0.3947,"mixed",0.06,25,0,1000,0.4071,0.0124,0.072,0.0709,0,0.381,0.0332,0.963,0.909,0.909,0
"mirror","cfg3_psi-0.23_mu0.2_sps0.06","shrinkage",-0.23,0.2,-0.03,0.4651,"mixed",0.06,25,0,1000,0.4759,0.0108,0.0759,0.0751,0,0.114,0.0155,0.958,0.695,0.695,0
"mirror","cfg3_psi-0.23_mu0.25_sps0.06","reversal",-0.23,0.25,0.02,0.5208,"bias-dominated",0.06,25,0,1000,0.5317,0.0109,0.0723,0.0715,0.637,0.056,0.0104,0.958,0.363,0.363,1
"mirror","cfg3_psi-0.23_mu0.3_sps0.06","reversal",-0.23,0.3,0.07,0.566,"bias-dominated",0.06,25,0,1000,0.5738,0.0077,0.0664,0.066,0.877,0.171,0.0141,0.968,0.123,0.123,1
"mirror","cfg3_psi-0.23_mu0.35_sps0.06","reversal",-0.23,0.35,0.12,0.6034,"bias-dominated",0.06,25,0,1000,0.6086,0.0052,0.0658,0.0656,0.972,0.248,0.0202,0.96,0.028,0.028,1
"mirror","cfg3_psi-0.23_mu0.4_sps0.06","reversal",-0.23,0.4,0.17,0.6349,"bias-dominated",0.06,25,0,1000,0.64,0.0051,0.0597,0.0595,0.997,0.308,0.0237,0.97,0.003,0.003,1
"main","cfg3_psi-0.27_mu-0.05_sps0.06","inflation",-0.27,-0.05,-0.32,0.1562,"effect-dominated",0.06,25,0,1000,0.1627,0.0065,0.048,0.0476,0.957,1,0.1546,0.993,0.993,0.957,0
"main","cfg3_psi-0.27_mu-0.1_sps0.06","inflation",-0.27,-0.1,-0.37,0.2703,"effect-dominated",0.06,25,0,1000,0.2754,0.0051,0.0551,0.0549,0.845,0.995,0.1459,0.995,0.995,0.845,0
"main","cfg3_psi-0.27_mu-0.15_sps0.06","inflation",-0.27,-0.15,-0.42,0.3571,"mixed",0.06,25,0,1000,0.366,0.0089,0.064,0.0635,0.429,0.969,0.1292,0.988,0.966,0.57,0
"main","cfg3_psi-0.27_mu-0.2_sps0.06","inflation",-0.27,-0.2,-0.47,0.4255,"mixed",0.06,25,0,1000,0.4319,0.0063,0.0642,0.0639,0.715,0.941,0.1155,0.991,0.861,0.28,0
"main","cfg3_psi-0.27_mu-0.25_sps0.06","inflation",-0.27,-0.25,-0.52,0.4808,"mixed",0.06,25,0,1000,0.4858,0.005,0.0593,0.0591,0.91,0.941,0.1035,0.995,0.635,0.071,0
"main","cfg3_psi-0.27_mu-0.3_sps0.06","inflation",-0.27,-0.3,-0.57,0.5263,"bias-dominated",0.06,25,0,1000,0.5306,0.0043,0.061,0.0609,0.096,0.901,0.0949,0.99,0.33,0.015,1
"main","cfg3_psi-0.27_mu-0.35_sps0.06","inflation",-0.27,-0.35,-0.62,0.5645,"bias-dominated",0.06,25,0,1000,0.5678,0.0033,0.0606,0.0606,0.32,0.849,0.0871,0.99,0.118,0.001,1
"main","cfg3_psi-0.27_mu-0.4_sps0.06","inflation",-0.27,-0.4,-0.67,0.597,"bias-dominated",0.06,25,0,1000,0.6008,0.0038,0.0582,0.0581,0.642,0.843,0.0806,0.993,0.028,0,NA
"mirror","cfg3_psi-0.27_mu0.05_sps0.06","shrinkage",-0.27,0.05,-0.22,0.1562,"effect-dominated",0.06,25,0,1000,0.1604,0.0041,0.0407,0.0405,1,0.996,0.1083,0.991,0.991,0.991,0
"mirror","cfg3_psi-0.27_mu0.1_sps0.06","shrinkage",-0.27,0.1,-0.17,0.2703,"effect-dominated",0.06,25,0,1000,0.2791,0.0089,0.0483,0.0475,1,0.873,0.0715,0.996,0.996,0.996,0
"mirror","cfg3_psi-0.27_mu0.15_sps0.06","shrinkage",-0.27,0.15,-0.12,0.3571,"mixed",0.06,25,0,1000,0.3651,0.008,0.0567,0.0561,0,0.53,0.0387,0.995,0.978,0.978,0
"mirror","cfg3_psi-0.27_mu0.2_sps0.06","shrinkage",-0.27,0.2,-0.07,0.4255,"mixed",0.06,25,0,1000,0.4364,0.0109,0.062,0.0611,0,0.244,0.0189,0.988,0.849,0.849,0
"mirror","cfg3_psi-0.27_mu0.25_sps0.06","shrinkage",-0.27,0.25,-0.02,0.4808,"mixed",0.06,25,0,1000,0.4898,0.009,0.0623,0.0617,0,0.056,0.0089,0.989,0.625,0.625,0
"mirror","cfg3_psi-0.27_mu0.3_sps0.06","reversal",-0.27,0.3,0.03,0.5263,"bias-dominated",0.06,25,0,1000,0.534,0.0077,0.0567,0.0562,0.711,0.067,0.0074,0.992,0.289,0.289,1
"mirror","cfg3_psi-0.27_mu0.35_sps0.06","reversal",-0.27,0.35,0.08,0.5645,"bias-dominated",0.06,25,0,1000,0.5714,0.0069,0.0597,0.0593,0.894,0.166,0.0123,0.992,0.106,0.106,1
"mirror","cfg3_psi-0.27_mu0.4_sps0.06","reversal",-0.27,0.4,0.13,0.597,"bias-dominated",0.06,25,0,1000,0.6014,0.0044,0.0514,0.0513,0.985,0.225,0.0159,0.996,0.015,0.015,1
"main","cfg3_psi-0.31_mu-0.05_sps0.06","inflation",-0.31,-0.05,-0.36,0.1389,"effect-dominated",0.06,25,0,1000,0.1406,0.0017,0.0375,0.0375,0.991,1,0.136,1,1,0.991,0
"main","cfg3_psi-0.31_mu-0.1_sps0.06","inflation",-0.31,-0.1,-0.41,0.2439,"effect-dominated",0.06,25,0,1000,0.249,0.0051,0.0465,0.0462,0.945,0.997,0.1329,0.999,0.999,0.945,0
"main","cfg3_psi-0.31_mu-0.15_sps0.06","inflation",-0.31,-0.15,-0.46,0.3261,"effect-dominated",0.06,25,0,1000,0.3316,0.0056,0.0527,0.0524,0.793,0.978,0.1177,0.997,0.988,0.793,0
"main","cfg3_psi-0.31_mu-0.2_sps0.06","inflation",-0.31,-0.2,-0.51,0.3922,"mixed",0.06,25,0,1000,0.3974,0.0053,0.0524,0.0522,0.482,0.961,0.1066,0.999,0.96,0.518,0
"main","cfg3_psi-0.31_mu-0.25_sps0.06","inflation",-0.31,-0.25,-0.56,0.4464,"mixed",0.06,25,0,1000,0.4491,0.0026,0.0512,0.0512,0.769,0.947,0.0961,1,0.843,0.227,0
"main","cfg3_psi-0.31_mu-0.3_sps0.06","inflation",-0.31,-0.3,-0.61,0.4918,"mixed",0.06,25,0,1000,0.495,0.0032,0.0536,0.0536,0.899,0.908,0.089,1,0.577,0.066,0
"main","cfg3_psi-0.31_mu-0.35_sps0.06","inflation",-0.31,-0.35,-0.66,0.5303,"bias-dominated",0.06,25,0,1000,0.5353,0.005,0.0539,0.0537,0.147,0.87,0.0824,0.998,0.258,0.014,1
"main","cfg3_psi-0.31_mu-0.4_sps0.06","inflation",-0.31,-0.4,-0.71,0.5634,"bias-dominated",0.06,25,0,1000,0.5667,0.0033,0.052,0.0519,0.398,0.863,0.076,0.999,0.087,0.001,1
"mirror","cfg3_psi-0.31_mu0.05_sps0.06","shrinkage",-0.31,0.05,-0.26,0.1389,"effect-dominated",0.06,25,0,1000,0.1407,0.0019,0.0326,0.0325,1,0.998,0.1,0.998,0.998,0.998,0
"mirror","cfg3_psi-0.31_mu0.1_sps0.06","shrinkage",-0.31,0.1,-0.21,0.2439,"effect-dominated",0.06,25,0,1000,0.2501,0.0062,0.0401,0.0397,1,0.925,0.0722,0.999,0.999,0.999,0
"mirror","cfg3_psi-0.31_mu0.15_sps0.06","shrinkage",-0.31,0.15,-0.16,0.3261,"effect-dominated",0.06,25,0,1000,0.3315,0.0055,0.046,0.0457,0.998,0.662,0.0424,0.999,0.998,0.998,0
"mirror","cfg3_psi-0.31_mu0.2_sps0.06","shrinkage",-0.31,0.2,-0.11,0.3922,"mixed",0.06,25,0,1000,0.4002,0.008,0.048,0.0474,0,0.399,0.0235,0.999,0.967,0.967,0
"mirror","cfg3_psi-0.31_mu0.25_sps0.06","shrinkage",-0.31,0.25,-0.06,0.4464,"mixed",0.06,25,0,1000,0.4523,0.0059,0.0522,0.0519,0,0.167,0.0116,0.996,0.844,0.844,0
"mirror","cfg3_psi-0.31_mu0.3_sps0.06","shrinkage",-0.31,0.3,-0.01,0.4918,"mixed",0.06,25,0,1000,0.4984,0.0066,0.0496,0.0492,0,0.025,0.0061,0.998,0.551,0.551,0
"mirror","cfg3_psi-0.31_mu0.35_sps0.06","reversal",-0.31,0.35,0.04,0.5303,"bias-dominated",0.06,25,0,1000,0.5355,0.0052,0.0505,0.0502,0.768,0.091,0.0063,0.999,0.232,0.232,1
"mirror","cfg3_psi-0.31_mu0.4_sps0.06","reversal",-0.31,0.4,0.09,0.5634,"bias-dominated",0.06,25,0,1000,0.5671,0.0037,0.0484,0.0483,0.941,0.157,0.0097,0.997,0.059,0.059,1
"main","cfg3_psi-0.36_mu-0.05_sps0.06","inflation",-0.36,-0.05,-0.41,0.122,"effect-dominated",0.06,25,0,1000,0.1227,7e-04,0.0309,0.0309,1,1,0.1191,1,1,1,0
"main","cfg3_psi-0.36_mu-0.1_sps0.06","inflation",-0.36,-0.1,-0.46,0.2174,"effect-dominated",0.06,25,0,1000,0.2206,0.0032,0.0386,0.0385,0.99,0.999,0.1175,1,1,0.99,0
"main","cfg3_psi-0.36_mu-0.15_sps0.06","inflation",-0.36,-0.15,-0.51,0.2941,"effect-dominated",0.06,25,0,1000,0.2978,0.0037,0.0431,0.043,0.941,0.989,0.1061,1,0.998,0.941,0
"main","cfg3_psi-0.36_mu-0.2_sps0.06","inflation",-0.36,-0.2,-0.56,0.3571,"mixed",0.06,25,0,1000,0.3599,0.0028,0.0431,0.0431,0.203,0.982,0.0968,1,0.997,0.797,0
"main","cfg3_psi-0.36_mu-0.25_sps0.06","inflation",-0.36,-0.25,-0.61,0.4098,"mixed",0.06,25,0,1000,0.4117,0.0018,0.0425,0.0425,0.472,0.962,0.0885,1,0.971,0.528,0
"main","cfg3_psi-0.36_mu-0.3_sps0.06","inflation",-0.36,-0.3,-0.66,0.4545,"mixed",0.06,25,0,1000,0.4592,0.0046,0.0457,0.0455,0.772,0.932,0.0824,1,0.826,0.221,0
"main","cfg3_psi-0.36_mu-0.35_sps0.06","inflation",-0.36,-0.35,-0.71,0.493,"mixed",0.06,25,0,1000,0.497,0.004,0.0462,0.0461,0.887,0.899,0.0766,1,0.565,0.08,0
"main","cfg3_psi-0.36_mu-0.4_sps0.06","inflation",-0.36,-0.4,-0.76,0.5263,"bias-dominated",0.06,25,0,1000,0.5296,0.0033,0.045,0.0449,0.139,0.902,0.0712,1,0.254,0.008,1
"mirror","cfg3_psi-0.36_mu0.05_sps0.06","shrinkage",-0.36,0.05,-0.31,0.122,"effect-dominated",0.06,25,0,1000,0.124,0.0021,0.0273,0.0272,1,1,0.0906,1,1,1,0
"mirror","cfg3_psi-0.36_mu0.1_sps0.06","shrinkage",-0.36,0.1,-0.26,0.2174,"effect-dominated",0.06,25,0,1000,0.2217,0.0043,0.0324,0.0321,1,0.969,0.0707,1,1,1,0
"mirror","cfg3_psi-0.36_mu0.15_sps0.06","shrinkage",-0.36,0.15,-0.21,0.2941,"effect-dominated",0.06,25,0,1000,0.298,0.0039,0.0372,0.037,1,0.784,0.0449,1,1,1,0
"mirror","cfg3_psi-0.36_mu0.2_sps0.06","shrinkage",-0.36,0.2,-0.16,0.3571,"mixed",0.06,25,0,1000,0.3629,0.0057,0.0393,0.0389,0,0.529,0.0284,0.999,0.998,0.998,0
"mirror","cfg3_psi-0.36_mu0.25_sps0.06","shrinkage",-0.36,0.25,-0.11,0.4098,"mixed",0.06,25,0,1000,0.4146,0.0048,0.0427,0.0424,0,0.314,0.0163,1,0.964,0.964,0
"mirror","cfg3_psi-0.36_mu0.3_sps0.06","shrinkage",-0.36,0.3,-0.06,0.4545,"mixed",0.06,25,0,1000,0.4576,0.0031,0.0434,0.0433,0,0.14,0.0084,1,0.857,0.857,0
"mirror","cfg3_psi-0.36_mu0.35_sps0.06","shrinkage",-0.36,0.35,-0.01,0.493,"mixed",0.06,25,0,1000,0.4968,0.0038,0.0415,0.0414,0,0.019,0.0042,1,0.566,0.566,0
"mirror","cfg3_psi-0.36_mu0.4_sps0.06","reversal",-0.36,0.4,0.04,0.5263,"bias-dominated",0.06,25,0,1000,0.5288,0.0025,0.0428,0.0428,0.733,0.07,0.0044,1,0.267,0.267,1
"main","cfg3_psi-0.4_mu-0.05_sps0.06","inflation",-0.4,-0.05,-0.45,0.1111,"effect-dominated",0.06,25,0,1000,0.1121,0.001,0.0276,0.0276,1,1,0.1082,1,1,1,0
"main","cfg3_psi-0.4_mu-0.1_sps0.06","inflation",-0.4,-0.1,-0.5,0.2,"effect-dominated",0.06,25,0,1000,0.2032,0.0032,0.0338,0.0337,0.998,0.998,0.1091,1,1,0.998,0
"main","cfg3_psi-0.4_mu-0.15_sps0.06","inflation",-0.4,-0.15,-0.55,0.2727,"effect-dominated",0.06,25,0,1000,0.2758,0.0031,0.0369,0.0368,0.989,0.996,0.0984,1,1,0.989,0
"main","cfg3_psi-0.4_mu-0.2_sps0.06","inflation",-0.4,-0.2,-0.6,0.3333,"mixed",0.06,25,0,1000,0.3377,0.0044,0.0389,0.0387,0.072,0.987,0.0906,1,1,0.928,0
"main","cfg3_psi-0.4_mu-0.25_sps0.06","inflation",-0.4,-0.25,-0.65,0.3846,"mixed",0.06,25,0,1000,0.386,0.0014,0.0385,0.0385,0.243,0.97,0.0832,1,0.998,0.757,0
"main","cfg3_psi-0.4_mu-0.3_sps0.06","inflation",-0.4,-0.3,-0.7,0.4286,"mixed",0.06,25,0,1000,0.4317,0.0032,0.0407,0.0406,0.552,0.95,0.0774,1,0.944,0.448,0
"main","cfg3_psi-0.4_mu-0.35_sps0.06","inflation",-0.4,-0.35,-0.75,0.4667,"mixed",0.06,25,0,1000,0.4699,0.0032,0.0416,0.0415,0.809,0.913,0.0721,1,0.766,0.184,0
"main","cfg3_psi-0.4_mu-0.4_sps0.06","inflation",-0.4,-0.4,-0.8,0.5,"mixed",0.06,25,0,1000,0.5045,0.0045,0.0413,0.0411,0.919,0.919,0.0678,1,0.487,0.031,0
"mirror","cfg3_psi-0.4_mu0.05_sps0.06","shrinkage",-0.4,0.05,-0.35,0.1111,"effect-dominated",0.06,25,0,1000,0.1134,0.0022,0.024,0.0239,1,1,0.0843,1,1,1,0
"mirror","cfg3_psi-0.4_mu0.1_sps0.06","shrinkage",-0.4,0.1,-0.3,0.2,"effect-dominated",0.06,25,0,1000,0.2022,0.0022,0.0278,0.0277,1,0.983,0.0682,1,1,1,0
"mirror","cfg3_psi-0.4_mu0.15_sps0.06","shrinkage",-0.4,0.15,-0.25,0.2727,"effect-dominated",0.06,25,0,1000,0.2754,0.0026,0.032,0.0319,1,0.861,0.0458,1,1,1,0
"mirror","cfg3_psi-0.4_mu0.2_sps0.06","shrinkage",-0.4,0.2,-0.2,0.3333,"mixed",0.06,25,0,1000,0.3371,0.0038,0.0361,0.036,0,0.628,0.0306,1,0.998,0.998,0
"mirror","cfg3_psi-0.4_mu0.25_sps0.06","shrinkage",-0.4,0.25,-0.15,0.3846,"mixed",0.06,25,0,1000,0.3876,0.003,0.0375,0.0374,0,0.398,0.0198,1,0.996,0.996,0
"mirror","cfg3_psi-0.4_mu0.3_sps0.06","shrinkage",-0.4,0.3,-0.1,0.4286,"mixed",0.06,25,0,1000,0.4299,0.0013,0.0386,0.0386,0,0.227,0.0115,1,0.951,0.951,0
"mirror","cfg3_psi-0.4_mu0.35_sps0.06","shrinkage",-0.4,0.35,-0.05,0.4667,"mixed",0.06,25,0,1000,0.4695,0.0028,0.0367,0.0366,0,0.111,0.0054,1,0.815,0.815,0
"mirror","cfg3_psi-0.4_mu0.4_sps0.06","cancellation",-0.4,0.4,0,0.5,"mixed",0.06,25,0,1000,0.5028,0.0028,0.0394,0.0393,0,0,0.0035,1,0.505,0.505,0
"main","cfg4_psi-0.01_mu-0.05_sps0.1","inflation",-0.01,-0.05,-0.06,0.8333,"bias-dominated",0.1,25,0,1000,0.4458,-0.3876,0.4278,0.1811,0.019,0.431,0.3213,0.049,0.049,0.049,1
"main","cfg4_psi-0.01_mu-0.1_sps0.1","inflation",-0.01,-0.1,-0.11,0.9091,"bias-dominated",0.1,25,0,1000,0.5991,-0.31,0.35,0.1626,0.3,0.454,0.229,0.042,0.042,0.034,1
"main","cfg4_psi-0.01_mu-0.15_sps0.1","inflation",-0.01,-0.15,-0.16,0.9375,"bias-dominated",0.1,25,0,1000,0.6717,-0.2658,0.3042,0.148,0.579,0.409,0.1613,0.043,0.043,0.023,1
"main","cfg4_psi-0.01_mu-0.2_sps0.1","inflation",-0.01,-0.2,-0.21,0.9524,"bias-dominated",0.1,25,0,1000,0.7324,-0.22,0.2586,0.1359,0.748,0.453,0.1361,0.047,0.04,0.015,1
"main","cfg4_psi-0.01_mu-0.25_sps0.1","inflation",-0.01,-0.25,-0.26,0.9615,"bias-dominated",0.1,25,0,1000,0.7708,-0.1907,0.2257,0.1207,0.899,0.444,0.1176,0.053,0.016,0.007,1
"main","cfg4_psi-0.01_mu-0.3_sps0.1","inflation",-0.01,-0.3,-0.31,0.9677,"bias-dominated",0.1,25,0,1000,0.7999,-0.1679,0.2003,0.1093,0.956,0.46,0.1036,0.051,0.002,0,NA
"main","cfg4_psi-0.01_mu-0.35_sps0.1","inflation",-0.01,-0.35,-0.36,0.9722,"bias-dominated",0.1,25,0,1000,0.822,-0.1502,0.181,0.1009,0.988,0.461,0.0954,0.054,0,0,NA
"main","cfg4_psi-0.01_mu-0.4_sps0.1","inflation",-0.01,-0.4,-0.41,0.9756,"bias-dominated",0.1,25,0,1000,0.8403,-0.1353,0.1644,0.0934,0.997,0.461,0.0853,0.048,0,0,NA
"mirror","cfg4_psi-0.01_mu0.05_sps0.1","reversal",-0.01,0.05,0.04,0.8333,"bias-dominated",0.1,25,0,1000,0.4428,-0.3905,0.4303,0.1809,0.018,0.399,0.2865,0.061,0.061,0.061,1
"mirror","cfg4_psi-0.01_mu0.1_sps0.1","reversal",-0.01,0.1,0.09,0.9091,"bias-dominated",0.1,25,0,1000,0.5977,-0.3114,0.3525,0.1654,0.327,0.437,0.204,0.048,0.048,0.046,1
"mirror","cfg4_psi-0.01_mu0.15_sps0.1","reversal",-0.01,0.15,0.14,0.9375,"bias-dominated",0.1,25,0,1000,0.6806,-0.2569,0.2999,0.1548,0.588,0.457,0.1584,0.061,0.061,0.04,1
"mirror","cfg4_psi-0.01_mu0.2_sps0.1","reversal",-0.01,0.2,0.19,0.9524,"bias-dominated",0.1,25,0,1000,0.736,-0.2164,0.2547,0.1344,0.812,0.452,0.1303,0.043,0.036,0.022,1
"mirror","cfg4_psi-0.01_mu0.25_sps0.1","reversal",-0.01,0.25,0.24,0.9615,"bias-dominated",0.1,25,0,1000,0.7733,-0.1883,0.2235,0.1205,0.928,0.456,0.1145,0.053,0.011,0.007,1
"mirror","cfg4_psi-0.01_mu0.3_sps0.1","reversal",-0.01,0.3,0.29,0.9677,"bias-dominated",0.1,25,0,1000,0.8031,-0.1647,0.1994,0.1126,0.975,0.474,0.1015,0.054,0.003,0.002,1
"mirror","cfg4_psi-0.01_mu0.35_sps0.1","reversal",-0.01,0.35,0.34,0.9722,"bias-dominated",0.1,25,0,1000,0.8233,-0.1489,0.1799,0.1009,0.992,0.462,0.0901,0.056,0,0,NA
"mirror","cfg4_psi-0.01_mu0.4_sps0.1","reversal",-0.01,0.4,0.39,0.9756,"bias-dominated",0.1,25,0,1000,0.8435,-0.1321,0.1625,0.0946,0.999,0.479,0.0829,0.051,0,0,NA
"main","cfg4_psi-0.05_mu-0.05_sps0.1","inflation",-0.05,-0.05,-0.1,0.5,"mixed",0.1,25,0,1000,0.4287,-0.0713,0.2006,0.1876,0.72,0.72,0.3128,0.081,0.081,0.081,0
"main","cfg4_psi-0.05_mu-0.1_sps0.1","inflation",-0.05,-0.1,-0.15,0.6667,"bias-dominated",0.1,25,0,1000,0.5782,-0.0884,0.1961,0.1752,0.228,0.686,0.2366,0.082,0.082,0.06,1
"main","cfg4_psi-0.05_mu-0.15_sps0.1","inflation",-0.05,-0.15,-0.2,0.75,"bias-dominated",0.1,25,0,1000,0.6614,-0.0886,0.1797,0.1564,0.474,0.653,0.1801,0.073,0.073,0.024,1
"main","cfg4_psi-0.05_mu-0.2_sps0.1","inflation",-0.05,-0.2,-0.25,0.8,"bias-dominated",0.1,25,0,1000,0.7154,-0.0846,0.1668,0.1439,0.644,0.653,0.152,0.076,0.07,0.007,1
"main","cfg4_psi-0.05_mu-0.25_sps0.1","inflation",-0.05,-0.25,-0.3,0.8333,"bias-dominated",0.1,25,0,1000,0.7575,-0.0758,0.151,0.1307,0.812,0.666,0.1292,0.079,0.03,0.002,1
"main","cfg4_psi-0.05_mu-0.3_sps0.1","inflation",-0.05,-0.3,-0.35,0.8571,"bias-dominated",0.1,25,0,1000,0.7789,-0.0783,0.1412,0.1176,0.916,0.632,0.1144,0.074,0.007,0,NA
"main","cfg4_psi-0.05_mu-0.35_sps0.1","inflation",-0.05,-0.35,-0.4,0.875,"bias-dominated",0.1,25,0,1000,0.8104,-0.0646,0.1261,0.1083,0.97,0.677,0.1013,0.083,0,0,NA
"main","cfg4_psi-0.05_mu-0.4_sps0.1","inflation",-0.05,-0.4,-0.45,0.8889,"bias-dominated",0.1,25,0,1000,0.8224,-0.0665,0.1182,0.0977,0.993,0.636,0.0926,0.072,0,0,NA
"mirror","cfg4_psi-0.05_mu0.05_sps0.1","cancellation",-0.05,0.05,0,0.5,"mixed",0.1,25,0,1000,0.4231,-0.0769,0.1949,0.1792,0.517,0.517,0.1841,0.077,0.077,0.077,0
"mirror","cfg4_psi-0.05_mu0.1_sps0.1","reversal",-0.05,0.1,0.05,0.6667,"bias-dominated",0.1,25,0,1000,0.5679,-0.0987,0.199,0.1728,0.335,0.546,0.1398,0.093,0.093,0.092,1
"mirror","cfg4_psi-0.05_mu0.15_sps0.1","reversal",-0.05,0.15,0.1,0.75,"bias-dominated",0.1,25,0,1000,0.6614,-0.0886,0.1786,0.1552,0.665,0.589,0.1376,0.073,0.073,0.069,1
"mirror","cfg4_psi-0.05_mu0.2_sps0.1","reversal",-0.05,0.2,0.15,0.8,"bias-dominated",0.1,25,0,1000,0.7162,-0.0838,0.1635,0.1404,0.856,0.612,0.1186,0.08,0.065,0.057,1
"mirror","cfg4_psi-0.05_mu0.25_sps0.1","reversal",-0.05,0.25,0.2,0.8333,"bias-dominated",0.1,25,0,1000,0.759,-0.0743,0.1484,0.1285,0.943,0.632,0.1056,0.087,0.02,0.02,1
"mirror","cfg4_psi-0.05_mu0.3_sps0.1","reversal",-0.05,0.3,0.25,0.8571,"bias-dominated",0.1,25,0,1000,0.7865,-0.0707,0.1391,0.1199,0.982,0.633,0.0924,0.092,0.01,0.01,1
"mirror","cfg4_psi-0.05_mu0.35_sps0.1","reversal",-0.05,0.35,0.3,0.875,"bias-dominated",0.1,25,0,1000,0.8102,-0.0648,0.1251,0.107,0.996,0.636,0.0836,0.069,0.001,0.001,1
"mirror","cfg4_psi-0.05_mu0.4_sps0.1","reversal",-0.05,0.4,0.35,0.8889,"bias-dominated",0.1,25,0,1000,0.8267,-0.0621,0.1171,0.0993,1,0.637,0.0759,0.072,0,0,NA
"main","cfg4_psi-0.1_mu-0.05_sps0.1","inflation",-0.1,-0.05,-0.15,0.3333,"mixed",0.1,25,0,1000,0.3837,0.0504,0.1997,0.1933,0.65,0.908,0.2916,0.169,0.169,0.169,0
"main","cfg4_psi-0.1_mu-0.1_sps0.1","inflation",-0.1,-0.1,-0.2,0.5,"mixed",0.1,25,0,1000,0.5216,0.0216,0.1894,0.1882,0.713,0.713,0.2316,0.176,0.176,0.153,0
"main","cfg4_psi-0.1_mu-0.15_sps0.1","inflation",-0.1,-0.15,-0.25,0.6,"bias-dominated",0.1,25,0,1000,0.6063,0.0063,0.168,0.168,0.289,0.646,0.1832,0.167,0.167,0.053,1
"main","cfg4_psi-0.1_mu-0.2_sps0.1","inflation",-0.1,-0.2,-0.3,0.6667,"bias-dominated",0.1,25,0,1000,0.6671,5e-04,0.1535,0.1536,0.476,0.618,0.1544,0.158,0.144,0.024,1
"main","cfg4_psi-0.1_mu-0.25_sps0.1","inflation",-0.1,-0.25,-0.35,0.7143,"bias-dominated",0.1,25,0,1000,0.7112,-0.0031,0.1433,0.1433,0.652,0.562,0.1328,0.157,0.067,0.008,1
"main","cfg4_psi-0.1_mu-0.3_sps0.1","inflation",-0.1,-0.3,-0.4,0.75,"bias-dominated",0.1,25,0,1000,0.7374,-0.0126,0.1291,0.1286,0.816,0.561,0.1155,0.168,0.021,0.003,1
"main","cfg4_psi-0.1_mu-0.35_sps0.1","inflation",-0.1,-0.35,-0.45,0.7778,"bias-dominated",0.1,25,0,1000,0.7751,-0.0027,0.1202,0.1202,0.919,0.561,0.105,0.151,0.005,0,NA
"main","cfg4_psi-0.1_mu-0.4_sps0.1","inflation",-0.1,-0.4,-0.5,0.8,"bias-dominated",0.1,25,0,1000,0.7857,-0.0143,0.1139,0.1131,0.972,0.53,0.0936,0.178,0.001,0,NA
"mirror","cfg4_psi-0.1_mu0.05_sps0.1","shrinkage",-0.1,0.05,-0.05,0.3333,"mixed",0.1,25,0,1000,0.3667,0.0334,0.1758,0.1727,0.344,0.669,0.1527,0.143,0.143,0.143,0
"mirror","cfg4_psi-0.1_mu0.1_sps0.1","cancellation",-0.1,0.1,0,0.5,"mixed",0.1,25,0,1000,0.5097,0.0097,0.1774,0.1773,0.172,0.172,0.0746,0.172,0.172,0.172,0
"mirror","cfg4_psi-0.1_mu0.15_sps0.1","reversal",-0.1,0.15,0.05,0.6,"bias-dominated",0.1,25,0,1000,0.6043,0.0043,0.1635,0.1635,0.591,0.308,0.0587,0.153,0.153,0.151,1
"mirror","cfg4_psi-0.1_mu0.2_sps0.1","reversal",-0.1,0.2,0.1,0.6667,"bias-dominated",0.1,25,0,1000,0.6727,0.0061,0.1515,0.1514,0.814,0.361,0.0767,0.159,0.146,0.145,1
"mirror","cfg4_psi-0.1_mu0.25_sps0.1","reversal",-0.1,0.25,0.15,0.7143,"bias-dominated",0.1,25,0,1000,0.7157,0.0014,0.1412,0.1413,0.919,0.375,0.0788,0.151,0.069,0.069,1
"mirror","cfg4_psi-0.1_mu0.3_sps0.1","reversal",-0.1,0.3,0.2,0.75,"bias-dominated",0.1,25,0,1000,0.7456,-0.0044,0.1288,0.1287,0.974,0.381,0.0747,0.157,0.022,0.022,1
"mirror","cfg4_psi-0.1_mu0.35_sps0.1","reversal",-0.1,0.35,0.25,0.7778,"bias-dominated",0.1,25,0,1000,0.7679,-0.0099,0.1189,0.1185,0.995,0.404,0.0695,0.172,0.004,0.004,1
"mirror","cfg4_psi-0.1_mu0.4_sps0.1","reversal",-0.1,0.4,0.3,0.8,"bias-dominated",0.1,25,0,1000,0.7878,-0.0122,0.1117,0.1111,1,0.409,0.0638,0.161,0,0,NA
"main","cfg4_psi-0.14_mu-0.05_sps0.1","inflation",-0.14,-0.05,-0.19,0.2632,"effect-dominated",0.1,25,0,1000,0.3277,0.0645,0.1873,0.1759,0.415,0.942,0.2532,0.273,0.273,0.273,0
"main","cfg4_psi-0.14_mu-0.1_sps0.1","inflation",-0.14,-0.1,-0.24,0.4167,"mixed",0.1,25,0,1000,0.4529,0.0362,0.178,0.1743,0.672,0.801,0.2088,0.287,0.287,0.253,0
"main","cfg4_psi-0.14_mu-0.15_sps0.1","inflation",-0.14,-0.15,-0.29,0.5172,"bias-dominated",0.1,25,0,1000,0.5465,0.0292,0.1696,0.1671,0.162,0.688,0.1737,0.301,0.301,0.135,1
"main","cfg4_psi-0.14_mu-0.2_sps0.1","inflation",-0.14,-0.2,-0.34,0.5882,"bias-dominated",0.1,25,0,1000,0.6099,0.0217,0.1542,0.1528,0.316,0.646,0.1504,0.277,0.258,0.058,1
"main","cfg4_psi-0.14_mu-0.25_sps0.1","inflation",-0.14,-0.25,-0.39,0.641,"bias-dominated",0.1,25,0,1000,0.663,0.022,0.1469,0.1453,0.522,0.591,0.1292,0.279,0.14,0.013,1
"main","cfg4_psi-0.14_mu-0.3_sps0.1","inflation",-0.14,-0.3,-0.44,0.6818,"bias-dominated",0.1,25,0,1000,0.6901,0.0083,0.1314,0.1312,0.684,0.564,0.1134,0.294,0.057,0.003,1
"main","cfg4_psi-0.14_mu-0.35_sps0.1","inflation",-0.14,-0.35,-0.49,0.7143,"bias-dominated",0.1,25,0,1000,0.7249,0.0106,0.1211,0.1206,0.862,0.584,0.1053,0.251,0.02,0,NA
"main","cfg4_psi-0.14_mu-0.4_sps0.1","inflation",-0.14,-0.4,-0.54,0.7407,"bias-dominated",0.1,25,0,1000,0.7479,0.0071,0.1142,0.114,0.941,0.55,0.0936,0.275,0.005,0,NA
"mirror","cfg4_psi-0.14_mu0.05_sps0.1","shrinkage",-0.14,0.05,-0.09,0.2632,"effect-dominated",0.1,25,0,1000,0.3216,0.0584,0.1759,0.166,0.755,0.77,0.1403,0.255,0.255,0.255,0
"mirror","cfg4_psi-0.14_mu0.1_sps0.1","shrinkage",-0.14,0.1,-0.04,0.4167,"mixed",0.1,25,0,1000,0.4584,0.0418,0.1762,0.1713,0.097,0.238,0.0693,0.281,0.281,0.281,0
"mirror","cfg4_psi-0.14_mu0.15_sps0.1","reversal",-0.14,0.15,0.01,0.5172,"bias-dominated",0.1,25,0,1000,0.5586,0.0414,0.1746,0.1697,0.522,0.075,0.0385,0.258,0.258,0.258,1
"mirror","cfg4_psi-0.14_mu0.2_sps0.1","reversal",-0.14,0.2,0.06,0.5882,"bias-dominated",0.1,25,0,1000,0.6181,0.0299,0.1602,0.1575,0.724,0.152,0.0353,0.276,0.254,0.254,1
"mirror","cfg4_psi-0.14_mu0.25_sps0.1","reversal",-0.14,0.25,0.11,0.641,"bias-dominated",0.1,25,0,1000,0.6661,0.0251,0.1479,0.1458,0.875,0.225,0.0456,0.261,0.122,0.122,1
"mirror","cfg4_psi-0.14_mu0.3_sps0.1","reversal",-0.14,0.3,0.16,0.6818,"bias-dominated",0.1,25,0,1000,0.6977,0.0159,0.1321,0.1312,0.96,0.252,0.0468,0.262,0.04,0.04,1
"mirror","cfg4_psi-0.14_mu0.35_sps0.1","reversal",-0.14,0.35,0.21,0.7143,"bias-dominated",0.1,25,0,1000,0.719,0.0047,0.1198,0.1197,0.979,0.304,0.0479,0.277,0.021,0.021,1
"mirror","cfg4_psi-0.14_mu0.4_sps0.1","reversal",-0.14,0.4,0.26,0.7407,"bias-dominated",0.1,25,0,1000,0.7483,0.0076,0.116,0.1158,0.997,0.307,0.0499,0.277,0.003,0.003,1
"main","cfg4_psi-0.18_mu-0.05_sps0.1","inflation",-0.18,-0.05,-0.23,0.2174,"effect-dominated",0.1,25,0,1000,0.2678,0.0504,0.1578,0.1496,0.558,0.967,0.2176,0.396,0.396,0.396,0
"main","cfg4_psi-0.18_mu-0.1_sps0.1","inflation",-0.18,-0.1,-0.28,0.3571,"mixed",0.1,25,0,1000,0.3892,0.0321,0.1576,0.1544,0.555,0.852,0.1846,0.456,0.456,0.405,0
"main","cfg4_psi-0.18_mu-0.15_sps0.1","inflation",-0.18,-0.15,-0.33,0.4545,"mixed",0.1,25,0,1000,0.4829,0.0284,0.1496,0.147,0.699,0.767,0.1595,0.437,0.437,0.231,0
"main","cfg4_psi-0.18_mu-0.2_sps0.1","inflation",-0.18,-0.2,-0.38,0.5263,"bias-dominated",0.1,25,0,1000,0.5539,0.0276,0.1478,0.1453,0.193,0.687,0.1397,0.418,0.4,0.109,1
"main","cfg4_psi-0.18_mu-0.25_sps0.1","inflation",-0.18,-0.25,-0.43,0.5814,"bias-dominated",0.1,25,0,1000,0.6117,0.0303,0.1397,0.1364,0.386,0.656,0.1239,0.402,0.228,0.035,1
"main","cfg4_psi-0.18_mu-0.3_sps0.1","inflation",-0.18,-0.3,-0.48,0.625,"bias-dominated",0.1,25,0,1000,0.6415,0.0165,0.1287,0.1277,0.549,0.637,0.1086,0.421,0.113,0.013,1
"main","cfg4_psi-0.18_mu-0.35_sps0.1","inflation",-0.18,-0.35,-0.53,0.6604,"bias-dominated",0.1,25,0,1000,0.6739,0.0135,0.1197,0.119,0.724,0.607,0.0995,0.429,0.045,0.002,1
"main","cfg4_psi-0.18_mu-0.4_sps0.1","inflation",-0.18,-0.4,-0.58,0.6897,"bias-dominated",0.1,25,0,1000,0.7071,0.0175,0.1139,0.1126,0.884,0.598,0.0915,0.406,0.009,0,NA
"mirror","cfg4_psi-0.18_mu0.05_sps0.1","shrinkage",-0.18,0.05,-0.13,0.2174,"effect-dominated",0.1,25,0,1000,0.2645,0.0471,0.1504,0.1429,0.871,0.86,0.1282,0.42,0.42,0.42,0
"mirror","cfg4_psi-0.18_mu0.1_sps0.1","shrinkage",-0.18,0.1,-0.08,0.3571,"mixed",0.1,25,0,1000,0.4068,0.0496,0.1664,0.1589,0.051,0.357,0.0678,0.406,0.406,0.406,0
"mirror","cfg4_psi-0.18_mu0.15_sps0.1","shrinkage",-0.18,0.15,-0.03,0.4545,"mixed",0.1,25,0,1000,0.4932,0.0387,0.1582,0.1535,0.014,0.102,0.0361,0.428,0.428,0.427,0
"mirror","cfg4_psi-0.18_mu0.2_sps0.1","reversal",-0.18,0.2,0.02,0.5263,"bias-dominated",0.1,25,0,1000,0.5605,0.0342,0.1546,0.1509,0.574,0.046,0.0228,0.431,0.408,0.408,1
"mirror","cfg4_psi-0.18_mu0.25_sps0.1","reversal",-0.18,0.25,0.07,0.5814,"bias-dominated",0.1,25,0,1000,0.6124,0.031,0.1418,0.1385,0.775,0.115,0.0239,0.417,0.225,0.225,1
"mirror","cfg4_psi-0.18_mu0.3_sps0.1","reversal",-0.18,0.3,0.12,0.625,"bias-dominated",0.1,25,0,1000,0.6452,0.0202,0.1297,0.1282,0.891,0.184,0.0282,0.44,0.109,0.109,1
"mirror","cfg4_psi-0.18_mu0.35_sps0.1","reversal",-0.18,0.35,0.17,0.6604,"bias-dominated",0.1,25,0,1000,0.6712,0.0108,0.1184,0.1179,0.96,0.222,0.0323,0.439,0.04,0.04,1
"mirror","cfg4_psi-0.18_mu0.4_sps0.1","reversal",-0.18,0.4,0.22,0.6897,"bias-dominated",0.1,25,0,1000,0.7073,0.0176,0.1143,0.113,0.985,0.268,0.0379,0.406,0.015,0.015,1
"main","cfg4_psi-0.23_mu-0.05_sps0.1","inflation",-0.23,-0.05,-0.28,0.1786,"effect-dominated",0.1,25,0,1000,0.214,0.0354,0.1218,0.1166,0.734,0.991,0.179,0.589,0.589,0.589,0
"main","cfg4_psi-0.23_mu-0.1_sps0.1","inflation",-0.23,-0.1,-0.33,0.303,"effect-dominated",0.1,25,0,1000,0.3306,0.0276,0.129,0.1261,0.602,0.92,0.1609,0.65,0.65,0.596,0
"main","cfg4_psi-0.23_mu-0.15_sps0.1","inflation",-0.23,-0.15,-0.38,0.3947,"mixed",0.1,25,0,1000,0.4203,0.0255,0.1254,0.1228,0.593,0.833,0.1433,0.626,0.626,0.385,0
"main","cfg4_psi-0.23_mu-0.2_sps0.1","inflation",-0.23,-0.2,-0.43,0.4651,"mixed",0.1,25,0,1000,0.4851,0.02,0.1315,0.13,0.675,0.715,0.1252,0.63,0.611,0.245,0
"main","cfg4_psi-0.23_mu-0.25_sps0.1","inflation",-0.23,-0.25,-0.48,0.5208,"bias-dominated",0.1,25,0,1000,0.5491,0.0283,0.1273,0.1241,0.191,0.702,0.1134,0.602,0.391,0.097,1
"main","cfg4_psi-0.23_mu-0.3_sps0.1","inflation",-0.23,-0.3,-0.53,0.566,"bias-dominated",0.1,25,0,1000,0.5807,0.0147,0.115,0.1141,0.329,0.676,0.1005,0.645,0.243,0.039,1
"main","cfg4_psi-0.23_mu-0.35_sps0.1","inflation",-0.23,-0.35,-0.58,0.6034,"bias-dominated",0.1,25,0,1000,0.6158,0.0124,0.1154,0.1148,0.502,0.608,0.0917,0.644,0.128,0.014,1
"main","cfg4_psi-0.23_mu-0.4_sps0.1","inflation",-0.23,-0.4,-0.63,0.6349,"bias-dominated",0.1,25,0,1000,0.648,0.013,0.1038,0.103,0.73,0.624,0.0857,0.63,0.051,0.002,1
"mirror","cfg4_psi-0.23_mu0.05_sps0.1","shrinkage",-0.23,0.05,-0.18,0.1786,"effect-dominated",0.1,25,0,1000,0.2097,0.0311,0.1182,0.1141,0.945,0.932,0.1159,0.615,0.615,0.615,0
"mirror","cfg4_psi-0.23_mu0.1_sps0.1","shrinkage",-0.23,0.1,-0.13,0.303,"effect-dominated",0.1,25,0,1000,0.3368,0.0338,0.1241,0.1195,0.912,0.521,0.0678,0.597,0.597,0.597,0
"mirror","cfg4_psi-0.23_mu0.15_sps0.1","shrinkage",-0.23,0.15,-0.08,0.3947,"mixed",0.1,25,0,1000,0.4271,0.0324,0.1306,0.1266,0.004,0.224,0.037,0.601,0.601,0.601,0
"mirror","cfg4_psi-0.23_mu0.2_sps0.1","shrinkage",-0.23,0.2,-0.03,0.4651,"mixed",0.1,25,0,1000,0.4929,0.0278,0.1329,0.1301,0.002,0.065,0.0225,0.621,0.605,0.605,0
"mirror","cfg4_psi-0.23_mu0.25_sps0.1","reversal",-0.23,0.25,0.02,0.5208,"bias-dominated",0.1,25,0,1000,0.5468,0.0259,0.1242,0.1215,0.585,0.035,0.0152,0.608,0.415,0.415,1
"mirror","cfg4_psi-0.23_mu0.3_sps0.1","reversal",-0.23,0.3,0.07,0.566,"bias-dominated",0.1,25,0,1000,0.5862,0.0202,0.1161,0.1144,0.753,0.104,0.0145,0.622,0.247,0.247,1
"mirror","cfg4_psi-0.23_mu0.35_sps0.1","reversal",-0.23,0.35,0.12,0.6034,"bias-dominated",0.1,25,0,1000,0.6183,0.0148,0.1124,0.1115,0.884,0.16,0.0203,0.628,0.116,0.116,1
"mirror","cfg4_psi-0.23_mu0.4_sps0.1","reversal",-0.23,0.4,0.17,0.6349,"bias-dominated",0.1,25,0,1000,0.648,0.013,0.1003,0.0995,0.966,0.188,0.0238,0.628,0.034,0.034,1
"main","cfg4_psi-0.27_mu-0.05_sps0.1","inflation",-0.27,-0.05,-0.32,0.1562,"effect-dominated",0.1,25,0,1000,0.1793,0.0231,0.095,0.0922,0.852,0.992,0.1559,0.746,0.746,0.746,0
"main","cfg4_psi-0.27_mu-0.1_sps0.1","inflation",-0.27,-0.1,-0.37,0.2703,"effect-dominated",0.1,25,0,1000,0.2899,0.0197,0.1026,0.1007,0.756,0.935,0.1455,0.779,0.779,0.75,0
"main","cfg4_psi-0.27_mu-0.15_sps0.1","inflation",-0.27,-0.15,-0.42,0.3571,"mixed",0.1,25,0,1000,0.3828,0.0257,0.1163,0.1135,0.447,0.854,0.1296,0.749,0.749,0.539,0
"main","cfg4_psi-0.27_mu-0.2_sps0.1","inflation",-0.27,-0.2,-0.47,0.4255,"mixed",0.1,25,0,1000,0.4464,0.0208,0.1152,0.1133,0.607,0.777,0.1145,0.776,0.749,0.349,0
"main","cfg4_psi-0.27_mu-0.25_sps0.1","inflation",-0.27,-0.25,-0.52,0.4808,"mixed",0.1,25,0,1000,0.4975,0.0168,0.1049,0.1036,0.709,0.752,0.1037,0.767,0.591,0.196,0
"main","cfg4_psi-0.27_mu-0.3_sps0.1","inflation",-0.27,-0.3,-0.57,0.5263,"bias-dominated",0.1,25,0,1000,0.5402,0.0138,0.1031,0.1022,0.218,0.691,0.0943,0.764,0.4,0.094,1
"main","cfg4_psi-0.27_mu-0.35_sps0.1","inflation",-0.27,-0.35,-0.62,0.5645,"bias-dominated",0.1,25,0,1000,0.5762,0.0117,0.104,0.1034,0.378,0.635,0.0867,0.762,0.249,0.039,1
"main","cfg4_psi-0.27_mu-0.4_sps0.1","inflation",-0.27,-0.4,-0.67,0.597,"bias-dominated",0.1,25,0,1000,0.6091,0.0121,0.0983,0.0976,0.59,0.643,0.0806,0.768,0.114,0.011,1
"mirror","cfg4_psi-0.27_mu0.05_sps0.1","shrinkage",-0.27,0.05,-0.22,0.1562,"effect-dominated",0.1,25,0,1000,0.1737,0.0175,0.0835,0.0817,0.979,0.963,0.1071,0.777,0.777,0.777,0
"mirror","cfg4_psi-0.27_mu0.1_sps0.1","shrinkage",-0.27,0.1,-0.17,0.2703,"effect-dominated",0.1,25,0,1000,0.2963,0.026,0.0985,0.095,0.959,0.651,0.0691,0.752,0.752,0.752,0
"mirror","cfg4_psi-0.27_mu0.15_sps0.1","shrinkage",-0.27,0.15,-0.12,0.3571,"mixed",0.1,25,0,1000,0.3805,0.0234,0.1062,0.1036,0.002,0.329,0.0396,0.745,0.745,0.745,0
"mirror","cfg4_psi-0.27_mu0.2_sps0.1","shrinkage",-0.27,0.2,-0.07,0.4255,"mixed",0.1,25,0,1000,0.454,0.0285,0.1173,0.1138,0,0.149,0.0232,0.736,0.717,0.717,0
"mirror","cfg4_psi-0.27_mu0.25_sps0.1","shrinkage",-0.27,0.25,-0.02,0.4808,"mixed",0.1,25,0,1000,0.5039,0.0231,0.1117,0.1093,0,0.034,0.014,0.746,0.555,0.555,0
"mirror","cfg4_psi-0.27_mu0.3_sps0.1","reversal",-0.27,0.3,0.03,0.5263,"bias-dominated",0.1,25,0,1000,0.5459,0.0196,0.1024,0.1005,0.626,0.041,0.0107,0.755,0.374,0.374,1
"mirror","cfg4_psi-0.27_mu0.35_sps0.1","reversal",-0.27,0.35,0.08,0.5645,"bias-dominated",0.1,25,0,1000,0.5823,0.0178,0.1049,0.1034,0.784,0.099,0.0134,0.761,0.216,0.216,1
"mirror","cfg4_psi-0.27_mu0.4_sps0.1","reversal",-0.27,0.4,0.13,0.597,"bias-dominated",0.1,25,0,1000,0.6089,0.0119,0.0885,0.0878,0.923,0.147,0.0159,0.763,0.077,0.077,1
"main","cfg4_psi-0.31_mu-0.05_sps0.1","inflation",-0.31,-0.05,-0.36,0.1389,"effect-dominated",0.1,25,0,1000,0.1506,0.0117,0.0679,0.0669,0.941,0.996,0.1349,0.872,0.872,0.872,0
"main","cfg4_psi-0.31_mu-0.1_sps0.1","inflation",-0.31,-0.1,-0.41,0.2439,"effect-dominated",0.1,25,0,1000,0.2605,0.0166,0.0827,0.0811,0.843,0.959,0.1328,0.861,0.861,0.836,0
"main","cfg4_psi-0.31_mu-0.15_sps0.1","inflation",-0.31,-0.15,-0.46,0.3261,"effect-dominated",0.1,25,0,1000,0.3443,0.0182,0.0971,0.0954,0.701,0.883,0.1186,0.866,0.866,0.701,0
"main","cfg4_psi-0.31_mu-0.2_sps0.1","inflation",-0.31,-0.2,-0.51,0.3922,"mixed",0.1,25,0,1000,0.4089,0.0167,0.0947,0.0932,0.48,0.824,0.1067,0.861,0.852,0.507,0
"main","cfg4_psi-0.31_mu-0.25_sps0.1","inflation",-0.31,-0.25,-0.56,0.4464,"mixed",0.1,25,0,1000,0.4585,0.0121,0.0915,0.0907,0.622,0.787,0.096,0.867,0.743,0.333,0
"main","cfg4_psi-0.31_mu-0.3_sps0.1","inflation",-0.31,-0.3,-0.61,0.4918,"mixed",0.1,25,0,1000,0.504,0.0122,0.0934,0.0926,0.707,0.723,0.0887,0.863,0.555,0.174,0
"main","cfg4_psi-0.31_mu-0.35_sps0.1","inflation",-0.31,-0.35,-0.66,0.5303,"bias-dominated",0.1,25,0,1000,0.5438,0.0135,0.0928,0.0918,0.264,0.672,0.0824,0.852,0.343,0.088,1
"main","cfg4_psi-0.31_mu-0.4_sps0.1","inflation",-0.31,-0.4,-0.71,0.5634,"bias-dominated",0.1,25,0,1000,0.5744,0.011,0.0893,0.0887,0.438,0.665,0.0762,0.866,0.187,0.039,1
"mirror","cfg4_psi-0.31_mu0.05_sps0.1","shrinkage",-0.31,0.05,-0.26,0.1389,"effect-dominated",0.1,25,0,1000,0.1493,0.0104,0.0613,0.0605,0.993,0.986,0.0997,0.874,0.874,0.874,0
"mirror","cfg4_psi-0.31_mu0.1_sps0.1","shrinkage",-0.31,0.1,-0.21,0.2439,"effect-dominated",0.1,25,0,1000,0.2626,0.0187,0.0784,0.0762,0.985,0.745,0.0698,0.862,0.862,0.862,0
"mirror","cfg4_psi-0.31_mu0.15_sps0.1","shrinkage",-0.31,0.15,-0.16,0.3261,"effect-dominated",0.1,25,0,1000,0.3435,0.0174,0.0873,0.0856,0.949,0.416,0.042,0.862,0.862,0.862,0
"mirror","cfg4_psi-0.31_mu0.2_sps0.1","shrinkage",-0.31,0.2,-0.11,0.3922,"mixed",0.1,25,0,1000,0.413,0.0209,0.0907,0.0883,0,0.24,0.0246,0.843,0.837,0.837,0
"mirror","cfg4_psi-0.31_mu0.25_sps0.1","shrinkage",-0.31,0.25,-0.06,0.4464,"mixed",0.1,25,0,1000,0.4633,0.0169,0.096,0.0945,0,0.11,0.0148,0.865,0.726,0.726,0
"mirror","cfg4_psi-0.31_mu0.3_sps0.1","shrinkage",-0.31,0.3,-0.01,0.4918,"mixed",0.1,25,0,1000,0.5085,0.0167,0.0896,0.088,0,0.015,0.0096,0.865,0.534,0.534,0
"mirror","cfg4_psi-0.31_mu0.35_sps0.1","reversal",-0.31,0.35,0.04,0.5303,"bias-dominated",0.1,25,0,1000,0.5442,0.0139,0.0897,0.0887,0.681,0.047,0.0088,0.877,0.319,0.319,1
"mirror","cfg4_psi-0.31_mu0.4_sps0.1","reversal",-0.31,0.4,0.09,0.5634,"bias-dominated",0.1,25,0,1000,0.5741,0.0107,0.0848,0.0841,0.808,0.111,0.0096,0.862,0.192,0.192,1
"main","cfg4_psi-0.36_mu-0.05_sps0.1","inflation",-0.36,-0.05,-0.41,0.122,"effect-dominated",0.1,25,0,1000,0.1285,0.0065,0.0468,0.0463,0.971,0.999,0.1193,0.947,0.947,0.947,0
"main","cfg4_psi-0.36_mu-0.1_sps0.1","inflation",-0.36,-0.1,-0.46,0.2174,"effect-dominated",0.1,25,0,1000,0.2286,0.0112,0.0684,0.0675,0.934,0.972,0.1172,0.949,0.949,0.933,0
"main","cfg4_psi-0.36_mu-0.15_sps0.1","inflation",-0.36,-0.15,-0.51,0.2941,"effect-dominated",0.1,25,0,1000,0.3063,0.0122,0.0779,0.077,0.851,0.914,0.1068,0.948,0.948,0.851,0
"main","cfg4_psi-0.36_mu-0.2_sps0.1","inflation",-0.36,-0.2,-0.56,0.3571,"mixed",0.1,25,0,1000,0.368,0.0108,0.076,0.0752,0.301,0.868,0.0969,0.949,0.943,0.695,0
"main","cfg4_psi-0.36_mu-0.25_sps0.1","inflation",-0.36,-0.25,-0.61,0.4098,"mixed",0.1,25,0,1000,0.4185,0.0087,0.0732,0.0727,0.468,0.813,0.0883,0.949,0.87,0.523,0
"main","cfg4_psi-0.36_mu-0.3_sps0.1","inflation",-0.36,-0.3,-0.66,0.4545,"mixed",0.1,25,0,1000,0.4677,0.0131,0.079,0.0779,0.643,0.771,0.0823,0.946,0.706,0.311,0
"main","cfg4_psi-0.36_mu-0.35_sps0.1","inflation",-0.36,-0.35,-0.71,0.493,"mixed",0.1,25,0,1000,0.5035,0.0105,0.078,0.0773,0.689,0.697,0.0766,0.944,0.539,0.176,0
"main","cfg4_psi-0.36_mu-0.4_sps0.1","inflation",-0.36,-0.4,-0.76,0.5263,"bias-dominated",0.1,25,0,1000,0.5363,0.01,0.0767,0.076,0.248,0.7,0.0714,0.949,0.346,0.08,1
"mirror","cfg4_psi-0.36_mu0.05_sps0.1","shrinkage",-0.36,0.05,-0.31,0.122,"effect-dominated",0.1,25,0,1000,0.1303,0.0083,0.049,0.0483,0.999,0.993,0.0903,0.949,0.949,0.949,0
"mirror","cfg4_psi-0.36_mu0.1_sps0.1","shrinkage",-0.36,0.1,-0.26,0.2174,"effect-dominated",0.1,25,0,1000,0.2303,0.0129,0.0589,0.0575,0.999,0.837,0.0693,0.943,0.943,0.943,0
"mirror","cfg4_psi-0.36_mu0.15_sps0.1","shrinkage",-0.36,0.15,-0.21,0.2941,"effect-dominated",0.1,25,0,1000,0.3066,0.0125,0.0686,0.0675,0.986,0.547,0.044,0.954,0.954,0.954,0
"mirror","cfg4_psi-0.36_mu0.2_sps0.1","shrinkage",-0.36,0.2,-0.16,0.3571,"mixed",0.1,25,0,1000,0.3717,0.0146,0.0697,0.0682,0,0.34,0.0281,0.952,0.946,0.946,0
"mirror","cfg4_psi-0.36_mu0.25_sps0.1","shrinkage",-0.36,0.25,-0.11,0.4098,"mixed",0.1,25,0,1000,0.4232,0.0134,0.0779,0.0768,0,0.193,0.017,0.943,0.87,0.87,0
"mirror","cfg4_psi-0.36_mu0.3_sps0.1","shrinkage",-0.36,0.3,-0.06,0.4545,"mixed",0.1,25,0,1000,0.4647,0.0101,0.0785,0.0778,0,0.086,0.0105,0.945,0.727,0.727,0
"mirror","cfg4_psi-0.36_mu0.35_sps0.1","shrinkage",-0.36,0.35,-0.01,0.493,"mixed",0.1,25,0,1000,0.5034,0.0105,0.0736,0.0729,0,0.012,0.0066,0.959,0.541,0.541,0
"mirror","cfg4_psi-0.36_mu0.4_sps0.1","reversal",-0.36,0.4,0.04,0.5263,"bias-dominated",0.1,25,0,1000,0.5345,0.0082,0.0751,0.0747,0.643,0.038,0.0064,0.946,0.357,0.357,1
"main","cfg4_psi-0.4_mu-0.05_sps0.1","inflation",-0.4,-0.05,-0.45,0.1111,"effect-dominated",0.1,25,0,1000,0.1165,0.0054,0.039,0.0386,0.994,1,0.1084,0.979,0.979,0.979,0
"main","cfg4_psi-0.4_mu-0.1_sps0.1","inflation",-0.4,-0.1,-0.5,0.2,"effect-dominated",0.1,25,0,1000,0.2105,0.0105,0.0576,0.0566,0.974,0.98,0.1101,0.98,0.98,0.973,0
"main","cfg4_psi-0.4_mu-0.15_sps0.1","inflation",-0.4,-0.15,-0.55,0.2727,"effect-dominated",0.1,25,0,1000,0.2821,0.0094,0.0641,0.0635,0.928,0.933,0.0985,0.979,0.979,0.928,0
"main","cfg4_psi-0.4_mu-0.2_sps0.1","inflation",-0.4,-0.2,-0.6,0.3333,"mixed",0.1,25,0,1000,0.3449,0.0116,0.0669,0.066,0.188,0.882,0.0916,0.978,0.972,0.811,0
"main","cfg4_psi-0.4_mu-0.25_sps0.1","inflation",-0.4,-0.25,-0.65,0.3846,"mixed",0.1,25,0,1000,0.391,0.0064,0.0639,0.0636,0.325,0.832,0.0826,0.984,0.939,0.673,0
"main","cfg4_psi-0.4_mu-0.3_sps0.1","inflation",-0.4,-0.3,-0.7,0.4286,"mixed",0.1,25,0,1000,0.4378,0.0093,0.0683,0.0677,0.506,0.778,0.0774,0.975,0.828,0.471,0
"main","cfg4_psi-0.4_mu-0.35_sps0.1","inflation",-0.4,-0.35,-0.75,0.4667,"mixed",0.1,25,0,1000,0.4752,0.0085,0.0695,0.069,0.668,0.712,0.0717,0.981,0.688,0.269,0
"main","cfg4_psi-0.4_mu-0.4_sps0.1","inflation",-0.4,-0.4,-0.8,0.5,"mixed",0.1,25,0,1000,0.5114,0.0114,0.0708,0.0699,0.708,0.708,0.0679,0.969,0.484,0.133,0
"mirror","cfg4_psi-0.4_mu0.05_sps0.1","shrinkage",-0.4,0.05,-0.35,0.1111,"effect-dominated",0.1,25,0,1000,0.1182,0.0071,0.0392,0.0385,1,0.995,0.0839,0.968,0.968,0.968,0
"mirror","cfg4_psi-0.4_mu0.1_sps0.1","shrinkage",-0.4,0.1,-0.3,0.2,"effect-dominated",0.1,25,0,1000,0.208,0.008,0.0481,0.0474,1,0.869,0.0674,0.977,0.977,0.977,0
"mirror","cfg4_psi-0.4_mu0.15_sps0.1","shrinkage",-0.4,0.15,-0.25,0.2727,"effect-dominated",0.1,25,0,1000,0.2817,0.0089,0.0579,0.0572,0.992,0.615,0.045,0.982,0.982,0.982,0
"mirror","cfg4_psi-0.4_mu0.2_sps0.1","shrinkage",-0.4,0.2,-0.2,0.3333,"mixed",0.1,25,0,1000,0.3446,0.0113,0.067,0.066,0,0.413,0.0305,0.975,0.973,0.973,0
"mirror","cfg4_psi-0.4_mu0.25_sps0.1","shrinkage",-0.4,0.25,-0.15,0.3846,"mixed",0.1,25,0,1000,0.394,0.0094,0.067,0.0664,0,0.256,0.0199,0.976,0.929,0.929,0
"mirror","cfg4_psi-0.4_mu0.3_sps0.1","shrinkage",-0.4,0.3,-0.1,0.4286,"mixed",0.1,25,0,1000,0.435,0.0064,0.0689,0.0686,0,0.135,0.0126,0.975,0.865,0.865,0
"mirror","cfg4_psi-0.4_mu0.35_sps0.1","shrinkage",-0.4,0.35,-0.05,0.4667,"mixed",0.1,25,0,1000,0.4748,0.0081,0.0646,0.0641,0,0.062,0.0073,0.98,0.706,0.706,0
"mirror","cfg4_psi-0.4_mu0.4_sps0.1","cancellation",-0.4,0.4,0,0.5,"mixed",0.1,25,0,1000,0.5083,0.0083,0.0691,0.0686,0,0,0.0057,0.972,0.505,0.505,0
"main","cfg5_psi-0.01_mu-0.05_sps0.06","inflation",-0.01,-0.05,-0.06,0.8333,"bias-dominated",0.06,12,0.3,1000,0.337,-0.4963,0.5091,0.1136,0,0.723,0.4334,0.066,0.066,0.016,1
"main","cfg5_psi-0.01_mu-0.1_sps0.06","inflation",-0.01,-0.1,-0.11,0.9091,"bias-dominated",0.06,12,0.3,1000,0.4425,-0.4666,0.4929,0.159,0,0.667,0.4535,0.079,0.079,0,NA
"main","cfg5_psi-0.01_mu-0.15_sps0.06","inflation",-0.01,-0.15,-0.16,0.9375,"bias-dominated",0.06,12,0.3,1000,0.5905,-0.347,0.374,0.1397,0.004,0.707,0.4353,0.081,0.08,0,NA
"main","cfg5_psi-0.01_mu-0.2_sps0.06","inflation",-0.01,-0.2,-0.21,0.9524,"bias-dominated",0.06,12,0.3,1000,0.6833,-0.2691,0.2954,0.1219,0.05,0.72,0.3566,0.067,0.056,0,NA
"main","cfg5_psi-0.01_mu-0.25_sps0.06","inflation",-0.01,-0.25,-0.26,0.9615,"bias-dominated",0.06,12,0.3,1000,0.7367,-0.2248,0.2491,0.1072,0.18,0.72,0.2869,0.085,0.018,0,NA
"main","cfg5_psi-0.01_mu-0.3_sps0.06","inflation",-0.01,-0.3,-0.31,0.9677,"bias-dominated",0.06,12,0.3,1000,0.7729,-0.1949,0.2183,0.0984,0.414,0.709,0.2451,0.087,0.004,0,NA
"main","cfg5_psi-0.01_mu-0.35_sps0.06","inflation",-0.01,-0.35,-0.36,0.9722,"bias-dominated",0.06,12,0.3,1000,0.8093,-0.163,0.1834,0.0842,0.717,0.748,0.2114,0.067,0.001,0,NA
"main","cfg5_psi-0.01_mu-0.4_sps0.06","inflation",-0.01,-0.4,-0.41,0.9756,"bias-dominated",0.06,12,0.3,1000,0.8238,-0.1518,0.1714,0.0798,0.883,0.695,0.1878,0.068,0,0,NA
"mirror","cfg5_psi-0.01_mu0.05_sps0.06","reversal",-0.01,0.05,0.04,0.8333,"bias-dominated",0.06,12,0.3,1000,0.5995,-0.2338,0.2634,0.1213,0.074,0.613,0.3335,0.071,0.069,0.067,1
"mirror","cfg5_psi-0.01_mu0.1_sps0.06","reversal",-0.01,0.1,0.09,0.9091,"bias-dominated",0.06,12,0.3,1000,0.6762,-0.2329,0.2586,0.1125,0.468,0.633,0.2045,0.079,0.056,0.056,1
"mirror","cfg5_psi-0.01_mu0.15_sps0.06","reversal",-0.01,0.15,0.14,0.9375,"bias-dominated",0.06,12,0.3,1000,0.7345,-0.203,0.2267,0.1011,0.756,0.668,0.1702,0.085,0.013,0.013,1
"mirror","cfg5_psi-0.01_mu0.2_sps0.06","reversal",-0.01,0.2,0.19,0.9524,"bias-dominated",0.06,12,0.3,1000,0.7753,-0.1771,0.1976,0.0876,0.916,0.676,0.1543,0.071,0.001,0.001,1
"mirror","cfg5_psi-0.01_mu0.25_sps0.06","reversal",-0.01,0.25,0.24,0.9615,"bias-dominated",0.06,12,0.3,1000,0.8034,-0.1581,0.178,0.0818,0.985,0.68,0.1402,0.074,0,0,NA
"mirror","cfg5_psi-0.01_mu0.3_sps0.06","reversal",-0.01,0.3,0.29,0.9677,"bias-dominated",0.06,12,0.3,1000,0.8249,-0.1429,0.1607,0.0737,0.998,0.684,0.129,0.079,0,0,NA
"mirror","cfg5_psi-0.01_mu0.35_sps0.06","reversal",-0.01,0.35,0.34,0.9722,"bias-dominated",0.06,12,0.3,1000,0.8454,-0.1269,0.1435,0.0671,0.999,0.693,0.1191,0.064,0,0,NA
"mirror","cfg5_psi-0.01_mu0.4_sps0.06","reversal",-0.01,0.4,0.39,0.9756,"bias-dominated",0.06,12,0.3,1000,0.8561,-0.1195,0.1342,0.061,1,0.676,0.1112,0.07,0,0,NA
"main","cfg5_psi-0.05_mu-0.05_sps0.06","inflation",-0.05,-0.05,-0.1,0.5,"mixed",0.06,12,0.3,1000,0.2758,-0.2242,0.2499,0.1105,0.925,0.925,0.4138,0.195,0.195,0.069,0
"main","cfg5_psi-0.05_mu-0.1_sps0.06","inflation",-0.05,-0.1,-0.15,0.6667,"bias-dominated",0.06,12,0.3,1000,0.3733,-0.2934,0.3347,0.1612,0,0.858,0.4405,0.208,0.208,0.017,1
"main","cfg5_psi-0.05_mu-0.15_sps0.06","inflation",-0.05,-0.15,-0.2,0.75,"bias-dominated",0.06,12,0.3,1000,0.5121,-0.2379,0.2792,0.1461,0,0.847,0.4242,0.203,0.201,0.006,1
"main","cfg5_psi-0.05_mu-0.2_sps0.06","inflation",-0.05,-0.2,-0.25,0.8,"bias-dominated",0.06,12,0.3,1000,0.6092,-0.1908,0.2312,0.1306,0.008,0.833,0.3552,0.189,0.148,0,NA
"main","cfg5_psi-0.05_mu-0.25_sps0.06","inflation",-0.05,-0.25,-0.3,0.8333,"bias-dominated",0.06,12,0.3,1000,0.6709,-0.1625,0.2004,0.1174,0.076,0.835,0.2935,0.172,0.071,0,NA
"main","cfg5_psi-0.05_mu-0.3_sps0.06","inflation",-0.05,-0.3,-0.35,0.8571,"bias-dominated",0.06,12,0.3,1000,0.7135,-0.1436,0.1798,0.1083,0.215,0.82,0.2519,0.204,0.012,0,NA
"main","cfg5_psi-0.05_mu-0.35_sps0.06","inflation",-0.05,-0.35,-0.4,0.875,"bias-dominated",0.06,12,0.3,1000,0.7516,-0.1234,0.1573,0.0977,0.481,0.829,0.2205,0.17,0.002,0,NA
"main","cfg5_psi-0.05_mu-0.4_sps0.06","inflation",-0.05,-0.4,-0.45,0.8889,"bias-dominated",0.06,12,0.3,1000,0.776,-0.1129,0.1436,0.0889,0.74,0.818,0.1958,0.174,0.001,0,NA
"mirror","cfg5_psi-0.05_mu0.05_sps0.06","cancellation",-0.05,0.05,0,0.5,"mixed",0.06,12,0.3,1000,0.5205,0.0205,0.1267,0.1251,0.552,0.552,0.1633,0.198,0.195,0.19,0
"mirror","cfg5_psi-0.05_mu0.1_sps0.06","reversal",-0.05,0.1,0.05,0.6667,"bias-dominated",0.06,12,0.3,1000,0.6051,-0.0616,0.1339,0.119,0.534,0.626,0.1374,0.19,0.151,0.151,1
"mirror","cfg5_psi-0.05_mu0.15_sps0.06","reversal",-0.05,0.15,0.1,0.75,"bias-dominated",0.06,12,0.3,1000,0.669,-0.081,0.1346,0.1075,0.854,0.699,0.1447,0.189,0.046,0.046,1
"mirror","cfg5_psi-0.05_mu0.2_sps0.06","reversal",-0.05,0.2,0.15,0.8,"bias-dominated",0.06,12,0.3,1000,0.7182,-0.0818,0.1281,0.0986,0.978,0.729,0.1429,0.199,0.005,0.005,1
"mirror","cfg5_psi-0.05_mu0.25_sps0.06","reversal",-0.05,0.25,0.2,0.8333,"bias-dominated",0.06,12,0.3,1000,0.7539,-0.0794,0.1223,0.093,0.997,0.752,0.1333,0.181,0,0,NA
"mirror","cfg5_psi-0.05_mu0.3_sps0.06","reversal",-0.05,0.3,0.25,0.8571,"bias-dominated",0.06,12,0.3,1000,0.7782,-0.0789,0.1154,0.0843,1,0.771,0.1239,0.179,0,0,NA
"mirror","cfg5_psi-0.05_mu0.35_sps0.06","reversal",-0.05,0.35,0.3,0.875,"bias-dominated",0.06,12,0.3,1000,0.7974,-0.0776,0.1107,0.079,1,0.743,0.1151,0.206,0,0,NA
"mirror","cfg5_psi-0.05_mu0.4_sps0.06","reversal",-0.05,0.4,0.35,0.8889,"bias-dominated",0.06,12,0.3,1000,0.8169,-0.072,0.1025,0.073,1,0.768,0.1089,0.2,0,0,NA
"main","cfg5_psi-0.1_mu-0.05_sps0.06","inflation",-0.1,-0.05,-0.15,0.3333,"mixed",0.06,12,0.3,1000,0.2077,-0.1257,0.1499,0.0818,0.778,0.974,0.3329,0.431,0.431,0.206,0
"main","cfg5_psi-0.1_mu-0.1_sps0.06","inflation",-0.1,-0.1,-0.2,0.5,"mixed",0.06,12,0.3,1000,0.2878,-0.2122,0.2474,0.1273,0.92,0.92,0.3709,0.434,0.434,0.08,0
"main","cfg5_psi-0.1_mu-0.15_sps0.06","inflation",-0.1,-0.15,-0.25,0.6,"bias-dominated",0.06,12,0.3,1000,0.4187,-0.1813,0.2209,0.1263,0,0.89,0.3743,0.446,0.445,0.019,1
"main","cfg5_psi-0.1_mu-0.2_sps0.06","inflation",-0.1,-0.2,-0.3,0.6667,"bias-dominated",0.06,12,0.3,1000,0.5181,-0.1485,0.1874,0.1143,0.002,0.89,0.3323,0.425,0.377,0.001,1
"main","cfg5_psi-0.1_mu-0.25_sps0.06","inflation",-0.1,-0.25,-0.35,0.7143,"bias-dominated",0.06,12,0.3,1000,0.5857,-0.1286,0.1699,0.111,0.02,0.868,0.2778,0.439,0.21,0,NA
"main","cfg5_psi-0.1_mu-0.3_sps0.06","inflation",-0.1,-0.3,-0.4,0.75,"bias-dominated",0.06,12,0.3,1000,0.6305,-0.1195,0.1567,0.1014,0.062,0.842,0.2446,0.459,0.087,0,NA
"main","cfg5_psi-0.1_mu-0.35_sps0.06","inflation",-0.1,-0.35,-0.45,0.7778,"bias-dominated",0.06,12,0.3,1000,0.6742,-0.1036,0.1409,0.0956,0.223,0.84,0.2177,0.453,0.015,0,NA
"main","cfg5_psi-0.1_mu-0.4_sps0.06","inflation",-0.1,-0.4,-0.5,0.8,"bias-dominated",0.06,12,0.3,1000,0.7089,-0.0911,0.1264,0.0876,0.487,0.842,0.1947,0.429,0.001,0,NA
"mirror","cfg5_psi-0.1_mu0.05_sps0.06","shrinkage",-0.1,0.05,-0.05,0.3333,"mixed",0.06,12,0.3,1000,0.4208,0.0875,0.139,0.1081,0.264,0.81,0.1428,0.457,0.456,0.448,0
"mirror","cfg5_psi-0.1_mu0.1_sps0.06","cancellation",-0.1,0.1,0,0.5,"mixed",0.06,12,0.3,1000,0.5175,0.0175,0.1082,0.1068,0.08,0.08,0.0655,0.433,0.387,0.387,0
"mirror","cfg5_psi-0.1_mu0.15_sps0.06","reversal",-0.1,0.15,0.05,0.6,"bias-dominated",0.06,12,0.3,1000,0.5826,-0.0174,0.1038,0.1023,0.765,0.46,0.0539,0.458,0.212,0.212,1
"mirror","cfg5_psi-0.1_mu0.2_sps0.06","reversal",-0.1,0.2,0.1,0.6667,"bias-dominated",0.06,12,0.3,1000,0.6366,-0.03,0.1002,0.0957,0.95,0.576,0.0805,0.449,0.05,0.05,1
"mirror","cfg5_psi-0.1_mu0.25_sps0.06","reversal",-0.1,0.25,0.15,0.7143,"bias-dominated",0.06,12,0.3,1000,0.6818,-0.0325,0.0976,0.092,0.993,0.677,0.0973,0.43,0.007,0.007,1
"mirror","cfg5_psi-0.1_mu0.3_sps0.06","reversal",-0.1,0.3,0.2,0.75,"bias-dominated",0.06,12,0.3,1000,0.7111,-0.0389,0.0909,0.0821,0.999,0.715,0.0954,0.439,0.001,0.001,1
"mirror","cfg5_psi-0.1_mu0.35_sps0.06","reversal",-0.1,0.35,0.25,0.7778,"bias-dominated",0.06,12,0.3,1000,0.7332,-0.0446,0.0913,0.0796,1,0.704,0.0949,0.441,0,0,NA
"mirror","cfg5_psi-0.1_mu0.4_sps0.06","reversal",-0.1,0.4,0.3,0.8,"bias-dominated",0.06,12,0.3,1000,0.761,-0.039,0.084,0.0744,1,0.757,0.0946,0.43,0,0,NA
"main","cfg5_psi-0.14_mu-0.05_sps0.06","inflation",-0.14,-0.05,-0.19,0.2632,"effect-dominated",0.06,12,0.3,1000,0.1647,-0.0985,0.112,0.0533,0.423,0.988,0.2629,0.678,0.678,0.415,0
"main","cfg5_psi-0.14_mu-0.1_sps0.06","inflation",-0.14,-0.1,-0.24,0.4167,"mixed",0.06,12,0.3,1000,0.2355,-0.1811,0.2033,0.0924,0.818,0.949,0.3074,0.678,0.678,0.182,0
"main","cfg5_psi-0.14_mu-0.15_sps0.06","inflation",-0.14,-0.15,-0.29,0.5172,"bias-dominated",0.06,12,0.3,1000,0.3592,-0.158,0.1892,0.1042,0,0.912,0.3231,0.662,0.661,0.063,1
"main","cfg5_psi-0.14_mu-0.2_sps0.06","inflation",-0.14,-0.2,-0.34,0.5882,"bias-dominated",0.06,12,0.3,1000,0.458,-0.1302,0.1667,0.1042,0.001,0.9,0.2971,0.651,0.605,0.011,1
"main","cfg5_psi-0.14_mu-0.25_sps0.06","inflation",-0.14,-0.25,-0.39,0.641,"bias-dominated",0.06,12,0.3,1000,0.5262,-0.1148,0.1505,0.0973,0.002,0.875,0.2582,0.682,0.431,0.002,1
"main","cfg5_psi-0.14_mu-0.3_sps0.06","inflation",-0.14,-0.3,-0.44,0.6818,"bias-dominated",0.06,12,0.3,1000,0.5738,-0.108,0.1395,0.0883,0.017,0.87,0.2277,0.695,0.197,0,NA
"main","cfg5_psi-0.14_mu-0.35_sps0.06","inflation",-0.14,-0.35,-0.49,0.7143,"bias-dominated",0.06,12,0.3,1000,0.6212,-0.0931,0.1258,0.0847,0.094,0.847,0.2079,0.654,0.059,0,NA
"main","cfg5_psi-0.14_mu-0.4_sps0.06","inflation",-0.14,-0.4,-0.54,0.7407,"bias-dominated",0.06,12,0.3,1000,0.6557,-0.085,0.1167,0.08,0.256,0.848,0.1863,0.673,0.007,0,NA
"mirror","cfg5_psi-0.14_mu0.05_sps0.06","shrinkage",-0.14,0.05,-0.09,0.2632,"effect-dominated",0.06,12,0.3,1000,0.3563,0.0932,0.1262,0.0852,0.878,0.881,0.1456,0.702,0.702,0.698,0
"mirror","cfg5_psi-0.14_mu0.1_sps0.06","shrinkage",-0.14,0.1,-0.04,0.4167,"mixed",0.06,12,0.3,1000,0.4564,0.0397,0.0962,0.0877,0.023,0.482,0.0665,0.675,0.642,0.642,0
"mirror","cfg5_psi-0.14_mu0.15_sps0.06","reversal",-0.14,0.15,0.01,0.5172,"bias-dominated",0.06,12,0.3,1000,0.5229,0.0057,0.0864,0.0862,0.541,0.083,0.0346,0.672,0.447,0.447,1
"mirror","cfg5_psi-0.14_mu0.2_sps0.06","reversal",-0.14,0.2,0.06,0.5882,"bias-dominated",0.06,12,0.3,1000,0.5815,-0.0067,0.0841,0.0839,0.844,0.356,0.0387,0.635,0.156,0.156,1
"mirror","cfg5_psi-0.14_mu0.25_sps0.06","reversal",-0.14,0.25,0.11,0.641,"bias-dominated",0.06,12,0.3,1000,0.6286,-0.0124,0.0832,0.0823,0.967,0.501,0.0608,0.628,0.033,0.033,1
"mirror","cfg5_psi-0.14_mu0.3_sps0.06","reversal",-0.14,0.3,0.16,0.6818,"bias-dominated",0.06,12,0.3,1000,0.661,-0.0208,0.0765,0.0737,0.997,0.627,0.0668,0.637,0.003,0.003,1
"mirror","cfg5_psi-0.14_mu0.35_sps0.06","reversal",-0.14,0.35,0.21,0.7143,"bias-dominated",0.06,12,0.3,1000,0.6841,-0.0302,0.0773,0.0713,1,0.634,0.0679,0.684,0,0,NA
"mirror","cfg5_psi-0.14_mu0.4_sps0.06","reversal",-0.14,0.4,0.26,0.7407,"bias-dominated",0.06,12,0.3,1000,0.7118,-0.0289,0.0734,0.0675,1,0.668,0.0713,0.652,0,0,NA
"main","cfg5_psi-0.18_mu-0.05_sps0.06","inflation",-0.18,-0.05,-0.23,0.2174,"effect-dominated",0.06,12,0.3,1000,0.1375,-0.0798,0.0884,0.038,0.656,1,0.2181,0.853,0.853,0.648,0
"main","cfg5_psi-0.18_mu-0.1_sps0.06","inflation",-0.18,-0.1,-0.28,0.3571,"mixed",0.06,12,0.3,1000,0.1962,-0.1609,0.1739,0.066,0.63,0.97,0.2656,0.864,0.864,0.37,0
"main","cfg5_psi-0.18_mu-0.15_sps0.06","inflation",-0.18,-0.15,-0.33,0.4545,"mixed",0.06,12,0.3,1000,0.3114,-0.1431,0.1647,0.0816,0.825,0.928,0.2804,0.847,0.846,0.175,0
"main","cfg5_psi-0.18_mu-0.2_sps0.06","inflation",-0.18,-0.2,-0.38,0.5263,"bias-dominated",0.06,12,0.3,1000,0.4064,-0.12,0.1455,0.0824,0,0.928,0.2662,0.843,0.819,0.04,1
"main","cfg5_psi-0.18_mu-0.25_sps0.06","inflation",-0.18,-0.25,-0.43,0.5814,"bias-dominated",0.06,12,0.3,1000,0.4713,-0.1101,0.1363,0.0804,0,0.888,0.2338,0.85,0.689,0.008,1
"main","cfg5_psi-0.18_mu-0.3_sps0.06","inflation",-0.18,-0.3,-0.48,0.625,"bias-dominated",0.06,12,0.3,1000,0.5231,-0.1019,0.1272,0.0761,0.002,0.878,0.2091,0.849,0.437,0.001,1
"main","cfg5_psi-0.18_mu-0.35_sps0.06","inflation",-0.18,-0.35,-0.53,0.6604,"bias-dominated",0.06,12,0.3,1000,0.5744,-0.086,0.1115,0.0709,0.02,0.875,0.1926,0.842,0.15,0,NA
"main","cfg5_psi-0.18_mu-0.4_sps0.06","inflation",-0.18,-0.4,-0.58,0.6897,"bias-dominated",0.06,12,0.3,1000,0.6111,-0.0786,0.1067,0.0722,0.137,0.864,0.176,0.829,0.039,0,NA
"mirror","cfg5_psi-0.18_mu0.05_sps0.06","shrinkage",-0.18,0.05,-0.13,0.2174,"effect-dominated",0.06,12,0.3,1000,0.3096,0.0922,0.1143,0.0676,0.967,0.929,0.144,0.86,0.86,0.859,0
"mirror","cfg5_psi-0.18_mu0.1_sps0.06","shrinkage",-0.18,0.1,-0.08,0.3571,"mixed",0.06,12,0.3,1000,0.4076,0.0504,0.0867,0.0706,0.004,0.706,0.0723,0.847,0.825,0.825,0
"mirror","cfg5_psi-0.18_mu0.15_sps0.06","shrinkage",-0.18,0.15,-0.03,0.4545,"mixed",0.06,12,0.3,1000,0.4737,0.0192,0.0737,0.0712,0.001,0.244,0.0346,0.849,0.681,0.681,0
"mirror","cfg5_psi-0.18_mu0.2_sps0.06","reversal",-0.18,0.2,0.02,0.5263,"bias-dominated",0.06,12,0.3,1000,0.5315,0.0052,0.0713,0.0712,0.64,0.115,0.0224,0.849,0.36,0.36,1
"mirror","cfg5_psi-0.18_mu0.25_sps0.06","reversal",-0.18,0.25,0.07,0.5814,"bias-dominated",0.06,12,0.3,1000,0.5784,-0.003,0.069,0.069,0.886,0.355,0.0332,0.84,0.114,0.114,1
"mirror","cfg5_psi-0.18_mu0.3_sps0.06","reversal",-0.18,0.3,0.12,0.625,"bias-dominated",0.06,12,0.3,1000,0.6135,-0.0115,0.0641,0.0631,0.985,0.508,0.0425,0.849,0.015,0.015,1
"mirror","cfg5_psi-0.18_mu0.35_sps0.06","reversal",-0.18,0.35,0.17,0.6604,"bias-dominated",0.06,12,0.3,1000,0.6388,-0.0215,0.0663,0.0627,1,0.562,0.0472,0.861,0,0,NA
"mirror","cfg5_psi-0.18_mu0.4_sps0.06","reversal",-0.18,0.4,0.22,0.6897,"bias-dominated",0.06,12,0.3,1000,0.6686,-0.021,0.0665,0.0631,1,0.582,0.0517,0.82,0,0,NA
"main","cfg5_psi-0.23_mu-0.05_sps0.06","inflation",-0.23,-0.05,-0.28,0.1786,"effect-dominated",0.06,12,0.3,1000,0.115,-0.0635,0.0691,0.0272,0.87,1,0.1783,0.956,0.956,0.866,0
"main","cfg5_psi-0.23_mu-0.1_sps0.06","inflation",-0.23,-0.1,-0.33,0.303,"effect-dominated",0.06,12,0.3,1000,0.1636,-0.1394,0.1479,0.0492,0.671,0.982,0.2232,0.953,0.953,0.671,0
"main","cfg5_psi-0.23_mu-0.15_sps0.06","inflation",-0.23,-0.15,-0.38,0.3947,"mixed",0.06,12,0.3,1000,0.2705,-0.1243,0.1403,0.0651,0.594,0.955,0.2466,0.951,0.951,0.406,0
"main","cfg5_psi-0.23_mu-0.2_sps0.06","inflation",-0.23,-0.2,-0.43,0.4651,"mixed",0.06,12,0.3,1000,0.3533,-0.1118,0.1288,0.064,0.847,0.94,0.2324,0.958,0.951,0.153,0
"main","cfg5_psi-0.23_mu-0.25_sps0.06","inflation",-0.23,-0.25,-0.48,0.5208,"bias-dominated",0.06,12,0.3,1000,0.4205,-0.1004,0.1177,0.0615,0,0.929,0.2098,0.966,0.889,0.037,1
"main","cfg5_psi-0.23_mu-0.3_sps0.06","inflation",-0.23,-0.3,-0.53,0.566,"bias-dominated",0.06,12,0.3,1000,0.4757,-0.0903,0.1112,0.0648,0,0.905,0.1902,0.956,0.683,0.01,1
"main","cfg5_psi-0.23_mu-0.35_sps0.06","inflation",-0.23,-0.35,-0.58,0.6034,"bias-dominated",0.06,12,0.3,1000,0.5216,-0.0819,0.1011,0.0593,0.002,0.894,0.1748,0.974,0.394,0,NA
"main","cfg5_psi-0.23_mu-0.4_sps0.06","inflation",-0.23,-0.4,-0.63,0.6349,"bias-dominated",0.06,12,0.3,1000,0.56,-0.0749,0.0967,0.0612,0.026,0.877,0.1618,0.963,0.165,0,NA
"mirror","cfg5_psi-0.23_mu0.05_sps0.06","shrinkage",-0.23,0.05,-0.18,0.1786,"effect-dominated",0.06,12,0.3,1000,0.2701,0.0915,0.1039,0.0492,0.994,0.969,0.1391,0.959,0.959,0.959,0
"mirror","cfg5_psi-0.23_mu0.1_sps0.06","shrinkage",-0.23,0.1,-0.13,0.303,"effect-dominated",0.06,12,0.3,1000,0.3555,0.0525,0.0745,0.0528,0.993,0.842,0.086,0.962,0.961,0.961,0
"mirror","cfg5_psi-0.23_mu0.15_sps0.06","shrinkage",-0.23,0.15,-0.08,0.3947,"mixed",0.06,12,0.3,1000,0.419,0.0243,0.0595,0.0543,0,0.604,0.0443,0.965,0.913,0.913,0
"mirror","cfg5_psi-0.23_mu0.2_sps0.06","shrinkage",-0.23,0.2,-0.03,0.4651,"mixed",0.06,12,0.3,1000,0.478,0.0129,0.0581,0.0566,0,0.213,0.0203,0.962,0.68,0.68,0
"mirror","cfg5_psi-0.23_mu0.25_sps0.06","reversal",-0.23,0.25,0.02,0.5208,"bias-dominated",0.06,12,0.3,1000,0.5246,0.0037,0.0563,0.0562,0.643,0.11,0.0145,0.963,0.357,0.357,1
"mirror","cfg5_psi-0.23_mu0.3_sps0.06","reversal",-0.23,0.3,0.07,0.566,"bias-dominated",0.06,12,0.3,1000,0.5638,-0.0023,0.0522,0.0522,0.914,0.321,0.0213,0.964,0.086,0.086,1
"mirror","cfg5_psi-0.23_mu0.35_sps0.06","reversal",-0.23,0.35,0.12,0.6034,"bias-dominated",0.06,12,0.3,1000,0.5915,-0.0119,0.0551,0.0538,0.973,0.421,0.0288,0.965,0.027,0.027,1
"mirror","cfg5_psi-0.23_mu0.4_sps0.06","reversal",-0.23,0.4,0.17,0.6349,"bias-dominated",0.06,12,0.3,1000,0.6233,-0.0117,0.0567,0.0555,0.998,0.471,0.0345,0.948,0.002,0.002,1
"main","cfg5_psi-0.27_mu-0.05_sps0.06","inflation",-0.27,-0.05,-0.32,0.1562,"effect-dominated",0.06,12,0.3,1000,0.1018,-0.0544,0.0588,0.0221,0.944,1,0.1551,0.99,0.99,0.941,0
"main","cfg5_psi-0.27_mu-0.1_sps0.06","inflation",-0.27,-0.1,-0.37,0.2703,"effect-dominated",0.06,12,0.3,1000,0.1459,-0.1244,0.1314,0.0422,0.848,0.98,0.1992,0.99,0.99,0.848,0
"main","cfg5_psi-0.27_mu-0.15_sps0.06","inflation",-0.27,-0.15,-0.42,0.3571,"mixed",0.06,12,0.3,1000,0.2443,-0.1128,0.1245,0.0527,0.413,0.972,0.2241,0.993,0.993,0.587,0
"main","cfg5_psi-0.27_mu-0.2_sps0.06","inflation",-0.27,-0.2,-0.47,0.4255,"mixed",0.06,12,0.3,1000,0.323,-0.1026,0.1172,0.0568,0.66,0.95,0.2138,0.99,0.989,0.34,0
"main","cfg5_psi-0.27_mu-0.25_sps0.06","inflation",-0.27,-0.25,-0.52,0.4808,"mixed",0.06,12,0.3,1000,0.3882,-0.0926,0.1076,0.0549,0.883,0.929,0.1946,0.995,0.967,0.117,0
"main","cfg5_psi-0.27_mu-0.3_sps0.06","inflation",-0.27,-0.3,-0.57,0.5263,"bias-dominated",0.06,12,0.3,1000,0.4425,-0.0838,0.0998,0.0542,0,0.929,0.1771,0.993,0.863,0.026,1
"main","cfg5_psi-0.27_mu-0.35_sps0.06","inflation",-0.27,-0.35,-0.62,0.5645,"bias-dominated",0.06,12,0.3,1000,0.4874,-0.0771,0.0942,0.0542,0.001,0.906,0.163,0.99,0.62,0.001,1
"main","cfg5_psi-0.27_mu-0.4_sps0.06","inflation",-0.27,-0.4,-0.67,0.597,"bias-dominated",0.06,12,0.3,1000,0.526,-0.071,0.0896,0.0547,0.005,0.894,0.1516,0.989,0.337,0,NA
"mirror","cfg5_psi-0.27_mu0.05_sps0.06","shrinkage",-0.27,0.05,-0.22,0.1562,"effect-dominated",0.06,12,0.3,1000,0.2441,0.0879,0.0972,0.0415,0.999,0.982,0.1339,0.985,0.985,0.985,0
"mirror","cfg5_psi-0.27_mu0.1_sps0.06","shrinkage",-0.27,0.1,-0.17,0.2703,"effect-dominated",0.06,12,0.3,1000,0.3236,0.0533,0.0699,0.0452,0.995,0.909,0.0925,0.989,0.988,0.988,0
"mirror","cfg5_psi-0.27_mu0.15_sps0.06","shrinkage",-0.27,0.15,-0.12,0.3571,"mixed",0.06,12,0.3,1000,0.3868,0.0297,0.0548,0.046,0,0.731,0.0526,0.993,0.985,0.985,0
"mirror","cfg5_psi-0.27_mu0.2_sps0.06","shrinkage",-0.27,0.2,-0.07,0.4255,"mixed",0.06,12,0.3,1000,0.4423,0.0168,0.0502,0.0473,0,0.441,0.0265,0.994,0.873,0.873,0
"mirror","cfg5_psi-0.27_mu0.25_sps0.06","shrinkage",-0.27,0.25,-0.02,0.4808,"mixed",0.06,12,0.3,1000,0.4877,0.0069,0.05,0.0496,0,0.1,0.0123,0.986,0.633,0.633,0
"mirror","cfg5_psi-0.27_mu0.3_sps0.06","reversal",-0.27,0.3,0.03,0.5263,"bias-dominated",0.06,12,0.3,1000,0.5273,9e-04,0.0475,0.0475,0.697,0.143,0.0109,0.995,0.303,0.303,1
"mirror","cfg5_psi-0.27_mu0.35_sps0.06","reversal",-0.27,0.35,0.08,0.5645,"bias-dominated",0.06,12,0.3,1000,0.5585,-0.006,0.0479,0.0475,0.905,0.297,0.0171,0.992,0.095,0.095,1
"mirror","cfg5_psi-0.27_mu0.4_sps0.06","reversal",-0.27,0.4,0.13,0.597,"bias-dominated",0.06,12,0.3,1000,0.5887,-0.0083,0.049,0.0483,0.985,0.379,0.024,0.99,0.015,0.015,1
"main","cfg5_psi-0.31_mu-0.05_sps0.06","inflation",-0.31,-0.05,-0.36,0.1389,"effect-dominated",0.06,12,0.3,1000,0.0915,-0.0474,0.0506,0.0177,0.988,1,0.1382,0.997,0.997,0.986,0
"main","cfg5_psi-0.31_mu-0.1_sps0.06","inflation",-0.31,-0.1,-0.41,0.2439,"effect-dominated",0.06,12,0.3,1000,0.1326,-0.1113,0.117,0.0362,0.943,0.987,0.1811,0.998,0.998,0.943,0
"main","cfg5_psi-0.31_mu-0.15_sps0.06","inflation",-0.31,-0.15,-0.46,0.3261,"effect-dominated",0.06,12,0.3,1000,0.2218,-0.1042,0.1134,0.0446,0.786,0.979,0.2052,0.997,0.997,0.786,0
"main","cfg5_psi-0.31_mu-0.2_sps0.06","inflation",-0.31,-0.2,-0.51,0.3922,"mixed",0.06,12,0.3,1000,0.2979,-0.0942,0.1059,0.0484,0.455,0.967,0.1968,0.998,0.997,0.545,0
"main","cfg5_psi-0.31_mu-0.25_sps0.06","inflation",-0.31,-0.25,-0.56,0.4464,"mixed",0.06,12,0.3,1000,0.3596,-0.0868,0.0991,0.0478,0.725,0.934,0.1814,0.999,0.994,0.275,0
"main","cfg5_psi-0.31_mu-0.3_sps0.06","inflation",-0.31,-0.3,-0.61,0.4918,"mixed",0.06,12,0.3,1000,0.4138,-0.0781,0.0913,0.0474,0.931,0.949,0.1652,0.997,0.947,0.069,0
"main","cfg5_psi-0.31_mu-0.35_sps0.06","inflation",-0.31,-0.35,-0.66,0.5303,"bias-dominated",0.06,12,0.3,1000,0.4563,-0.074,0.0886,0.0487,0.001,0.911,0.1524,1,0.823,0.021,1
"main","cfg5_psi-0.31_mu-0.4_sps0.06","inflation",-0.31,-0.4,-0.71,0.5634,"bias-dominated",0.06,12,0.3,1000,0.4958,-0.0676,0.0832,0.0486,0,0.903,0.1422,1,0.562,0.003,1
"mirror","cfg5_psi-0.31_mu0.05_sps0.06","shrinkage",-0.31,0.05,-0.26,0.1389,"effect-dominated",0.06,12,0.3,1000,0.2217,0.0828,0.0903,0.036,1,0.987,0.1279,0.996,0.996,0.996,0
"mirror","cfg5_psi-0.31_mu0.1_sps0.06","shrinkage",-0.31,0.1,-0.21,0.2439,"effect-dominated",0.06,12,0.3,1000,0.2978,0.0539,0.0666,0.0391,1,0.942,0.0953,0.998,0.998,0.998,0
"mirror","cfg5_psi-0.31_mu0.15_sps0.06","shrinkage",-0.31,0.15,-0.16,0.3261,"effect-dominated",0.06,12,0.3,1000,0.3586,0.0325,0.0519,0.0405,0.997,0.821,0.0585,0.999,0.997,0.997,0
"mirror","cfg5_psi-0.31_mu0.2_sps0.06","shrinkage",-0.31,0.2,-0.11,0.3922,"mixed",0.06,12,0.3,1000,0.4119,0.0197,0.0453,0.0408,0,0.604,0.0339,0.996,0.971,0.971,0
"mirror","cfg5_psi-0.31_mu0.25_sps0.06","shrinkage",-0.31,0.25,-0.06,0.4464,"mixed",0.06,12,0.3,1000,0.4592,0.0128,0.0466,0.0448,0,0.304,0.016,0.998,0.85,0.85,0
"mirror","cfg5_psi-0.31_mu0.3_sps0.06","shrinkage",-0.31,0.3,-0.01,0.4918,"mixed",0.06,12,0.3,1000,0.4995,0.0077,0.0434,0.0428,0,0.042,0.0087,0.999,0.532,0.532,0
"mirror","cfg5_psi-0.31_mu0.35_sps0.06","reversal",-0.31,0.35,0.04,0.5303,"bias-dominated",0.06,12,0.3,1000,0.531,7e-04,0.0423,0.0424,0.763,0.158,0.0089,0.999,0.237,0.237,1
"mirror","cfg5_psi-0.31_mu0.4_sps0.06","reversal",-0.31,0.4,0.09,0.5634,"bias-dominated",0.06,12,0.3,1000,0.5601,-0.0032,0.043,0.0429,0.928,0.282,0.0157,0.998,0.072,0.072,1
"main","cfg5_psi-0.36_mu-0.05_sps0.06","inflation",-0.36,-0.05,-0.41,0.122,"effect-dominated",0.06,12,0.3,1000,0.0801,-0.0418,0.0442,0.0142,1,1,0.1224,1,1,1,0
"main","cfg5_psi-0.36_mu-0.1_sps0.06","inflation",-0.36,-0.1,-0.46,0.2174,"effect-dominated",0.06,12,0.3,1000,0.1189,-0.0985,0.1038,0.0325,0.985,0.989,0.1628,1,1,0.985,0
"main","cfg5_psi-0.36_mu-0.15_sps0.06","inflation",-0.36,-0.15,-0.51,0.2941,"effect-dominated",0.06,12,0.3,1000,0.1986,-0.0955,0.1031,0.0389,0.941,0.978,0.1847,1,1,0.941,0
"main","cfg5_psi-0.36_mu-0.2_sps0.06","inflation",-0.36,-0.2,-0.56,0.3571,"mixed",0.06,12,0.3,1000,0.2706,-0.0866,0.0953,0.04,0.224,0.973,0.1802,1,1,0.776,0
"main","cfg5_psi-0.36_mu-0.25_sps0.06","inflation",-0.36,-0.25,-0.61,0.4098,"mixed",0.06,12,0.3,1000,0.33,-0.0798,0.0902,0.0421,0.449,0.951,0.1666,1,0.999,0.551,0
"main","cfg5_psi-0.36_mu-0.3_sps0.06","inflation",-0.36,-0.3,-0.66,0.4545,"mixed",0.06,12,0.3,1000,0.3822,-0.0723,0.0834,0.0415,0.731,0.959,0.1536,1,0.992,0.269,0
"main","cfg5_psi-0.36_mu-0.35_sps0.06","inflation",-0.36,-0.35,-0.71,0.493,"mixed",0.06,12,0.3,1000,0.4232,-0.0698,0.0809,0.0409,0.905,0.929,0.1423,1,0.957,0.095,0
"main","cfg5_psi-0.36_mu-0.4_sps0.06","inflation",-0.36,-0.4,-0.76,0.5263,"bias-dominated",0.06,12,0.3,1000,0.4621,-0.0642,0.0773,0.0431,0,0.913,0.1323,1,0.819,0.024,1
"mirror","cfg5_psi-0.36_mu0.05_sps0.06","shrinkage",-0.36,0.05,-0.31,0.122,"effect-dominated",0.06,12,0.3,1000,0.1997,0.0777,0.0837,0.031,1,0.986,0.1205,1,1,1,0
"mirror","cfg5_psi-0.36_mu0.1_sps0.06","shrinkage",-0.36,0.1,-0.26,0.2174,"effect-dominated",0.06,12,0.3,1000,0.2721,0.0547,0.064,0.0332,1,0.959,0.0955,1,1,1,0
"mirror","cfg5_psi-0.36_mu0.15_sps0.06","shrinkage",-0.36,0.15,-0.21,0.2941,"effect-dominated",0.06,12,0.3,1000,0.3303,0.0361,0.0496,0.034,0.999,0.884,0.0627,0.999,0.999,0.999,0
"mirror","cfg5_psi-0.36_mu0.2_sps0.06","shrinkage",-0.36,0.2,-0.16,0.3571,"mixed",0.06,12,0.3,1000,0.3785,0.0214,0.0408,0.0348,0,0.756,0.0412,0.999,0.997,0.997,0
"mirror","cfg5_psi-0.36_mu0.25_sps0.06","shrinkage",-0.36,0.25,-0.11,0.4098,"mixed",0.06,12,0.3,1000,0.4271,0.0173,0.0415,0.0377,0,0.509,0.0236,1,0.961,0.961,0
"mirror","cfg5_psi-0.36_mu0.3_sps0.06","shrinkage",-0.36,0.3,-0.06,0.4545,"mixed",0.06,12,0.3,1000,0.465,0.0105,0.0383,0.0369,0,0.256,0.0115,1,0.838,0.838,0
"mirror","cfg5_psi-0.36_mu0.35_sps0.06","shrinkage",-0.36,0.35,-0.01,0.493,"mixed",0.06,12,0.3,1000,0.4975,0.0045,0.0379,0.0376,0,0.032,0.007,1,0.562,0.562,0
"mirror","cfg5_psi-0.36_mu0.4_sps0.06","reversal",-0.36,0.4,0.04,0.5263,"bias-dominated",0.06,12,0.3,1000,0.5267,4e-04,0.0364,0.0364,0.748,0.134,0.0075,1,0.252,0.252,1
"main","cfg5_psi-0.4_mu-0.05_sps0.06","inflation",-0.4,-0.05,-0.45,0.1111,"effect-dominated",0.06,12,0.3,1000,0.0736,-0.0375,0.0395,0.0124,1,1,0.1125,1,1,1,0
"main","cfg5_psi-0.4_mu-0.1_sps0.06","inflation",-0.4,-0.1,-0.5,0.2,"effect-dominated",0.06,12,0.3,1000,0.1083,-0.0917,0.0959,0.0281,0.996,0.993,0.1486,1,1,0.996,0
"main","cfg5_psi-0.4_mu-0.15_sps0.06","inflation",-0.4,-0.15,-0.55,0.2727,"effect-dominated",0.06,12,0.3,1000,0.185,-0.0877,0.0948,0.0361,0.986,0.977,0.1716,1,1,0.986,0
"main","cfg5_psi-0.4_mu-0.2_sps0.06","inflation",-0.4,-0.2,-0.6,0.3333,"mixed",0.06,12,0.3,1000,0.2524,-0.0809,0.0886,0.0361,0.081,0.973,0.1684,1,1,0.919,0
"main","cfg5_psi-0.4_mu-0.25_sps0.06","inflation",-0.4,-0.25,-0.65,0.3846,"mixed",0.06,12,0.3,1000,0.3092,-0.0754,0.0845,0.0381,0.254,0.954,0.1563,1,0.999,0.746,0
"main","cfg5_psi-0.4_mu-0.3_sps0.06","inflation",-0.4,-0.3,-0.7,0.4286,"mixed",0.06,12,0.3,1000,0.3601,-0.0685,0.0785,0.0384,0.519,0.959,0.145,1,0.998,0.481,0
"main","cfg5_psi-0.4_mu-0.35_sps0.06","inflation",-0.4,-0.35,-0.75,0.4667,"mixed",0.06,12,0.3,1000,0.3992,-0.0674,0.077,0.0372,0.757,0.929,0.1348,1,0.988,0.243,0
"main","cfg5_psi-0.4_mu-0.4_sps0.06","inflation",-0.4,-0.4,-0.8,0.5,"mixed",0.06,12,0.3,1000,0.4379,-0.0621,0.074,0.0403,0.918,0.918,0.126,1,0.93,0.082,0
"mirror","cfg5_psi-0.4_mu0.05_sps0.06","shrinkage",-0.4,0.05,-0.35,0.1111,"effect-dominated",0.06,12,0.3,1000,0.1849,0.0737,0.0785,0.0269,1,0.993,0.1152,1,1,1,0
"mirror","cfg5_psi-0.4_mu0.1_sps0.06","shrinkage",-0.4,0.1,-0.3,0.2,"effect-dominated",0.06,12,0.3,1000,0.2533,0.0533,0.0601,0.0278,1,0.974,0.0936,1,1,1,0
"mirror","cfg5_psi-0.4_mu0.15_sps0.06","shrinkage",-0.4,0.15,-0.25,0.2727,"effect-dominated",0.06,12,0.3,1000,0.3101,0.0374,0.0489,0.0315,1,0.907,0.0651,1,1,1,0
"mirror","cfg5_psi-0.4_mu0.2_sps0.06","shrinkage",-0.4,0.2,-0.2,0.3333,"mixed",0.06,12,0.3,1000,0.3574,0.0241,0.0402,0.0322,0,0.796,0.0451,1,0.998,0.998,0
"mirror","cfg5_psi-0.4_mu0.25_sps0.06","shrinkage",-0.4,0.25,-0.15,0.3846,"mixed",0.06,12,0.3,1000,0.4027,0.0181,0.0377,0.0331,0,0.624,0.0291,1,0.991,0.991,0
"mirror","cfg5_psi-0.4_mu0.3_sps0.06","shrinkage",-0.4,0.3,-0.1,0.4286,"mixed",0.06,12,0.3,1000,0.4404,0.0118,0.0355,0.0335,0,0.417,0.0166,1,0.956,0.956,0
"mirror","cfg5_psi-0.4_mu0.35_sps0.06","shrinkage",-0.4,0.35,-0.05,0.4667,"mixed",0.06,12,0.3,1000,0.4715,0.0048,0.0343,0.034,0,0.181,0.009,1,0.806,0.806,0
"mirror","cfg5_psi-0.4_mu0.4_sps0.06","cancellation",-0.4,0.4,0,0.5,"mixed",0.06,12,0.3,1000,0.5015,0.0015,0.0326,0.0326,0,0,0.0053,1,0.51,0.51,0
"main","cfg6_psi-0.01_mu-0.05_sps0.1","inflation",-0.01,-0.05,-0.06,0.8333,"bias-dominated",0.1,12,0.3,1000,0.3013,-0.532,0.5461,0.1234,0,0.613,0.4156,0.055,0.055,0.05,1
"main","cfg6_psi-0.01_mu-0.1_sps0.1","inflation",-0.01,-0.1,-0.11,0.9091,"bias-dominated",0.1,12,0.3,1000,0.3982,-0.5109,0.5374,0.1667,0,0.463,0.4227,0.065,0.065,0.042,1
"main","cfg6_psi-0.01_mu-0.15_sps0.1","inflation",-0.01,-0.15,-0.16,0.9375,"bias-dominated",0.1,12,0.3,1000,0.5464,-0.3911,0.4223,0.1591,0.017,0.53,0.4138,0.069,0.069,0.015,1
"main","cfg6_psi-0.01_mu-0.2_sps0.1","inflation",-0.01,-0.2,-0.21,0.9524,"bias-dominated",0.1,12,0.3,1000,0.6377,-0.3147,0.3465,0.1452,0.127,0.548,0.3354,0.056,0.056,0.007,1
"main","cfg6_psi-0.01_mu-0.25_sps0.1","inflation",-0.01,-0.25,-0.26,0.9615,"bias-dominated",0.1,12,0.3,1000,0.6941,-0.2675,0.2993,0.1345,0.277,0.565,0.2679,0.067,0.062,0.005,1
"main","cfg6_psi-0.01_mu-0.3_sps0.1","inflation",-0.01,-0.3,-0.31,0.9677,"bias-dominated",0.1,12,0.3,1000,0.7315,-0.2362,0.2668,0.1241,0.439,0.539,0.2305,0.062,0.04,0.001,1
"main","cfg6_psi-0.01_mu-0.35_sps0.1","inflation",-0.01,-0.35,-0.36,0.9722,"bias-dominated",0.1,12,0.3,1000,0.7727,-0.1995,0.2273,0.1091,0.665,0.582,0.1984,0.054,0.012,0,NA
"main","cfg6_psi-0.01_mu-0.4_sps0.1","inflation",-0.01,-0.4,-0.41,0.9756,"bias-dominated",0.1,12,0.3,1000,0.7904,-0.1852,0.2126,0.1045,0.779,0.554,0.1793,0.06,0.005,0,NA
"mirror","cfg6_psi-0.01_mu0.05_sps0.1","reversal",-0.01,0.05,0.04,0.8333,"bias-dominated",0.1,12,0.3,1000,0.5556,-0.2777,0.3163,0.1514,0.05,0.565,0.3377,0.054,0.054,0.051,1
"mirror","cfg6_psi-0.01_mu0.1_sps0.1","reversal",-0.01,0.1,0.09,0.9091,"bias-dominated",0.1,12,0.3,1000,0.6304,-0.2787,0.3131,0.1428,0.347,0.535,0.2023,0.069,0.069,0.066,1
"mirror","cfg6_psi-0.01_mu0.15_sps0.1","reversal",-0.01,0.15,0.14,0.9375,"bias-dominated",0.1,12,0.3,1000,0.6904,-0.2471,0.2792,0.13,0.603,0.555,0.1686,0.072,0.066,0.063,1
"mirror","cfg6_psi-0.01_mu0.2_sps0.1","reversal",-0.01,0.2,0.19,0.9524,"bias-dominated",0.1,12,0.3,1000,0.7348,-0.2176,0.2469,0.1169,0.797,0.559,0.1544,0.054,0.024,0.022,1
"mirror","cfg6_psi-0.01_mu0.25_sps0.1","reversal",-0.01,0.25,0.24,0.9615,"bias-dominated",0.1,12,0.3,1000,0.7646,-0.1969,0.2251,0.1091,0.921,0.557,0.1407,0.064,0.006,0.005,1
"mirror","cfg6_psi-0.01_mu0.3_sps0.1","reversal",-0.01,0.3,0.29,0.9677,"bias-dominated",0.1,12,0.3,1000,0.7899,-0.1778,0.2043,0.1006,0.971,0.553,0.1287,0.064,0,0,NA
"mirror","cfg6_psi-0.01_mu0.35_sps0.1","reversal",-0.01,0.35,0.34,0.9722,"bias-dominated",0.1,12,0.3,1000,0.8161,-0.1561,0.1815,0.0926,0.988,0.584,0.1197,0.05,0,0,NA
"mirror","cfg6_psi-0.01_mu0.4_sps0.1","reversal",-0.01,0.4,0.39,0.9756,"bias-dominated",0.1,12,0.3,1000,0.8256,-0.1501,0.1727,0.0855,0.998,0.548,0.1113,0.051,0,0,NA
"main","cfg6_psi-0.05_mu-0.05_sps0.1","inflation",-0.05,-0.05,-0.1,0.5,"mixed",0.1,12,0.3,1000,0.2695,-0.2305,0.2628,0.1263,0.824,0.824,0.3952,0.121,0.121,0.117,0
"main","cfg6_psi-0.05_mu-0.1_sps0.1","inflation",-0.05,-0.1,-0.15,0.6667,"bias-dominated",0.1,12,0.3,1000,0.3619,-0.3048,0.3477,0.1673,0,0.727,0.402,0.12,0.12,0.085,1
"main","cfg6_psi-0.05_mu-0.15_sps0.1","inflation",-0.05,-0.15,-0.2,0.75,"bias-dominated",0.1,12,0.3,1000,0.5031,-0.2469,0.3006,0.1715,0.006,0.714,0.4023,0.122,0.122,0.034,1
"main","cfg6_psi-0.05_mu-0.2_sps0.1","inflation",-0.05,-0.2,-0.25,0.8,"bias-dominated",0.1,12,0.3,1000,0.5951,-0.2049,0.258,0.1569,0.064,0.715,0.3326,0.114,0.114,0.003,1
"main","cfg6_psi-0.05_mu-0.25_sps0.1","inflation",-0.05,-0.25,-0.3,0.8333,"bias-dominated",0.1,12,0.3,1000,0.6533,-0.18,0.2302,0.1436,0.151,0.722,0.2761,0.119,0.116,0.004,1
"main","cfg6_psi-0.05_mu-0.3_sps0.1","inflation",-0.05,-0.3,-0.35,0.8571,"bias-dominated",0.1,12,0.3,1000,0.695,-0.1621,0.2107,0.1346,0.301,0.697,0.2357,0.13,0.089,0.001,1
"main","cfg6_psi-0.05_mu-0.35_sps0.1","inflation",-0.05,-0.35,-0.4,0.875,"bias-dominated",0.1,12,0.3,1000,0.735,-0.14,0.1871,0.1241,0.475,0.709,0.2055,0.115,0.031,0,NA
"main","cfg6_psi-0.05_mu-0.4_sps0.1","inflation",-0.05,-0.4,-0.45,0.8889,"bias-dominated",0.1,12,0.3,1000,0.7587,-0.1302,0.1725,0.1131,0.659,0.682,0.1851,0.105,0.005,0,NA
"mirror","cfg6_psi-0.05_mu0.05_sps0.1","cancellation",-0.05,0.05,0,0.5,"mixed",0.1,12,0.3,1000,0.5079,0.0079,0.1568,0.1566,0.545,0.545,0.1777,0.113,0.113,0.113,0
"mirror","cfg6_psi-0.05_mu0.1_sps0.1","reversal",-0.05,0.1,0.05,0.6667,"bias-dominated",0.1,12,0.3,1000,0.5873,-0.0793,0.1689,0.1491,0.356,0.566,0.1369,0.128,0.128,0.127,1
"mirror","cfg6_psi-0.05_mu0.15_sps0.1","reversal",-0.05,0.15,0.1,0.75,"bias-dominated",0.1,12,0.3,1000,0.6493,-0.1007,0.1704,0.1375,0.658,0.62,0.1452,0.117,0.108,0.108,1
"mirror","cfg6_psi-0.05_mu0.2_sps0.1","reversal",-0.05,0.2,0.15,0.8,"bias-dominated",0.1,12,0.3,1000,0.7002,-0.0998,0.1608,0.1261,0.851,0.649,0.1427,0.115,0.057,0.057,1
"mirror","cfg6_psi-0.05_mu0.25_sps0.1","reversal",-0.05,0.25,0.2,0.8333,"bias-dominated",0.1,12,0.3,1000,0.7354,-0.098,0.1549,0.12,0.933,0.673,0.1331,0.115,0.025,0.025,1
"mirror","cfg6_psi-0.05_mu0.3_sps0.1","reversal",-0.05,0.3,0.25,0.8571,"bias-dominated",0.1,12,0.3,1000,0.76,-0.0971,0.1464,0.1095,0.981,0.659,0.1231,0.111,0.007,0.007,1
"mirror","cfg6_psi-0.05_mu0.35_sps0.1","reversal",-0.05,0.35,0.3,0.875,"bias-dominated",0.1,12,0.3,1000,0.7801,-0.0949,0.1417,0.1053,0.995,0.643,0.113,0.118,0.001,0.001,1
"mirror","cfg6_psi-0.05_mu0.4_sps0.1","reversal",-0.05,0.4,0.35,0.8889,"bias-dominated",0.1,12,0.3,1000,0.8008,-0.0881,0.1308,0.0967,1,0.673,0.1062,0.12,0,0,NA
"main","cfg6_psi-0.1_mu-0.05_sps0.1","inflation",-0.1,-0.05,-0.15,0.3333,"mixed",0.1,12,0.3,1000,0.226,-0.1074,0.1604,0.1192,0.702,0.903,0.3239,0.217,0.217,0.207,0
"main","cfg6_psi-0.1_mu-0.1_sps0.1","inflation",-0.1,-0.1,-0.2,0.5,"mixed",0.1,12,0.3,1000,0.307,-0.193,0.2523,0.1625,0.838,0.838,0.3598,0.235,0.235,0.153,0
"main","cfg6_psi-0.1_mu-0.15_sps0.1","inflation",-0.1,-0.15,-0.25,0.6,"bias-dominated",0.1,12,0.3,1000,0.4339,-0.1661,0.2329,0.1633,0.004,0.791,0.3659,0.231,0.231,0.076,1
"main","cfg6_psi-0.1_mu-0.2_sps0.1","inflation",-0.1,-0.2,-0.3,0.6667,"bias-dominated",0.1,12,0.3,1000,0.5295,-0.1371,0.2046,0.1519,0.03,0.776,0.3212,0.217,0.217,0.019,1
"main","cfg6_psi-0.1_mu-0.25_sps0.1","inflation",-0.1,-0.25,-0.35,0.7143,"bias-dominated",0.1,12,0.3,1000,0.5897,-0.1246,0.1923,0.1466,0.086,0.767,0.2635,0.225,0.22,0.013,1
"main","cfg6_psi-0.1_mu-0.3_sps0.1","inflation",-0.1,-0.3,-0.4,0.75,"bias-dominated",0.1,12,0.3,1000,0.6325,-0.1175,0.1815,0.1384,0.163,0.726,0.2325,0.256,0.181,0.004,1
"main","cfg6_psi-0.1_mu-0.35_sps0.1","inflation",-0.1,-0.35,-0.45,0.7778,"bias-dominated",0.1,12,0.3,1000,0.6759,-0.1019,0.1665,0.1317,0.302,0.727,0.2062,0.241,0.081,0.001,1
"main","cfg6_psi-0.1_mu-0.4_sps0.1","inflation",-0.1,-0.4,-0.5,0.8,"bias-dominated",0.1,12,0.3,1000,0.7094,-0.0906,0.15,0.1197,0.497,0.743,0.1851,0.228,0.028,0,NA
"mirror","cfg6_psi-0.1_mu0.05_sps0.1","shrinkage",-0.1,0.05,-0.05,0.3333,"mixed",0.1,12,0.3,1000,0.4324,0.0991,0.1818,0.1524,0.343,0.793,0.1481,0.255,0.255,0.255,0
"mirror","cfg6_psi-0.1_mu0.1_sps0.1","cancellation",-0.1,0.1,0,0.5,"mixed",0.1,12,0.3,1000,0.5271,0.0271,0.1545,0.1521,0.186,0.186,0.0885,0.229,0.229,0.229,0
"mirror","cfg6_psi-0.1_mu0.15_sps0.1","reversal",-0.1,0.15,0.05,0.6,"bias-dominated",0.1,12,0.3,1000,0.5843,-0.0157,0.1424,0.1416,0.582,0.413,0.0591,0.258,0.246,0.246,1
"mirror","cfg6_psi-0.1_mu0.2_sps0.1","reversal",-0.1,0.2,0.1,0.6667,"bias-dominated",0.1,12,0.3,1000,0.6394,-0.0272,0.1385,0.1359,0.812,0.486,0.0782,0.253,0.153,0.153,1
"mirror","cfg6_psi-0.1_mu0.25_sps0.1","reversal",-0.1,0.25,0.15,0.7143,"bias-dominated",0.1,12,0.3,1000,0.6843,-0.03,0.132,0.1286,0.917,0.585,0.0998,0.229,0.068,0.068,1
"mirror","cfg6_psi-0.1_mu0.3_sps0.1","reversal",-0.1,0.3,0.2,0.75,"bias-dominated",0.1,12,0.3,1000,0.711,-0.039,0.1211,0.1147,0.983,0.621,0.0967,0.208,0.014,0.014,1
"mirror","cfg6_psi-0.1_mu0.35_sps0.1","reversal",-0.1,0.35,0.25,0.7778,"bias-dominated",0.1,12,0.3,1000,0.7317,-0.0461,0.1225,0.1136,0.995,0.596,0.0925,0.261,0.005,0.005,1
"mirror","cfg6_psi-0.1_mu0.4_sps0.1","reversal",-0.1,0.4,0.3,0.8,"bias-dominated",0.1,12,0.3,1000,0.7604,-0.0396,0.1111,0.1038,0.998,0.669,0.0955,0.222,0.002,0.002,1
"main","cfg6_psi-0.14_mu-0.05_sps0.1","inflation",-0.14,-0.05,-0.19,0.2632,"effect-dominated",0.1,12,0.3,1000,0.1843,-0.0789,0.1262,0.0986,0.443,0.948,0.2639,0.352,0.352,0.341,0
"main","cfg6_psi-0.14_mu-0.1_sps0.1","inflation",-0.14,-0.1,-0.24,0.4167,"mixed",0.1,12,0.3,1000,0.2586,-0.158,0.2126,0.1422,0.715,0.869,0.304,0.375,0.375,0.276,0
"main","cfg6_psi-0.14_mu-0.15_sps0.1","inflation",-0.14,-0.15,-0.29,0.5172,"bias-dominated",0.1,12,0.3,1000,0.3809,-0.1364,0.2045,0.1525,0,0.819,0.3192,0.37,0.37,0.156,1
"main","cfg6_psi-0.14_mu-0.2_sps0.1","inflation",-0.14,-0.2,-0.34,0.5882,"bias-dominated",0.1,12,0.3,1000,0.4745,-0.1137,0.186,0.1473,0.017,0.788,0.2914,0.356,0.356,0.057,1
"main","cfg6_psi-0.14_mu-0.25_sps0.1","inflation",-0.14,-0.25,-0.39,0.641,"bias-dominated",0.1,12,0.3,1000,0.5402,-0.1008,0.1759,0.1443,0.038,0.772,0.251,0.362,0.355,0.034,1
"main","cfg6_psi-0.14_mu-0.3_sps0.1","inflation",-0.14,-0.3,-0.44,0.6818,"bias-dominated",0.1,12,0.3,1000,0.5838,-0.098,0.1647,0.1324,0.086,0.752,0.2217,0.386,0.286,0.004,1
"main","cfg6_psi-0.14_mu-0.35_sps0.1","inflation",-0.14,-0.35,-0.49,0.7143,"bias-dominated",0.1,12,0.3,1000,0.6317,-0.0825,0.1518,0.1275,0.194,0.742,0.2007,0.363,0.154,0,NA
"main","cfg6_psi-0.14_mu-0.4_sps0.1","inflation",-0.14,-0.4,-0.54,0.7407,"bias-dominated",0.1,12,0.3,1000,0.6641,-0.0767,0.1425,0.1201,0.338,0.745,0.1801,0.368,0.068,0,NA
"mirror","cfg6_psi-0.14_mu0.05_sps0.1","shrinkage",-0.14,0.05,-0.09,0.2632,"effect-dominated",0.1,12,0.3,1000,0.3729,0.1097,0.1748,0.1361,0.781,0.848,0.1455,0.386,0.386,0.385,0
"mirror","cfg6_psi-0.14_mu0.1_sps0.1","shrinkage",-0.14,0.1,-0.04,0.4167,"mixed",0.1,12,0.3,1000,0.4749,0.0583,0.1535,0.1421,0.107,0.401,0.0846,0.366,0.366,0.366,0
"mirror","cfg6_psi-0.14_mu0.15_sps0.1","reversal",-0.14,0.15,0.01,0.5172,"bias-dominated",0.1,12,0.3,1000,0.5372,0.02,0.1408,0.1394,0.481,0.09,0.0504,0.4,0.39,0.39,1
"mirror","cfg6_psi-0.14_mu0.2_sps0.1","reversal",-0.14,0.2,0.06,0.5882,"bias-dominated",0.1,12,0.3,1000,0.5948,0.0065,0.133,0.1329,0.707,0.253,0.0424,0.364,0.27,0.27,1
"mirror","cfg6_psi-0.14_mu0.25_sps0.1","reversal",-0.14,0.25,0.11,0.641,"bias-dominated",0.1,12,0.3,1000,0.6415,5e-04,0.1271,0.1272,0.867,0.366,0.0641,0.345,0.13,0.13,1
"mirror","cfg6_psi-0.14_mu0.3_sps0.1","reversal",-0.14,0.3,0.16,0.6818,"bias-dominated",0.1,12,0.3,1000,0.6707,-0.0111,0.1146,0.1141,0.953,0.45,0.0676,0.329,0.045,0.045,1
"mirror","cfg6_psi-0.14_mu0.35_sps0.1","reversal",-0.14,0.35,0.21,0.7143,"bias-dominated",0.1,12,0.3,1000,0.6895,-0.0248,0.1132,0.1105,0.977,0.457,0.0669,0.37,0.023,0.023,1
"mirror","cfg6_psi-0.14_mu0.4_sps0.1","reversal",-0.14,0.4,0.26,0.7407,"bias-dominated",0.1,12,0.3,1000,0.7179,-0.0228,0.1069,0.1045,0.998,0.492,0.0706,0.368,0.002,0.002,1
"main","cfg6_psi-0.18_mu-0.05_sps0.1","inflation",-0.18,-0.05,-0.23,0.2174,"effect-dominated",0.1,12,0.3,1000,0.1519,-0.0654,0.0997,0.0752,0.599,0.983,0.219,0.522,0.522,0.506,0
"main","cfg6_psi-0.18_mu-0.1_sps0.1","inflation",-0.18,-0.1,-0.28,0.3571,"mixed",0.1,12,0.3,1000,0.216,-0.1411,0.1822,0.1153,0.587,0.905,0.2656,0.516,0.516,0.401,0
"main","cfg6_psi-0.18_mu-0.15_sps0.1","inflation",-0.18,-0.15,-0.33,0.4545,"mixed",0.1,12,0.3,1000,0.3298,-0.1248,0.1805,0.1304,0.726,0.827,0.2763,0.547,0.547,0.274,0
"main","cfg6_psi-0.18_mu-0.2_sps0.1","inflation",-0.18,-0.2,-0.38,0.5263,"bias-dominated",0.1,12,0.3,1000,0.4259,-0.1005,0.1649,0.1308,0.006,0.817,0.2664,0.5,0.5,0.122,1
"main","cfg6_psi-0.18_mu-0.25_sps0.1","inflation",-0.18,-0.25,-0.43,0.5814,"bias-dominated",0.1,12,0.3,1000,0.485,-0.0964,0.1604,0.1283,0.015,0.775,0.2315,0.551,0.542,0.064,1
"main","cfg6_psi-0.18_mu-0.3_sps0.1","inflation",-0.18,-0.3,-0.48,0.625,"bias-dominated",0.1,12,0.3,1000,0.5338,-0.0912,0.1527,0.1225,0.04,0.755,0.2066,0.558,0.466,0.029,1
"main","cfg6_psi-0.18_mu-0.35_sps0.1","inflation",-0.18,-0.35,-0.53,0.6604,"bias-dominated",0.1,12,0.3,1000,0.5877,-0.0727,0.1352,0.1141,0.105,0.78,0.1917,0.498,0.228,0.007,1
"main","cfg6_psi-0.18_mu-0.4_sps0.1","inflation",-0.18,-0.4,-0.58,0.6897,"bias-dominated",0.1,12,0.3,1000,0.6229,-0.0668,0.1328,0.1149,0.238,0.74,0.1742,0.497,0.133,0,NA
"mirror","cfg6_psi-0.18_mu0.05_sps0.1","shrinkage",-0.18,0.05,-0.13,0.2174,"effect-dominated",0.1,12,0.3,1000,0.3235,0.1061,0.1553,0.1134,0.89,0.869,0.1394,0.558,0.558,0.557,0
"mirror","cfg6_psi-0.18_mu0.1_sps0.1","shrinkage",-0.18,0.1,-0.08,0.3571,"mixed",0.1,12,0.3,1000,0.4262,0.0691,0.1395,0.1212,0.049,0.554,0.0825,0.516,0.516,0.516,0
"mirror","cfg6_psi-0.18_mu0.15_sps0.1","shrinkage",-0.18,0.15,-0.03,0.4545,"mixed",0.1,12,0.3,1000,0.4889,0.0343,0.1269,0.1223,0.017,0.167,0.0482,0.519,0.514,0.514,0
"mirror","cfg6_psi-0.18_mu0.2_sps0.1","reversal",-0.18,0.2,0.02,0.5263,"bias-dominated",0.1,12,0.3,1000,0.5469,0.0205,0.1237,0.122,0.58,0.068,0.0328,0.508,0.41,0.41,1
"mirror","cfg6_psi-0.18_mu0.25_sps0.1","reversal",-0.18,0.25,0.07,0.5814,"bias-dominated",0.1,12,0.3,1000,0.5922,0.0108,0.1145,0.114,0.768,0.227,0.0363,0.477,0.23,0.23,1
"mirror","cfg6_psi-0.18_mu0.3_sps0.1","reversal",-0.18,0.3,0.12,0.625,"bias-dominated",0.1,12,0.3,1000,0.625,0,0.1057,0.1058,0.918,0.337,0.0424,0.497,0.081,0.081,1
"mirror","cfg6_psi-0.18_mu0.35_sps0.1","reversal",-0.18,0.35,0.17,0.6604,"bias-dominated",0.1,12,0.3,1000,0.6446,-0.0157,0.1025,0.1014,0.949,0.371,0.0467,0.532,0.051,0.051,1
"mirror","cfg6_psi-0.18_mu0.4_sps0.1","reversal",-0.18,0.4,0.22,0.6897,"bias-dominated",0.1,12,0.3,1000,0.6757,-0.0139,0.103,0.1021,0.986,0.389,0.0503,0.532,0.014,0.014,1
"main","cfg6_psi-0.23_mu-0.05_sps0.1","inflation",-0.23,-0.05,-0.28,0.1786,"effect-dominated",0.1,12,0.3,1000,0.1255,-0.0531,0.0803,0.0603,0.778,0.993,0.1781,0.718,0.718,0.697,0
"main","cfg6_psi-0.23_mu-0.1_sps0.1","inflation",-0.23,-0.1,-0.33,0.303,"effect-dominated",0.1,12,0.3,1000,0.175,-0.128,0.1518,0.0816,0.615,0.927,0.2235,0.715,0.715,0.605,0
"main","cfg6_psi-0.23_mu-0.15_sps0.1","inflation",-0.23,-0.15,-0.38,0.3947,"mixed",0.1,12,0.3,1000,0.2873,-0.1075,0.1536,0.1097,0.564,0.872,0.2457,0.698,0.698,0.436,0
"main","cfg6_psi-0.23_mu-0.2_sps0.1","inflation",-0.23,-0.2,-0.43,0.4651,"mixed",0.1,12,0.3,1000,0.3675,-0.0976,0.1439,0.1057,0.753,0.845,0.2321,0.696,0.696,0.246,0
"main","cfg6_psi-0.23_mu-0.25_sps0.1","inflation",-0.23,-0.25,-0.48,0.5208,"bias-dominated",0.1,12,0.3,1000,0.4327,-0.0881,0.1356,0.1032,0,0.818,0.2099,0.711,0.704,0.132,1
"main","cfg6_psi-0.23_mu-0.3_sps0.1","inflation",-0.23,-0.3,-0.53,0.566,"bias-dominated",0.1,12,0.3,1000,0.4866,-0.0794,0.1344,0.1084,0.016,0.772,0.1892,0.71,0.626,0.055,1
"main","cfg6_psi-0.23_mu-0.35_sps0.1","inflation",-0.23,-0.35,-0.58,0.6034,"bias-dominated",0.1,12,0.3,1000,0.5319,-0.0716,0.1204,0.0969,0.031,0.799,0.1752,0.7,0.431,0.013,1
"main","cfg6_psi-0.23_mu-0.4_sps0.1","inflation",-0.23,-0.4,-0.63,0.6349,"bias-dominated",0.1,12,0.3,1000,0.57,-0.0649,0.1189,0.0997,0.107,0.761,0.1616,0.696,0.262,0.004,1
"mirror","cfg6_psi-0.23_mu0.05_sps0.1","shrinkage",-0.23,0.05,-0.18,0.1786,"effect-dominated",0.1,12,0.3,1000,0.2839,0.1053,0.1388,0.0904,0.943,0.891,0.1351,0.698,0.698,0.698,0
"mirror","cfg6_psi-0.23_mu0.1_sps0.1","shrinkage",-0.23,0.1,-0.13,0.303,"effect-dominated",0.1,12,0.3,1000,0.3686,0.0656,0.115,0.0945,0.912,0.715,0.085,0.714,0.714,0.714,0
"mirror","cfg6_psi-0.23_mu0.15_sps0.1","shrinkage",-0.23,0.15,-0.08,0.3947,"mixed",0.1,12,0.3,1000,0.4289,0.0342,0.1034,0.0976,0.003,0.394,0.0515,0.714,0.712,0.712,0
"mirror","cfg6_psi-0.23_mu0.2_sps0.1","shrinkage",-0.23,0.2,-0.03,0.4651,"mixed",0.1,12,0.3,1000,0.4902,0.0251,0.1052,0.1022,0.001,0.127,0.0295,0.708,0.615,0.615,0
"mirror","cfg6_psi-0.23_mu0.25_sps0.1","reversal",-0.23,0.25,0.02,0.5208,"bias-dominated",0.1,12,0.3,1000,0.5356,0.0148,0.0996,0.0985,0.595,0.069,0.0219,0.715,0.405,0.405,1
"mirror","cfg6_psi-0.23_mu0.3_sps0.1","reversal",-0.23,0.3,0.07,0.566,"bias-dominated",0.1,12,0.3,1000,0.5747,0.0086,0.0923,0.092,0.796,0.191,0.0229,0.695,0.204,0.204,1
"mirror","cfg6_psi-0.23_mu0.35_sps0.1","reversal",-0.23,0.35,0.12,0.6034,"bias-dominated",0.1,12,0.3,1000,0.5976,-0.0059,0.0902,0.0901,0.881,0.266,0.0283,0.719,0.119,0.119,1
"mirror","cfg6_psi-0.23_mu0.4_sps0.1","reversal",-0.23,0.4,0.17,0.6349,"bias-dominated",0.1,12,0.3,1000,0.6317,-0.0032,0.0936,0.0936,0.962,0.311,0.0345,0.687,0.038,0.038,1
"main","cfg6_psi-0.27_mu-0.05_sps0.1","inflation",-0.27,-0.05,-0.32,0.1562,"effect-dominated",0.1,12,0.3,1000,0.1096,-0.0467,0.0665,0.0474,0.862,1,0.1552,0.834,0.834,0.818,0
"main","cfg6_psi-0.27_mu-0.1_sps0.1","inflation",-0.27,-0.1,-0.37,0.2703,"effect-dominated",0.1,12,0.3,1000,0.1529,-0.1174,0.1331,0.0629,0.762,0.941,0.1989,0.838,0.838,0.76,0
"main","cfg6_psi-0.27_mu-0.15_sps0.1","inflation",-0.27,-0.15,-0.42,0.3571,"mixed",0.1,12,0.3,1000,0.2573,-0.0998,0.1323,0.0869,0.447,0.908,0.2252,0.809,0.809,0.553,0
"main","cfg6_psi-0.27_mu-0.2_sps0.1","inflation",-0.27,-0.2,-0.47,0.4255,"mixed",0.1,12,0.3,1000,0.3354,-0.0901,0.13,0.0937,0.611,0.864,0.2134,0.815,0.815,0.388,0
"main","cfg6_psi-0.27_mu-0.25_sps0.1","inflation",-0.27,-0.25,-0.52,0.4808,"mixed",0.1,12,0.3,1000,0.3983,-0.0825,0.1211,0.0887,0.783,0.835,0.1947,0.82,0.818,0.216,0
"main","cfg6_psi-0.27_mu-0.3_sps0.1","inflation",-0.27,-0.3,-0.57,0.5263,"bias-dominated",0.1,12,0.3,1000,0.4514,-0.0749,0.117,0.0899,0.006,0.804,0.1771,0.817,0.739,0.098,1
"main","cfg6_psi-0.27_mu-0.35_sps0.1","inflation",-0.27,-0.35,-0.62,0.5645,"bias-dominated",0.1,12,0.3,1000,0.4962,-0.0683,0.1121,0.0889,0.015,0.798,0.163,0.818,0.58,0.04,1
"main","cfg6_psi-0.27_mu-0.4_sps0.1","inflation",-0.27,-0.4,-0.67,0.597,"bias-dominated",0.1,12,0.3,1000,0.5348,-0.0622,0.1084,0.0889,0.054,0.781,0.1519,0.809,0.398,0.014,1
"mirror","cfg6_psi-0.27_mu0.05_sps0.1","shrinkage",-0.27,0.05,-0.22,0.1562,"effect-dominated",0.1,12,0.3,1000,0.2558,0.0996,0.1271,0.079,0.977,0.931,0.131,0.822,0.822,0.822,0
"mirror","cfg6_psi-0.27_mu0.1_sps0.1","shrinkage",-0.27,0.1,-0.17,0.2703,"effect-dominated",0.1,12,0.3,1000,0.3343,0.064,0.105,0.0832,0.961,0.788,0.0906,0.834,0.834,0.834,0
"mirror","cfg6_psi-0.27_mu0.15_sps0.1","shrinkage",-0.27,0.15,-0.12,0.3571,"mixed",0.1,12,0.3,1000,0.3956,0.0384,0.0917,0.0833,0,0.544,0.0544,0.813,0.812,0.812,0
"mirror","cfg6_psi-0.27_mu0.2_sps0.1","shrinkage",-0.27,0.2,-0.07,0.4255,"mixed",0.1,12,0.3,1000,0.451,0.0255,0.0891,0.0854,0,0.284,0.0316,0.832,0.77,0.77,0
"mirror","cfg6_psi-0.27_mu0.25_sps0.1","shrinkage",-0.27,0.25,-0.02,0.4808,"mixed",0.1,12,0.3,1000,0.496,0.0152,0.0903,0.0891,0,0.06,0.0193,0.84,0.582,0.582,0
"mirror","cfg6_psi-0.27_mu0.3_sps0.1","reversal",-0.27,0.3,0.03,0.5263,"bias-dominated",0.1,12,0.3,1000,0.5347,0.0084,0.0814,0.081,0.631,0.09,0.0158,0.825,0.369,0.369,1
"mirror","cfg6_psi-0.27_mu0.35_sps0.1","reversal",-0.27,0.35,0.08,0.5645,"bias-dominated",0.1,12,0.3,1000,0.5646,0,0.0815,0.0816,0.778,0.187,0.0178,0.838,0.222,0.222,1
"mirror","cfg6_psi-0.27_mu0.4_sps0.1","reversal",-0.27,0.4,0.13,0.597,"bias-dominated",0.1,12,0.3,1000,0.5957,-0.0013,0.0832,0.0832,0.893,0.232,0.0238,0.805,0.107,0.107,1
"main","cfg6_psi-0.31_mu-0.05_sps0.1","inflation",-0.31,-0.05,-0.36,0.1389,"effect-dominated",0.1,12,0.3,1000,0.0966,-0.0422,0.0532,0.0323,0.923,1,0.1389,0.896,0.896,0.889,0
"main","cfg6_psi-0.31_mu-0.1_sps0.1","inflation",-0.31,-0.1,-0.41,0.2439,"effect-dominated",0.1,12,0.3,1000,0.1384,-0.1055,0.1177,0.0523,0.85,0.959,0.1811,0.904,0.904,0.843,0
"main","cfg6_psi-0.31_mu-0.15_sps0.1","inflation",-0.31,-0.15,-0.46,0.3261,"effect-dominated",0.1,12,0.3,1000,0.2319,-0.0942,0.1178,0.0707,0.696,0.929,0.2061,0.885,0.885,0.696,0
"main","cfg6_psi-0.31_mu-0.2_sps0.1","inflation",-0.31,-0.2,-0.51,0.3922,"mixed",0.1,12,0.3,1000,0.3076,-0.0845,0.1154,0.0786,0.467,0.883,0.1977,0.901,0.901,0.533,0
"main","cfg6_psi-0.31_mu-0.25_sps0.1","inflation",-0.31,-0.25,-0.56,0.4464,"mixed",0.1,12,0.3,1000,0.3675,-0.0789,0.109,0.0753,0.663,0.859,0.1817,0.904,0.902,0.337,0
"main","cfg6_psi-0.31_mu-0.3_sps0.1","inflation",-0.31,-0.3,-0.61,0.4918,"mixed",0.1,12,0.3,1000,0.421,-0.0708,0.1053,0.078,0.815,0.847,0.1654,0.906,0.866,0.183,0
"main","cfg6_psi-0.31_mu-0.35_sps0.1","inflation",-0.31,-0.35,-0.66,0.5303,"bias-dominated",0.1,12,0.3,1000,0.4629,-0.0674,0.1039,0.0792,0.004,0.802,0.1531,0.911,0.727,0.096,1
"main","cfg6_psi-0.31_mu-0.4_sps0.1","inflation",-0.31,-0.4,-0.71,0.5634,"bias-dominated",0.1,12,0.3,1000,0.5031,-0.0603,0.0995,0.0792,0.024,0.796,0.1423,0.889,0.545,0.036,1
"mirror","cfg6_psi-0.31_mu0.05_sps0.1","shrinkage",-0.31,0.05,-0.26,0.1389,"effect-dominated",0.1,12,0.3,1000,0.2311,0.0922,0.1138,0.0667,0.986,0.954,0.1266,0.907,0.907,0.907,0
"mirror","cfg6_psi-0.31_mu0.1_sps0.1","shrinkage",-0.31,0.1,-0.21,0.2439,"effect-dominated",0.1,12,0.3,1000,0.3069,0.063,0.0944,0.0704,0.98,0.822,0.092,0.895,0.895,0.895,0
"mirror","cfg6_psi-0.31_mu0.15_sps0.1","shrinkage",-0.31,0.15,-0.16,0.3261,"effect-dominated",0.1,12,0.3,1000,0.3654,0.0393,0.0821,0.0721,0.955,0.643,0.0584,0.913,0.913,0.913,0
"mirror","cfg6_psi-0.31_mu0.2_sps0.1","shrinkage",-0.31,0.2,-0.11,0.3922,"mixed",0.1,12,0.3,1000,0.4183,0.0262,0.0774,0.0729,0,0.421,0.0358,0.912,0.864,0.864,0
"mirror","cfg6_psi-0.31_mu0.25_sps0.1","shrinkage",-0.31,0.25,-0.06,0.4464,"mixed",0.1,12,0.3,1000,0.4679,0.0215,0.0839,0.0811,0,0.195,0.0205,0.908,0.716,0.716,0
"mirror","cfg6_psi-0.31_mu0.3_sps0.1","shrinkage",-0.31,0.3,-0.01,0.4918,"mixed",0.1,12,0.3,1000,0.5078,0.016,0.075,0.0733,0,0.017,0.0139,0.9,0.499,0.499,0
"mirror","cfg6_psi-0.31_mu0.35_sps0.1","reversal",-0.31,0.35,0.04,0.5303,"bias-dominated",0.1,12,0.3,1000,0.538,0.0077,0.0745,0.0741,0.659,0.087,0.0127,0.899,0.341,0.341,1
"mirror","cfg6_psi-0.31_mu0.4_sps0.1","reversal",-0.31,0.4,0.09,0.5634,"bias-dominated",0.1,12,0.3,1000,0.5669,0.0035,0.0739,0.0739,0.812,0.176,0.0166,0.896,0.188,0.188,1
"main","cfg6_psi-0.36_mu-0.05_sps0.1","inflation",-0.36,-0.05,-0.41,0.122,"effect-dominated",0.1,12,0.3,1000,0.0836,-0.0384,0.0459,0.0252,0.971,1,0.1224,0.956,0.956,0.952,0
"main","cfg6_psi-0.36_mu-0.1_sps0.1","inflation",-0.36,-0.1,-0.46,0.2174,"effect-dominated",0.1,12,0.3,1000,0.1236,-0.0938,0.1044,0.0458,0.923,0.967,0.1625,0.959,0.959,0.922,0
"main","cfg6_psi-0.36_mu-0.15_sps0.1","inflation",-0.36,-0.15,-0.51,0.2941,"effect-dominated",0.1,12,0.3,1000,0.2051,-0.0891,0.1052,0.056,0.833,0.93,0.1846,0.959,0.959,0.833,0
"main","cfg6_psi-0.36_mu-0.2_sps0.1","inflation",-0.36,-0.2,-0.56,0.3571,"mixed",0.1,12,0.3,1000,0.2774,-0.0797,0.1008,0.0617,0.311,0.909,0.1812,0.967,0.967,0.689,0
"main","cfg6_psi-0.36_mu-0.25_sps0.1","inflation",-0.36,-0.25,-0.61,0.4098,"mixed",0.1,12,0.3,1000,0.3363,-0.0735,0.0986,0.0658,0.471,0.878,0.1668,0.967,0.965,0.528,0
"main","cfg6_psi-0.36_mu-0.3_sps0.1","inflation",-0.36,-0.3,-0.66,0.4545,"mixed",0.1,12,0.3,1000,0.3884,-0.0662,0.0934,0.066,0.647,0.873,0.154,0.963,0.927,0.353,0
"main","cfg6_psi-0.36_mu-0.35_sps0.1","inflation",-0.36,-0.35,-0.71,0.493,"mixed",0.1,12,0.3,1000,0.4285,-0.0645,0.0912,0.0646,0.799,0.839,0.1431,0.971,0.864,0.201,0
"main","cfg6_psi-0.36_mu-0.4_sps0.1","inflation",-0.36,-0.4,-0.76,0.5263,"bias-dominated",0.1,12,0.3,1000,0.4682,-0.0581,0.0922,0.0716,0.007,0.799,0.1321,0.965,0.731,0.097,1
"mirror","cfg6_psi-0.36_mu0.05_sps0.1","shrinkage",-0.36,0.05,-0.31,0.122,"effect-dominated",0.1,12,0.3,1000,0.2063,0.0843,0.0993,0.0525,0.998,0.964,0.1199,0.961,0.961,0.961,0
"mirror","cfg6_psi-0.36_mu0.1_sps0.1","shrinkage",-0.36,0.1,-0.26,0.2174,"effect-dominated",0.1,12,0.3,1000,0.2801,0.0627,0.0858,0.0586,0.996,0.87,0.0927,0.949,0.949,0.949,0
"mirror","cfg6_psi-0.36_mu0.15_sps0.1","shrinkage",-0.36,0.15,-0.21,0.2941,"effect-dominated",0.1,12,0.3,1000,0.3365,0.0424,0.0739,0.0606,0.988,0.737,0.0619,0.972,0.972,0.972,0
"mirror","cfg6_psi-0.36_mu0.2_sps0.1","shrinkage",-0.36,0.2,-0.16,0.3571,"mixed",0.1,12,0.3,1000,0.3825,0.0254,0.0664,0.0614,0,0.559,0.0417,0.972,0.958,0.958,0
"mirror","cfg6_psi-0.36_mu0.25_sps0.1","shrinkage",-0.36,0.25,-0.11,0.4098,"mixed",0.1,12,0.3,1000,0.4346,0.0247,0.0721,0.0677,0,0.331,0.0244,0.962,0.862,0.862,0
"mirror","cfg6_psi-0.36_mu0.3_sps0.1","shrinkage",-0.36,0.3,-0.06,0.4545,"mixed",0.1,12,0.3,1000,0.4716,0.0171,0.0667,0.0645,0,0.163,0.0149,0.959,0.722,0.722,0
"mirror","cfg6_psi-0.36_mu0.35_sps0.1","shrinkage",-0.36,0.35,-0.01,0.493,"mixed",0.1,12,0.3,1000,0.5033,0.0103,0.0662,0.0654,0,0.019,0.011,0.963,0.54,0.54,0
"mirror","cfg6_psi-0.36_mu0.4_sps0.1","reversal",-0.36,0.4,0.04,0.5263,"bias-dominated",0.1,12,0.3,1000,0.5319,0.0055,0.0624,0.0622,0.668,0.084,0.0104,0.971,0.332,0.332,1
"main","cfg6_psi-0.4_mu-0.05_sps0.1","inflation",-0.4,-0.05,-0.45,0.1111,"effect-dominated",0.1,12,0.3,1000,0.0762,-0.0349,0.0406,0.0207,0.987,1,0.1121,0.989,0.989,0.986,0
"main","cfg6_psi-0.4_mu-0.1_sps0.1","inflation",-0.4,-0.1,-0.5,0.2,"effect-dominated",0.1,12,0.3,1000,0.1112,-0.0888,0.0957,0.0357,0.97,0.974,0.1482,0.989,0.989,0.969,0
"main","cfg6_psi-0.4_mu-0.15_sps0.1","inflation",-0.4,-0.15,-0.55,0.2727,"effect-dominated",0.1,12,0.3,1000,0.1899,-0.0828,0.0961,0.0487,0.908,0.931,0.1724,0.987,0.987,0.908,0
"main","cfg6_psi-0.4_mu-0.2_sps0.1","inflation",-0.4,-0.2,-0.6,0.3333,"mixed",0.1,12,0.3,1000,0.2578,-0.0755,0.0923,0.0531,0.203,0.916,0.1683,0.989,0.989,0.797,0
"main","cfg6_psi-0.4_mu-0.25_sps0.1","inflation",-0.4,-0.25,-0.65,0.3846,"mixed",0.1,12,0.3,1000,0.3141,-0.0705,0.0917,0.0588,0.332,0.887,0.1569,0.986,0.986,0.668,0
"main","cfg6_psi-0.4_mu-0.3_sps0.1","inflation",-0.4,-0.3,-0.7,0.4286,"mixed",0.1,12,0.3,1000,0.3659,-0.0627,0.0867,0.06,0.523,0.88,0.1452,0.981,0.971,0.477,0
"main","cfg6_psi-0.4_mu-0.35_sps0.1","inflation",-0.4,-0.35,-0.75,0.4667,"mixed",0.1,12,0.3,1000,0.4032,-0.0635,0.086,0.0581,0.685,0.84,0.1349,0.988,0.945,0.315,0
"main","cfg6_psi-0.4_mu-0.4_sps0.1","inflation",-0.4,-0.4,-0.8,0.5,"mixed",0.1,12,0.3,1000,0.4428,-0.0572,0.0872,0.0658,0.815,0.815,0.1256,0.982,0.826,0.181,0
"mirror","cfg6_psi-0.4_mu0.05_sps0.1","shrinkage",-0.4,0.05,-0.35,0.1111,"effect-dominated",0.1,12,0.3,1000,0.1895,0.0784,0.0891,0.0423,1,0.973,0.1144,0.986,0.986,0.986,0
"mirror","cfg6_psi-0.4_mu0.1_sps0.1","shrinkage",-0.4,0.1,-0.3,0.2,"effect-dominated",0.1,12,0.3,1000,0.259,0.059,0.0755,0.0471,1,0.908,0.0919,0.985,0.985,0.985,0
"mirror","cfg6_psi-0.4_mu0.15_sps0.1","shrinkage",-0.4,0.15,-0.25,0.2727,"effect-dominated",0.1,12,0.3,1000,0.3158,0.0431,0.0701,0.0554,0.994,0.768,0.0637,0.987,0.987,0.987,0
"mirror","cfg6_psi-0.4_mu0.2_sps0.1","shrinkage",-0.4,0.2,-0.2,0.3333,"mixed",0.1,12,0.3,1000,0.3615,0.0282,0.0628,0.0561,0,0.638,0.0449,0.989,0.981,0.981,0
"mirror","cfg6_psi-0.4_mu0.25_sps0.1","shrinkage",-0.4,0.25,-0.15,0.3846,"mixed",0.1,12,0.3,1000,0.4081,0.0234,0.0629,0.0584,0,0.446,0.0296,0.988,0.933,0.933,0
"mirror","cfg6_psi-0.4_mu0.3_sps0.1","shrinkage",-0.4,0.3,-0.1,0.4286,"mixed",0.1,12,0.3,1000,0.4455,0.0169,0.061,0.0586,0,0.261,0.0182,0.988,0.846,0.846,0
"mirror","cfg6_psi-0.4_mu0.35_sps0.1","shrinkage",-0.4,0.35,-0.05,0.4667,"mixed",0.1,12,0.3,1000,0.4751,0.0084,0.0592,0.0587,0,0.108,0.0121,0.986,0.699,0.699,0
"mirror","cfg6_psi-0.4_mu0.4_sps0.1","cancellation",-0.4,0.4,0,0.5,"mixed",0.1,12,0.3,1000,0.5049,0.0049,0.0563,0.0561,0,0,0.0087,0.988,0.51,0.51,0
"main","cfg7_psi-0.01_mu-0.05_sps0.06","inflation",-0.01,-0.05,-0.06,0.8333,"bias-dominated",0.06,25,0.3,1000,0.2748,-0.5586,0.5727,0.1265,0,0.481,0.388,0.051,0.051,0.05,1
"main","cfg7_psi-0.01_mu-0.1_sps0.06","inflation",-0.01,-0.1,-0.11,0.9091,"bias-dominated",0.06,25,0.3,1000,0.4749,-0.4342,0.4665,0.1708,0.004,0.5,0.4127,0.04,0.04,0.018,1
"main","cfg7_psi-0.01_mu-0.15_sps0.06","inflation",-0.01,-0.15,-0.16,0.9375,"bias-dominated",0.06,25,0.3,1000,0.6286,-0.3089,0.345,0.1537,0.119,0.54,0.3066,0.057,0.057,0.005,1
"main","cfg7_psi-0.01_mu-0.2_sps0.06","inflation",-0.01,-0.2,-0.21,0.9524,"bias-dominated",0.06,25,0.3,1000,0.6998,-0.2526,0.2852,0.1324,0.315,0.532,0.2341,0.05,0.042,0,NA
"main","cfg7_psi-0.01_mu-0.25_sps0.06","inflation",-0.01,-0.25,-0.26,0.9615,"bias-dominated",0.06,25,0.3,1000,0.7574,-0.2041,0.2359,0.1183,0.627,0.541,0.1891,0.051,0.013,0,NA
"main","cfg7_psi-0.01_mu-0.3_sps0.06","inflation",-0.01,-0.3,-0.31,0.9677,"bias-dominated",0.06,25,0.3,1000,0.7903,-0.1774,0.2055,0.1038,0.857,0.538,0.1629,0.059,0.001,0,NA
"main","cfg7_psi-0.01_mu-0.35_sps0.06","inflation",-0.01,-0.35,-0.36,0.9722,"bias-dominated",0.06,25,0.3,1000,0.8204,-0.1518,0.1781,0.0931,0.975,0.542,0.1404,0.056,0,0,NA
"main","cfg7_psi-0.01_mu-0.4_sps0.06","inflation",-0.01,-0.4,-0.41,0.9756,"bias-dominated",0.06,25,0.3,1000,0.84,-0.1356,0.1596,0.0842,0.996,0.549,0.1246,0.053,0,0,NA
"mirror","cfg7_psi-0.01_mu0.05_sps0.06","reversal",-0.01,0.05,0.04,0.8333,"bias-dominated",0.06,25,0.3,1000,0.6164,-0.2169,0.2622,0.1474,0.424,0.534,0.1564,0.047,0.047,0.047,1
"mirror","cfg7_psi-0.01_mu0.1_sps0.06","reversal",-0.01,0.1,0.09,0.9091,"bias-dominated",0.06,25,0.3,1000,0.7012,-0.2079,0.2445,0.1289,0.832,0.538,0.1455,0.057,0.045,0.044,1
"mirror","cfg7_psi-0.01_mu0.15_sps0.06","reversal",-0.01,0.15,0.14,0.9375,"bias-dominated",0.06,25,0.3,1000,0.7577,-0.1798,0.2128,0.1138,0.971,0.562,0.1297,0.049,0.007,0.006,1
"mirror","cfg7_psi-0.01_mu0.2_sps0.06","reversal",-0.01,0.2,0.19,0.9524,"bias-dominated",0.06,25,0.3,1000,0.7898,-0.1625,0.1918,0.1018,0.997,0.542,0.1132,0.051,0.001,0.001,1
"mirror","cfg7_psi-0.01_mu0.25_sps0.06","reversal",-0.01,0.25,0.24,0.9615,"bias-dominated",0.06,25,0.3,1000,0.8152,-0.1463,0.1735,0.0933,1,0.534,0.1006,0.061,0,0,NA
"mirror","cfg7_psi-0.01_mu0.3_sps0.06","reversal",-0.01,0.3,0.29,0.9677,"bias-dominated",0.06,25,0.3,1000,0.8405,-0.1272,0.1513,0.0819,1,0.548,0.0924,0.05,0,0,NA
"mirror","cfg7_psi-0.01_mu0.35_sps0.06","reversal",-0.01,0.35,0.34,0.9722,"bias-dominated",0.06,25,0.3,1000,0.8554,-0.1168,0.1389,0.0752,1,0.544,0.084,0.055,0,0,NA
"mirror","cfg7_psi-0.01_mu0.4_sps0.06","reversal",-0.01,0.4,0.39,0.9756,"bias-dominated",0.06,25,0.3,1000,0.8678,-0.1078,0.1289,0.0708,1,0.55,0.0777,0.061,0,0,NA
"main","cfg7_psi-0.05_mu-0.05_sps0.06","inflation",-0.05,-0.05,-0.1,0.5,"mixed",0.06,25,0.3,1000,0.2135,-0.2865,0.3068,0.1097,0.652,0.652,0.3071,0.172,0.172,0.169,0
"main","cfg7_psi-0.05_mu-0.1_sps0.06","inflation",-0.05,-0.1,-0.15,0.6667,"bias-dominated",0.06,25,0.3,1000,0.3813,-0.2853,0.3284,0.1627,0.001,0.614,0.3523,0.158,0.158,0.101,1
"main","cfg7_psi-0.05_mu-0.15_sps0.06","inflation",-0.05,-0.15,-0.2,0.75,"bias-dominated",0.06,25,0.3,1000,0.547,-0.203,0.2569,0.1576,0.036,0.634,0.2967,0.145,0.145,0.024,1
"main","cfg7_psi-0.05_mu-0.2_sps0.06","inflation",-0.05,-0.2,-0.25,0.8,"bias-dominated",0.06,25,0.3,1000,0.6233,-0.1767,0.2247,0.139,0.145,0.593,0.2291,0.173,0.148,0,NA
"main","cfg7_psi-0.05_mu-0.25_sps0.06","inflation",-0.05,-0.25,-0.3,0.8333,"bias-dominated",0.06,25,0.3,1000,0.6909,-0.1424,0.1875,0.1221,0.419,0.626,0.1911,0.134,0.048,0,NA
"main","cfg7_psi-0.05_mu-0.3_sps0.06","inflation",-0.05,-0.3,-0.35,0.8571,"bias-dominated",0.06,25,0.3,1000,0.7273,-0.1298,0.1728,0.1142,0.669,0.6,0.1623,0.171,0.008,0,NA
"main","cfg7_psi-0.05_mu-0.35_sps0.06","inflation",-0.05,-0.35,-0.4,0.875,"bias-dominated",0.06,25,0.3,1000,0.7617,-0.1133,0.1526,0.1023,0.892,0.594,0.1421,0.154,0,0,NA
"main","cfg7_psi-0.05_mu-0.4_sps0.06","inflation",-0.05,-0.4,-0.45,0.8889,"bias-dominated",0.06,25,0.3,1000,0.7874,-0.1015,0.1387,0.0945,0.98,0.594,0.1253,0.149,0,0,NA
"mirror","cfg7_psi-0.05_mu0.05_sps0.06","cancellation",-0.05,0.05,0,0.5,"mixed",0.06,25,0.3,1000,0.5219,0.0219,0.1459,0.1444,0.123,0.123,0.0767,0.159,0.159,0.159,0
"mirror","cfg7_psi-0.05_mu0.1_sps0.06","reversal",-0.05,0.1,0.05,0.6667,"bias-dominated",0.06,25,0.3,1000,0.6125,-0.0541,0.142,0.1314,0.756,0.448,0.0578,0.165,0.142,0.141,1
"mirror","cfg7_psi-0.05_mu0.15_sps0.06","reversal",-0.05,0.15,0.1,0.75,"bias-dominated",0.06,25,0.3,1000,0.6824,-0.0676,0.1385,0.121,0.947,0.553,0.0853,0.154,0.049,0.049,1
"mirror","cfg7_psi-0.05_mu0.2_sps0.06","reversal",-0.05,0.2,0.15,0.8,"bias-dominated",0.06,25,0.3,1000,0.7291,-0.0709,0.131,0.1102,0.997,0.575,0.0904,0.168,0.003,0.003,1
"mirror","cfg7_psi-0.05_mu0.25_sps0.06","reversal",-0.05,0.25,0.2,0.8333,"bias-dominated",0.06,25,0.3,1000,0.7627,-0.0707,0.1217,0.0991,1,0.594,0.0893,0.15,0,0,NA
"mirror","cfg7_psi-0.05_mu0.3_sps0.06","reversal",-0.05,0.3,0.25,0.8571,"bias-dominated",0.06,25,0.3,1000,0.7845,-0.0726,0.1173,0.0922,1,0.579,0.0821,0.148,0,0,NA
"mirror","cfg7_psi-0.05_mu0.35_sps0.06","reversal",-0.05,0.35,0.3,0.875,"bias-dominated",0.06,25,0.3,1000,0.8071,-0.0679,0.1091,0.0854,1,0.578,0.0757,0.147,0,0,NA
"mirror","cfg7_psi-0.05_mu0.4_sps0.06","reversal",-0.05,0.4,0.35,0.8889,"bias-dominated",0.06,25,0.3,1000,0.8209,-0.0679,0.1031,0.0775,1,0.569,0.0711,0.149,0,0,NA
"main","cfg7_psi-0.1_mu-0.05_sps0.06","inflation",-0.1,-0.05,-0.15,0.3333,"mixed",0.06,25,0.3,1000,0.1522,-0.1812,0.1981,0.0802,0.371,0.732,0.2085,0.4,0.4,0.399,0
"main","cfg7_psi-0.1_mu-0.1_sps0.06","inflation",-0.1,-0.1,-0.2,0.5,"mixed",0.06,25,0.3,1000,0.2843,-0.2157,0.245,0.1163,0.654,0.654,0.2725,0.399,0.399,0.315,0
"main","cfg7_psi-0.1_mu-0.15_sps0.06","inflation",-0.1,-0.15,-0.25,0.6,"bias-dominated",0.06,25,0.3,1000,0.4396,-0.1604,0.2066,0.1303,0,0.644,0.2496,0.398,0.398,0.099,1
"main","cfg7_psi-0.1_mu-0.2_sps0.06","inflation",-0.1,-0.2,-0.3,0.6667,"bias-dominated",0.06,25,0.3,1000,0.5276,-0.1391,0.1825,0.1182,0.034,0.628,0.2051,0.41,0.373,0.025,1
"main","cfg7_psi-0.1_mu-0.25_sps0.06","inflation",-0.1,-0.25,-0.35,0.7143,"bias-dominated",0.06,25,0.3,1000,0.5941,-0.1202,0.1624,0.1092,0.147,0.611,0.1737,0.397,0.192,0.003,1
"main","cfg7_psi-0.1_mu-0.3_sps0.06","inflation",-0.1,-0.3,-0.4,0.75,"bias-dominated",0.06,25,0.3,1000,0.644,-0.106,0.1497,0.1058,0.394,0.588,0.1505,0.413,0.045,0.001,1
"main","cfg7_psi-0.1_mu-0.35_sps0.06","inflation",-0.1,-0.35,-0.45,0.7778,"bias-dominated",0.06,25,0.3,1000,0.6838,-0.0939,0.1316,0.0922,0.701,0.62,0.1367,0.379,0.004,0,NA
"main","cfg7_psi-0.1_mu-0.4_sps0.06","inflation",-0.1,-0.4,-0.5,0.8,"bias-dominated",0.06,25,0.3,1000,0.7132,-0.0868,0.1255,0.0906,0.899,0.571,0.1208,0.418,0,0,NA
"mirror","cfg7_psi-0.1_mu0.05_sps0.06","shrinkage",-0.1,0.05,-0.05,0.3333,"mixed",0.06,25,0.3,1000,0.4227,0.0894,0.1453,0.1146,0.033,0.558,0.0735,0.394,0.394,0.394,0
"mirror","cfg7_psi-0.1_mu0.1_sps0.06","cancellation",-0.1,0.1,0,0.5,"mixed",0.06,25,0.3,1000,0.5135,0.0135,0.1136,0.1128,0.003,0.003,0.0311,0.447,0.419,0.419,0
"mirror","cfg7_psi-0.1_mu0.15_sps0.06","reversal",-0.1,0.15,0.05,0.6,"bias-dominated",0.06,25,0.3,1000,0.5949,-0.0051,0.1094,0.1094,0.818,0.259,0.0312,0.389,0.179,0.179,1
"mirror","cfg7_psi-0.1_mu0.2_sps0.06","reversal",-0.1,0.2,0.1,0.6667,"bias-dominated",0.06,25,0.3,1000,0.6438,-0.0229,0.1,0.0974,0.966,0.373,0.0445,0.391,0.034,0.034,1
"mirror","cfg7_psi-0.1_mu0.25_sps0.06","reversal",-0.1,0.25,0.15,0.7143,"bias-dominated",0.06,25,0.3,1000,0.6832,-0.0311,0.0984,0.0934,0.995,0.429,0.0519,0.379,0.005,0.005,1
"mirror","cfg7_psi-0.1_mu0.3_sps0.06","reversal",-0.1,0.3,0.2,0.75,"bias-dominated",0.06,25,0.3,1000,0.711,-0.039,0.0938,0.0853,0.999,0.447,0.0539,0.389,0.001,0.001,1
"mirror","cfg7_psi-0.1_mu0.35_sps0.06","reversal",-0.1,0.35,0.25,0.7778,"bias-dominated",0.06,25,0.3,1000,0.7387,-0.0391,0.0885,0.0795,1,0.492,0.0547,0.39,0,0,NA
"mirror","cfg7_psi-0.1_mu0.4_sps0.06","reversal",-0.1,0.4,0.3,0.8,"bias-dominated",0.06,25,0.3,1000,0.7573,-0.0427,0.0872,0.0761,1,0.484,0.0537,0.411,0,0,NA
"main","cfg7_psi-0.14_mu-0.05_sps0.06","inflation",-0.14,-0.05,-0.19,0.2632,"effect-dominated",0.06,25,0.3,1000,0.117,-0.1462,0.154,0.0485,0.827,0.786,0.1701,0.608,0.608,0.605,0
"main","cfg7_psi-0.14_mu-0.1_sps0.06","inflation",-0.14,-0.1,-0.24,0.4167,"mixed",0.06,25,0.3,1000,0.2315,-0.1852,0.2048,0.0876,0.413,0.676,0.2259,0.657,0.657,0.56,0
"main","cfg7_psi-0.14_mu-0.15_sps0.06","inflation",-0.14,-0.15,-0.29,0.5172,"bias-dominated",0.06,25,0.3,1000,0.3701,-0.1471,0.1774,0.0991,0,0.649,0.2111,0.649,0.649,0.298,1
"main","cfg7_psi-0.14_mu-0.2_sps0.06","inflation",-0.14,-0.2,-0.34,0.5882,"bias-dominated",0.06,25,0.3,1000,0.464,-0.1242,0.1585,0.0986,0.009,0.635,0.1809,0.638,0.616,0.081,1
"main","cfg7_psi-0.14_mu-0.25_sps0.06","inflation",-0.14,-0.25,-0.39,0.641,"bias-dominated",0.06,25,0.3,1000,0.5321,-0.1089,0.1435,0.0935,0.051,0.616,0.1578,0.647,0.418,0.012,1
"main","cfg7_psi-0.14_mu-0.3_sps0.06","inflation",-0.14,-0.3,-0.44,0.6818,"bias-dominated",0.06,25,0.3,1000,0.5865,-0.0953,0.1326,0.0923,0.188,0.611,0.1381,0.641,0.148,0.002,1
"main","cfg7_psi-0.14_mu-0.35_sps0.06","inflation",-0.14,-0.35,-0.49,0.7143,"bias-dominated",0.06,25,0.3,1000,0.6281,-0.0862,0.1173,0.0797,0.465,0.641,0.1258,0.642,0.031,0,NA
"main","cfg7_psi-0.14_mu-0.4_sps0.06","inflation",-0.14,-0.4,-0.54,0.7407,"bias-dominated",0.06,25,0.3,1000,0.6602,-0.0805,0.1124,0.0785,0.736,0.585,0.1128,0.646,0.003,0,NA
"mirror","cfg7_psi-0.14_mu0.05_sps0.06","shrinkage",-0.14,0.05,-0.09,0.2632,"effect-dominated",0.06,25,0.3,1000,0.3609,0.0977,0.1312,0.0876,0.93,0.652,0.0805,0.639,0.639,0.639,0
"mirror","cfg7_psi-0.14_mu0.1_sps0.06","shrinkage",-0.14,0.1,-0.04,0.4167,"mixed",0.06,25,0.3,1000,0.4511,0.0344,0.096,0.0896,0,0.296,0.033,0.682,0.666,0.666,0
"mirror","cfg7_psi-0.14_mu0.15_sps0.06","reversal",-0.14,0.15,0.01,0.5172,"bias-dominated",0.06,25,0.3,1000,0.5298,0.0125,0.0916,0.0908,0.574,0.064,0.0174,0.64,0.425,0.425,1
"mirror","cfg7_psi-0.14_mu0.2_sps0.06","reversal",-0.14,0.2,0.06,0.5882,"bias-dominated",0.06,25,0.3,1000,0.5857,-0.0025,0.0844,0.0844,0.849,0.239,0.0232,0.618,0.151,0.151,1
"mirror","cfg7_psi-0.14_mu0.25_sps0.06","reversal",-0.14,0.25,0.11,0.641,"bias-dominated",0.06,25,0.3,1000,0.6263,-0.0147,0.085,0.0838,0.962,0.321,0.0309,0.635,0.038,0.038,1
"mirror","cfg7_psi-0.14_mu0.3_sps0.06","reversal",-0.14,0.3,0.16,0.6818,"bias-dominated",0.06,25,0.3,1000,0.6582,-0.0236,0.077,0.0733,0.998,0.39,0.0364,0.645,0.002,0.002,1
"mirror","cfg7_psi-0.14_mu0.35_sps0.06","reversal",-0.14,0.35,0.21,0.7143,"bias-dominated",0.06,25,0.3,1000,0.6855,-0.0288,0.0748,0.069,1,0.417,0.0384,0.663,0,0,NA
"mirror","cfg7_psi-0.14_mu0.4_sps0.06","reversal",-0.14,0.4,0.26,0.7407,"bias-dominated",0.06,25,0.3,1000,0.7119,-0.0289,0.0752,0.0694,1,0.431,0.0405,0.653,0,0,NA
"main","cfg7_psi-0.18_mu-0.05_sps0.06","inflation",-0.18,-0.05,-0.23,0.2174,"effect-dominated",0.06,25,0.3,1000,0.0948,-0.1226,0.1269,0.0328,0.95,0.814,0.1366,0.846,0.846,0.843,0
"main","cfg7_psi-0.18_mu-0.1_sps0.06","inflation",-0.18,-0.1,-0.28,0.3571,"mixed",0.06,25,0.3,1000,0.1929,-0.1643,0.1762,0.0636,0.194,0.694,0.1912,0.847,0.847,0.792,0
"main","cfg7_psi-0.18_mu-0.15_sps0.06","inflation",-0.18,-0.15,-0.33,0.4545,"mixed",0.06,25,0.3,1000,0.319,-0.1355,0.1531,0.0711,0.488,0.665,0.1842,0.844,0.844,0.512,0
"main","cfg7_psi-0.18_mu-0.2_sps0.06","inflation",-0.18,-0.2,-0.38,0.5263,"bias-dominated",0.06,25,0.3,1000,0.4102,-0.1161,0.1406,0.0793,0.002,0.658,0.1616,0.837,0.829,0.233,1
"main","cfg7_psi-0.18_mu-0.25_sps0.06","inflation",-0.18,-0.25,-0.43,0.5814,"bias-dominated",0.06,25,0.3,1000,0.4837,-0.0977,0.1259,0.0794,0.011,0.645,0.1442,0.826,0.633,0.067,1
"main","cfg7_psi-0.18_mu-0.3_sps0.06","inflation",-0.18,-0.3,-0.48,0.625,"bias-dominated",0.06,25,0.3,1000,0.5336,-0.0914,0.1186,0.0756,0.069,0.632,0.1272,0.842,0.353,0.012,1
"main","cfg7_psi-0.18_mu-0.35_sps0.06","inflation",-0.18,-0.35,-0.53,0.6604,"bias-dominated",0.06,25,0.3,1000,0.5788,-0.0816,0.1073,0.0698,0.22,0.641,0.1158,0.847,0.108,0,NA
"main","cfg7_psi-0.18_mu-0.4_sps0.06","inflation",-0.18,-0.4,-0.58,0.6897,"bias-dominated",0.06,25,0.3,1000,0.6159,-0.0738,0.0999,0.0673,0.517,0.632,0.1058,0.835,0.019,0,NA
"mirror","cfg7_psi-0.18_mu0.05_sps0.06","shrinkage",-0.18,0.05,-0.13,0.2174,"effect-dominated",0.06,25,0.3,1000,0.3132,0.0959,0.1162,0.0657,0.983,0.692,0.084,0.835,0.835,0.835,0
"mirror","cfg7_psi-0.18_mu0.1_sps0.06","shrinkage",-0.18,0.1,-0.08,0.3571,"mixed",0.06,25,0.3,1000,0.405,0.0479,0.0866,0.0722,0,0.477,0.039,0.848,0.841,0.841,0
"mirror","cfg7_psi-0.18_mu0.15_sps0.06","shrinkage",-0.18,0.15,-0.03,0.4545,"mixed",0.06,25,0.3,1000,0.4771,0.0225,0.0761,0.0728,0,0.155,0.0173,0.819,0.679,0.679,0
"mirror","cfg7_psi-0.18_mu0.2_sps0.06","reversal",-0.18,0.2,0.02,0.5263,"bias-dominated",0.06,25,0.3,1000,0.5313,0.0049,0.0701,0.0699,0.641,0.095,0.011,0.833,0.359,0.359,1
"mirror","cfg7_psi-0.18_mu0.25_sps0.06","reversal",-0.18,0.25,0.07,0.5814,"bias-dominated",0.06,25,0.3,1000,0.5779,-0.0035,0.0704,0.0703,0.887,0.213,0.017,0.829,0.113,0.113,1
"mirror","cfg7_psi-0.18_mu0.3_sps0.06","reversal",-0.18,0.3,0.12,0.625,"bias-dominated",0.06,25,0.3,1000,0.6106,-0.0144,0.065,0.0634,0.985,0.302,0.0227,0.842,0.015,0.015,1
"mirror","cfg7_psi-0.18_mu0.35_sps0.06","reversal",-0.18,0.35,0.17,0.6604,"bias-dominated",0.06,25,0.3,1000,0.6389,-0.0215,0.0638,0.0601,0.997,0.363,0.0269,0.869,0.003,0.003,1
"mirror","cfg7_psi-0.18_mu0.4_sps0.06","reversal",-0.18,0.4,0.22,0.6897,"bias-dominated",0.06,25,0.3,1000,0.6705,-0.0192,0.0649,0.062,1,0.4,0.0308,0.832,0,0,NA
"main","cfg7_psi-0.23_mu-0.05_sps0.06","inflation",-0.23,-0.05,-0.28,0.1786,"effect-dominated",0.06,25,0.3,1000,0.0777,-0.1009,0.1028,0.0197,0.993,0.863,0.1134,0.971,0.971,0.969,0
"main","cfg7_psi-0.23_mu-0.1_sps0.06","inflation",-0.23,-0.1,-0.33,0.303,"effect-dominated",0.06,25,0.3,1000,0.1615,-0.1415,0.1489,0.0463,0.944,0.715,0.1614,0.96,0.96,0.94,0
"main","cfg7_psi-0.23_mu-0.15_sps0.06","inflation",-0.23,-0.15,-0.38,0.3947,"mixed",0.06,25,0.3,1000,0.2739,-0.1208,0.1323,0.054,0.203,0.693,0.1606,0.977,0.977,0.797,0
"main","cfg7_psi-0.23_mu-0.2_sps0.06","inflation",-0.23,-0.2,-0.43,0.4651,"mixed",0.06,25,0.3,1000,0.3585,-0.1066,0.1227,0.0609,0.481,0.675,0.1424,0.963,0.961,0.519,0
"main","cfg7_psi-0.23_mu-0.25_sps0.06","inflation",-0.23,-0.25,-0.48,0.5208,"bias-dominated",0.06,25,0.3,1000,0.4304,-0.0904,0.109,0.0609,0.002,0.668,0.1285,0.956,0.879,0.227,1
"main","cfg7_psi-0.23_mu-0.3_sps0.06","inflation",-0.23,-0.3,-0.53,0.566,"bias-dominated",0.06,25,0.3,1000,0.4808,-0.0853,0.1041,0.0598,0.015,0.643,0.1148,0.966,0.671,0.069,1
"main","cfg7_psi-0.23_mu-0.35_sps0.06","inflation",-0.23,-0.35,-0.58,0.6034,"bias-dominated",0.06,25,0.3,1000,0.523,-0.0805,0.099,0.0577,0.049,0.609,0.1048,0.972,0.38,0.006,1
"main","cfg7_psi-0.23_mu-0.4_sps0.06","inflation",-0.23,-0.4,-0.63,0.6349,"bias-dominated",0.06,25,0.3,1000,0.5646,-0.0703,0.0898,0.0559,0.217,0.656,0.0974,0.955,0.107,0,NA
"mirror","cfg7_psi-0.23_mu0.05_sps0.06","shrinkage",-0.23,0.05,-0.18,0.1786,"effect-dominated",0.06,25,0.3,1000,0.2682,0.0896,0.1021,0.0489,0.999,0.738,0.0856,0.958,0.958,0.958,0
"mirror","cfg7_psi-0.23_mu0.1_sps0.06","shrinkage",-0.23,0.1,-0.13,0.303,"effect-dominated",0.06,25,0.3,1000,0.3566,0.0536,0.0764,0.0545,0.988,0.579,0.0461,0.974,0.973,0.973,0
"mirror","cfg7_psi-0.23_mu0.15_sps0.06","shrinkage",-0.23,0.15,-0.08,0.3947,"mixed",0.06,25,0.3,1000,0.4229,0.0282,0.0628,0.0561,0,0.389,0.0237,0.966,0.911,0.911,0
"mirror","cfg7_psi-0.23_mu0.2_sps0.06","shrinkage",-0.23,0.2,-0.03,0.4651,"mixed",0.06,25,0.3,1000,0.4788,0.0137,0.0605,0.059,0,0.12,0.0115,0.962,0.691,0.691,0
"mirror","cfg7_psi-0.23_mu0.25_sps0.06","reversal",-0.23,0.25,0.02,0.5208,"bias-dominated",0.06,25,0.3,1000,0.5264,0.0056,0.0584,0.0582,0.646,0.049,0.0083,0.961,0.354,0.354,1
"mirror","cfg7_psi-0.23_mu0.3_sps0.06","reversal",-0.23,0.3,0.07,0.566,"bias-dominated",0.06,25,0.3,1000,0.5588,-0.0072,0.0538,0.0533,0.871,0.179,0.0106,0.971,0.129,0.129,1
"mirror","cfg7_psi-0.23_mu0.35_sps0.06","reversal",-0.23,0.35,0.12,0.6034,"bias-dominated",0.06,25,0.3,1000,0.5915,-0.012,0.0549,0.0536,0.974,0.268,0.0162,0.959,0.026,0.026,1
"mirror","cfg7_psi-0.23_mu0.4_sps0.06","reversal",-0.23,0.4,0.17,0.6349,"bias-dominated",0.06,25,0.3,1000,0.6221,-0.0129,0.0524,0.0508,0.997,0.327,0.0204,0.972,0.003,0.003,1
"main","cfg7_psi-0.27_mu-0.05_sps0.06","inflation",-0.27,-0.05,-0.32,0.1562,"effect-dominated",0.06,25,0.3,1000,0.0672,-0.089,0.0902,0.0144,1,0.895,0.0993,0.994,0.994,0.994,0
"main","cfg7_psi-0.27_mu-0.1_sps0.06","inflation",-0.27,-0.1,-0.37,0.2703,"effect-dominated",0.06,25,0.3,1000,0.1446,-0.1256,0.1313,0.0381,0.988,0.754,0.1471,0.995,0.995,0.986,0
"main","cfg7_psi-0.27_mu-0.15_sps0.06","inflation",-0.27,-0.15,-0.42,0.3571,"mixed",0.06,25,0.3,1000,0.2482,-0.1089,0.1183,0.0462,0.074,0.712,0.1467,0.993,0.993,0.926,0
"main","cfg7_psi-0.27_mu-0.2_sps0.06","inflation",-0.27,-0.2,-0.47,0.4255,"mixed",0.06,25,0.3,1000,0.3277,-0.0979,0.1106,0.0515,0.243,0.672,0.1304,0.994,0.992,0.757,0
"main","cfg7_psi-0.27_mu-0.25_sps0.06","inflation",-0.27,-0.25,-0.52,0.4808,"mixed",0.06,25,0.3,1000,0.3935,-0.0873,0.1007,0.0504,0.542,0.67,0.1181,0.993,0.969,0.458,0
"main","cfg7_psi-0.27_mu-0.3_sps0.06","inflation",-0.27,-0.3,-0.57,0.5263,"bias-dominated",0.06,25,0.3,1000,0.4455,-0.0808,0.0961,0.0521,0.001,0.649,0.107,0.992,0.865,0.193,1
"main","cfg7_psi-0.27_mu-0.35_sps0.06","inflation",-0.27,-0.35,-0.62,0.5645,"bias-dominated",0.06,25,0.3,1000,0.4892,-0.0753,0.0916,0.0521,0.011,0.613,0.098,0.995,0.62,0.053,1
"main","cfg7_psi-0.27_mu-0.4_sps0.06","inflation",-0.27,-0.4,-0.67,0.597,"bias-dominated",0.06,25,0.3,1000,0.5291,-0.068,0.0848,0.0508,0.071,0.641,0.0915,0.996,0.291,0.01,1
"mirror","cfg7_psi-0.27_mu0.05_sps0.06","shrinkage",-0.27,0.05,-0.22,0.1562,"effect-dominated",0.06,25,0.3,1000,0.2394,0.0831,0.092,0.0394,1,0.777,0.0842,0.99,0.99,0.99,0
"mirror","cfg7_psi-0.27_mu0.1_sps0.06","shrinkage",-0.27,0.1,-0.17,0.2703,"effect-dominated",0.06,25,0.3,1000,0.3236,0.0533,0.0677,0.0418,1,0.634,0.0502,0.996,0.996,0.996,0
"mirror","cfg7_psi-0.27_mu0.15_sps0.06","shrinkage",-0.27,0.15,-0.12,0.3571,"mixed",0.06,25,0.3,1000,0.3885,0.0314,0.0567,0.0473,0,0.484,0.0292,0.993,0.978,0.978,0
"mirror","cfg7_psi-0.27_mu0.2_sps0.06","shrinkage",-0.27,0.2,-0.07,0.4255,"mixed",0.06,25,0.3,1000,0.4459,0.0204,0.0549,0.0511,0,0.275,0.0146,0.989,0.856,0.856,0
"mirror","cfg7_psi-0.27_mu0.25_sps0.06","shrinkage",-0.27,0.25,-0.02,0.4808,"mixed",0.06,25,0.3,1000,0.4887,0.0079,0.0508,0.0502,0,0.069,0.0071,0.987,0.642,0.642,0
"mirror","cfg7_psi-0.27_mu0.3_sps0.06","reversal",-0.27,0.3,0.03,0.5263,"bias-dominated",0.06,25,0.3,1000,0.527,7e-04,0.0472,0.0472,0.699,0.077,0.0062,0.993,0.301,0.301,1
"mirror","cfg7_psi-0.27_mu0.35_sps0.06","reversal",-0.27,0.35,0.08,0.5645,"bias-dominated",0.06,25,0.3,1000,0.5602,-0.0043,0.0488,0.0487,0.898,0.208,0.0104,0.99,0.102,0.102,1
"mirror","cfg7_psi-0.27_mu0.4_sps0.06","reversal",-0.27,0.4,0.13,0.597,"bias-dominated",0.06,25,0.3,1000,0.5884,-0.0087,0.0441,0.0432,0.982,0.274,0.014,0.997,0.018,0.018,1
"main","cfg7_psi-0.31_mu-0.05_sps0.06","inflation",-0.31,-0.05,-0.36,0.1389,"effect-dominated",0.06,25,0.3,1000,0.0593,-0.0796,0.0804,0.0115,1,0.921,0.0884,1,1,1,0
"main","cfg7_psi-0.31_mu-0.1_sps0.06","inflation",-0.31,-0.1,-0.41,0.2439,"effect-dominated",0.06,25,0.3,1000,0.1295,-0.1144,0.119,0.0328,0.999,0.746,0.1311,1,1,0.999,0
"main","cfg7_psi-0.31_mu-0.15_sps0.06","inflation",-0.31,-0.15,-0.46,0.3261,"effect-dominated",0.06,25,0.3,1000,0.2253,-0.1008,0.1087,0.0407,0.979,0.718,0.1338,0.995,0.995,0.979,0
"main","cfg7_psi-0.31_mu-0.2_sps0.06","inflation",-0.31,-0.2,-0.51,0.3922,"mixed",0.06,25,0.3,1000,0.301,-0.0912,0.1004,0.0421,0.093,0.691,0.12,0.998,0.998,0.907,0
"main","cfg7_psi-0.31_mu-0.25_sps0.06","inflation",-0.31,-0.25,-0.56,0.4464,"mixed",0.06,25,0.3,1000,0.3629,-0.0835,0.0937,0.0426,0.284,0.659,0.1092,1,0.995,0.716,0
"main","cfg7_psi-0.31_mu-0.3_sps0.06","inflation",-0.31,-0.3,-0.61,0.4918,"mixed",0.06,25,0.3,1000,0.4176,-0.0742,0.0872,0.046,0.604,0.666,0.1002,1,0.955,0.396,0
"main","cfg7_psi-0.31_mu-0.35_sps0.06","inflation",-0.31,-0.35,-0.66,0.5303,"bias-dominated",0.06,25,0.3,1000,0.4605,-0.0698,0.0839,0.0466,0.001,0.648,0.0929,0.999,0.803,0.159,1
"main","cfg7_psi-0.31_mu-0.4_sps0.06","inflation",-0.31,-0.4,-0.71,0.5634,"bias-dominated",0.06,25,0.3,1000,0.4984,-0.065,0.0796,0.0461,0.027,0.648,0.0858,0.999,0.532,0.045,1
"mirror","cfg7_psi-0.31_mu0.05_sps0.06","shrinkage",-0.31,0.05,-0.26,0.1389,"effect-dominated",0.06,25,0.3,1000,0.217,0.0781,0.0848,0.0331,1,0.809,0.0818,0.998,0.998,0.998,0
"mirror","cfg7_psi-0.31_mu0.1_sps0.06","shrinkage",-0.31,0.1,-0.21,0.2439,"effect-dominated",0.06,25,0.3,1000,0.2973,0.0534,0.0642,0.0357,1,0.665,0.0527,0.999,0.999,0.999,0
"mirror","cfg7_psi-0.31_mu0.15_sps0.06","shrinkage",-0.31,0.15,-0.16,0.3261,"effect-dominated",0.06,25,0.3,1000,0.3607,0.0346,0.0527,0.0398,0.998,0.535,0.0328,0.999,0.998,0.998,0
"mirror","cfg7_psi-0.31_mu0.2_sps0.06","shrinkage",-0.31,0.2,-0.11,0.3922,"mixed",0.06,25,0.3,1000,0.416,0.0239,0.049,0.0428,0,0.387,0.0186,0.998,0.962,0.962,0
"mirror","cfg7_psi-0.31_mu0.25_sps0.06","shrinkage",-0.31,0.25,-0.06,0.4464,"mixed",0.06,25,0.3,1000,0.46,0.0135,0.047,0.0451,0,0.185,0.0094,0.995,0.839,0.839,0
"mirror","cfg7_psi-0.31_mu0.3_sps0.06","shrinkage",-0.31,0.3,-0.01,0.4918,"mixed",0.06,25,0.3,1000,0.4986,0.0068,0.0426,0.0421,0,0.026,0.0051,0.998,0.544,0.544,0
"mirror","cfg7_psi-0.31_mu0.35_sps0.06","reversal",-0.31,0.35,0.04,0.5303,"bias-dominated",0.06,25,0.3,1000,0.5304,1e-04,0.0438,0.0438,0.76,0.101,0.0056,0.998,0.24,0.24,1
"mirror","cfg7_psi-0.31_mu0.4_sps0.06","reversal",-0.31,0.4,0.09,0.5634,"bias-dominated",0.06,25,0.3,1000,0.5579,-0.0055,0.0405,0.0402,0.945,0.168,0.0085,0.999,0.055,0.055,1
"main","cfg7_psi-0.36_mu-0.05_sps0.06","inflation",-0.36,-0.05,-0.41,0.122,"effect-dominated",0.06,25,0.3,1000,0.052,-0.07,0.0706,0.0093,1,0.953,0.0775,1,1,1,0
"main","cfg7_psi-0.36_mu-0.1_sps0.06","inflation",-0.36,-0.1,-0.46,0.2174,"effect-dominated",0.06,25,0.3,1000,0.1144,-0.103,0.1067,0.0279,1,0.746,0.1171,1,1,1,0
"main","cfg7_psi-0.36_mu-0.15_sps0.06","inflation",-0.36,-0.15,-0.51,0.2941,"effect-dominated",0.06,25,0.3,1000,0.2028,-0.0913,0.0974,0.0339,0.994,0.727,0.1203,1,1,0.994,0
"main","cfg7_psi-0.36_mu-0.2_sps0.06","inflation",-0.36,-0.2,-0.56,0.3571,"mixed",0.06,25,0.3,1000,0.2745,-0.0827,0.0897,0.0348,0.013,0.716,0.1098,1,1,0.987,0
"main","cfg7_psi-0.36_mu-0.25_sps0.06","inflation",-0.36,-0.25,-0.61,0.4098,"mixed",0.06,25,0.3,1000,0.3319,-0.0779,0.0859,0.0361,0.088,0.669,0.0998,1,1,0.912,0
"main","cfg7_psi-0.36_mu-0.3_sps0.06","inflation",-0.36,-0.3,-0.66,0.4545,"mixed",0.06,25,0.3,1000,0.385,-0.0695,0.08,0.0396,0.304,0.674,0.0927,1,0.988,0.696,0
"main","cfg7_psi-0.36_mu-0.35_sps0.06","inflation",-0.36,-0.35,-0.71,0.493,"mixed",0.06,25,0.3,1000,0.4288,-0.0641,0.0759,0.0406,0.621,0.687,0.0864,1,0.951,0.379,0
"main","cfg7_psi-0.36_mu-0.4_sps0.06","inflation",-0.36,-0.4,-0.76,0.5263,"bias-dominated",0.06,25,0.3,1000,0.4667,-0.0596,0.0721,0.0406,0.004,0.664,0.0807,1,0.821,0.145,1
"mirror","cfg7_psi-0.36_mu0.05_sps0.06","shrinkage",-0.36,0.05,-0.31,0.122,"effect-dominated",0.06,25,0.3,1000,0.1954,0.0735,0.0786,0.0278,1,0.818,0.0778,1,1,1,0
"mirror","cfg7_psi-0.36_mu0.1_sps0.06","shrinkage",-0.36,0.1,-0.26,0.2174,"effect-dominated",0.06,25,0.3,1000,0.271,0.0536,0.0617,0.0306,1,0.684,0.0537,1,1,1,0
"mirror","cfg7_psi-0.36_mu0.15_sps0.06","shrinkage",-0.36,0.15,-0.21,0.2941,"effect-dominated",0.06,25,0.3,1000,0.3292,0.0351,0.0488,0.034,1,0.601,0.036,1,1,1,0
"mirror","cfg7_psi-0.36_mu0.2_sps0.06","shrinkage",-0.36,0.2,-0.16,0.3571,"mixed",0.06,25,0.3,1000,0.3828,0.0256,0.0426,0.0341,0,0.496,0.0232,1,0.998,0.998,0
"mirror","cfg7_psi-0.36_mu0.25_sps0.06","shrinkage",-0.36,0.25,-0.11,0.4098,"mixed",0.06,25,0.3,1000,0.4253,0.0155,0.0406,0.0376,0,0.312,0.0138,1,0.962,0.962,0
"mirror","cfg7_psi-0.36_mu0.3_sps0.06","shrinkage",-0.36,0.3,-0.06,0.4545,"mixed",0.06,25,0.3,1000,0.4643,0.0097,0.039,0.0378,0,0.181,0.0071,0.999,0.846,0.846,0
"mirror","cfg7_psi-0.36_mu0.35_sps0.06","shrinkage",-0.36,0.35,-0.01,0.493,"mixed",0.06,25,0.3,1000,0.4974,0.0045,0.0379,0.0377,0,0.024,0.0038,1,0.559,0.559,0
"mirror","cfg7_psi-0.36_mu0.4_sps0.06","reversal",-0.36,0.4,0.04,0.5263,"bias-dominated",0.06,25,0.3,1000,0.5257,-6e-04,0.0374,0.0374,0.735,0.069,0.004,1,0.265,0.265,1
"main","cfg7_psi-0.4_mu-0.05_sps0.06","inflation",-0.4,-0.05,-0.45,0.1111,"effect-dominated",0.06,25,0.3,1000,0.0478,-0.0633,0.0638,0.008,1,0.975,0.072,1,1,1,0
"main","cfg7_psi-0.4_mu-0.1_sps0.06","inflation",-0.4,-0.1,-0.5,0.2,"effect-dominated",0.06,25,0.3,1000,0.1057,-0.0943,0.0976,0.025,1,0.775,0.1087,1,1,1,0
"main","cfg7_psi-0.4_mu-0.15_sps0.06","inflation",-0.4,-0.15,-0.55,0.2727,"effect-dominated",0.06,25,0.3,1000,0.1875,-0.0852,0.0901,0.0292,0.999,0.735,0.1111,1,1,0.999,0
"main","cfg7_psi-0.4_mu-0.2_sps0.06","inflation",-0.4,-0.2,-0.6,0.3333,"mixed",0.06,25,0.3,1000,0.2558,-0.0775,0.0835,0.0311,0.002,0.717,0.1026,1,1,0.998,0
"main","cfg7_psi-0.4_mu-0.25_sps0.06","inflation",-0.4,-0.25,-0.65,0.3846,"mixed",0.06,25,0.3,1000,0.3122,-0.0724,0.0793,0.0323,0.022,0.69,0.0943,1,1,0.978,0
"main","cfg7_psi-0.4_mu-0.3_sps0.06","inflation",-0.4,-0.3,-0.7,0.4286,"mixed",0.06,25,0.3,1000,0.3637,-0.0649,0.074,0.0355,0.13,0.68,0.0875,1,1,0.87,0
"main","cfg7_psi-0.4_mu-0.35_sps0.06","inflation",-0.4,-0.35,-0.75,0.4667,"mixed",0.06,25,0.3,1000,0.4048,-0.0618,0.0717,0.0363,0.355,0.684,0.0819,1,0.995,0.645,0
"main","cfg7_psi-0.4_mu-0.4_sps0.06","inflation",-0.4,-0.4,-0.8,0.5,"mixed",0.06,25,0.3,1000,0.4435,-0.0565,0.0674,0.0367,0.662,0.662,0.0767,1,0.936,0.338,0
"mirror","cfg7_psi-0.4_mu0.05_sps0.06","shrinkage",-0.4,0.05,-0.35,0.1111,"effect-dominated",0.06,25,0.3,1000,0.1813,0.0702,0.0744,0.0247,1,0.828,0.075,1,1,1,0
"mirror","cfg7_psi-0.4_mu0.1_sps0.06","shrinkage",-0.4,0.1,-0.3,0.2,"effect-dominated",0.06,25,0.3,1000,0.2508,0.0508,0.0578,0.0274,1,0.716,0.0538,1,1,1,0
"mirror","cfg7_psi-0.4_mu0.15_sps0.06","shrinkage",-0.4,0.15,-0.25,0.2727,"effect-dominated",0.06,25,0.3,1000,0.3092,0.0365,0.0472,0.03,1,0.628,0.0375,1,1,1,0
"mirror","cfg7_psi-0.4_mu0.2_sps0.06","shrinkage",-0.4,0.2,-0.2,0.3333,"mixed",0.06,25,0.3,1000,0.3598,0.0264,0.0415,0.032,0,0.542,0.0258,1,0.998,0.998,0
"mirror","cfg7_psi-0.4_mu0.25_sps0.06","shrinkage",-0.4,0.25,-0.15,0.3846,"mixed",0.06,25,0.3,1000,0.4018,0.0172,0.0373,0.0331,0,0.417,0.0169,1,0.995,0.995,0
"mirror","cfg7_psi-0.4_mu0.3_sps0.06","shrinkage",-0.4,0.3,-0.1,0.4286,"mixed",0.06,25,0.3,1000,0.4388,0.0103,0.036,0.0345,0,0.248,0.0099,0.999,0.95,0.95,0
"mirror","cfg7_psi-0.4_mu0.35_sps0.06","shrinkage",-0.4,0.35,-0.05,0.4667,"mixed",0.06,25,0.3,1000,0.4722,0.0055,0.0324,0.032,0,0.128,0.0049,1,0.826,0.826,0
"mirror","cfg7_psi-0.4_mu0.4_sps0.06","cancellation",-0.4,0.4,0,0.5,"mixed",0.06,25,0.3,1000,0.5013,0.0013,0.0348,0.0348,0,0,0.0032,1,0.523,0.523,0
"main","cfg8_psi-0.01_mu-0.05_sps0.1","inflation",-0.01,-0.05,-0.06,0.8333,"bias-dominated",0.1,25,0.3,1000,0.2407,-0.5926,0.6065,0.129,0,0.399,0.3377,0.055,0.055,0.055,1
"main","cfg8_psi-0.01_mu-0.1_sps0.1","inflation",-0.01,-0.1,-0.11,0.9091,"bias-dominated",0.1,25,0.3,1000,0.4273,-0.4818,0.5154,0.1833,0.005,0.358,0.3432,0.037,0.037,0.037,1
"main","cfg8_psi-0.01_mu-0.15_sps0.1","inflation",-0.01,-0.15,-0.16,0.9375,"bias-dominated",0.1,25,0.3,1000,0.5691,-0.3684,0.4065,0.172,0.197,0.393,0.2589,0.055,0.055,0.046,1
"main","cfg8_psi-0.01_mu-0.2_sps0.1","inflation",-0.01,-0.2,-0.21,0.9524,"bias-dominated",0.1,25,0.3,1000,0.6497,-0.3027,0.3416,0.1584,0.359,0.395,0.2085,0.055,0.055,0.019,1
"main","cfg8_psi-0.01_mu-0.25_sps0.1","inflation",-0.01,-0.25,-0.26,0.9615,"bias-dominated",0.1,25,0.3,1000,0.7098,-0.2517,0.2906,0.1452,0.574,0.424,0.1671,0.055,0.054,0.009,1
"main","cfg8_psi-0.01_mu-0.3_sps0.1","inflation",-0.01,-0.3,-0.31,0.9677,"bias-dominated",0.1,25,0.3,1000,0.747,-0.2207,0.2557,0.1291,0.742,0.407,0.1469,0.05,0.027,0,NA
"main","cfg8_psi-0.01_mu-0.35_sps0.1","inflation",-0.01,-0.35,-0.36,0.9722,"bias-dominated",0.1,25,0.3,1000,0.7812,-0.191,0.2251,0.1191,0.881,0.423,0.1279,0.057,0.008,0,NA
"main","cfg8_psi-0.01_mu-0.4_sps0.1","inflation",-0.01,-0.4,-0.41,0.9756,"bias-dominated",0.1,25,0.3,1000,0.8033,-0.1723,0.2039,0.1091,0.946,0.419,0.1143,0.055,0.002,0,NA
"mirror","cfg8_psi-0.01_mu0.05_sps0.1","reversal",-0.01,0.05,0.04,0.8333,"bias-dominated",0.1,25,0.3,1000,0.5625,-0.2708,0.3197,0.1699,0.266,0.479,0.1587,0.053,0.053,0.053,1
"mirror","cfg8_psi-0.01_mu0.1_sps0.1","reversal",-0.01,0.1,0.09,0.9091,"bias-dominated",0.1,25,0.3,1000,0.651,-0.2581,0.3017,0.1564,0.611,0.449,0.1448,0.056,0.056,0.055,1
"mirror","cfg8_psi-0.01_mu0.15_sps0.1","reversal",-0.01,0.15,0.14,0.9375,"bias-dominated",0.1,25,0.3,1000,0.7114,-0.2261,0.2674,0.1429,0.809,0.467,0.1292,0.052,0.052,0.05,1
"mirror","cfg8_psi-0.01_mu0.2_sps0.1","reversal",-0.01,0.2,0.19,0.9524,"bias-dominated",0.1,25,0.3,1000,0.7463,-0.2061,0.2434,0.1295,0.93,0.436,0.1123,0.05,0.03,0.028,1
"mirror","cfg8_psi-0.01_mu0.25_sps0.1","reversal",-0.01,0.25,0.24,0.9615,"bias-dominated",0.1,25,0.3,1000,0.7756,-0.1859,0.2225,0.1222,0.975,0.441,0.0988,0.054,0.011,0.011,1
"mirror","cfg8_psi-0.01_mu0.3_sps0.1","reversal",-0.01,0.3,0.29,0.9677,"bias-dominated",0.1,25,0.3,1000,0.805,-0.1628,0.1951,0.1077,0.993,0.452,0.0906,0.047,0.002,0.002,1
"mirror","cfg8_psi-0.01_mu0.35_sps0.1","reversal",-0.01,0.35,0.34,0.9722,"bias-dominated",0.1,25,0.3,1000,0.8206,-0.1516,0.1817,0.1001,1,0.433,0.0841,0.055,0,0,NA
"mirror","cfg8_psi-0.01_mu0.4_sps0.1","reversal",-0.01,0.4,0.39,0.9756,"bias-dominated",0.1,25,0.3,1000,0.8368,-0.1388,0.1688,0.0961,1,0.448,0.0762,0.062,0,0,NA
"main","cfg8_psi-0.05_mu-0.05_sps0.1","inflation",-0.05,-0.05,-0.1,0.5,"mixed",0.1,25,0.3,1000,0.2161,-0.2839,0.3131,0.1321,0.578,0.578,0.2734,0.104,0.104,0.104,0
"main","cfg8_psi-0.05_mu-0.1_sps0.1","inflation",-0.05,-0.1,-0.15,0.6667,"bias-dominated",0.1,25,0.3,1000,0.3791,-0.2875,0.3418,0.1848,0.004,0.506,0.3117,0.099,0.099,0.099,1
"main","cfg8_psi-0.05_mu-0.15_sps0.1","inflation",-0.05,-0.15,-0.2,0.75,"bias-dominated",0.1,25,0.3,1000,0.534,-0.216,0.2829,0.1828,0.114,0.544,0.2609,0.102,0.102,0.094,1
"main","cfg8_psi-0.05_mu-0.2_sps0.1","inflation",-0.05,-0.2,-0.25,0.8,"bias-dominated",0.1,25,0.3,1000,0.6035,-0.1965,0.2565,0.1649,0.235,0.523,0.2033,0.114,0.114,0.048,1
"main","cfg8_psi-0.05_mu-0.25_sps0.1","inflation",-0.05,-0.25,-0.3,0.8333,"bias-dominated",0.1,25,0.3,1000,0.6752,-0.1581,0.2193,0.1521,0.453,0.552,0.1708,0.093,0.091,0.015,1
"main","cfg8_psi-0.05_mu-0.3_sps0.1","inflation",-0.05,-0.3,-0.35,0.8571,"bias-dominated",0.1,25,0.3,1000,0.7085,-0.1487,0.2046,0.1406,0.594,0.53,0.1472,0.111,0.068,0.003,1
"main","cfg8_psi-0.05_mu-0.35_sps0.1","inflation",-0.05,-0.35,-0.4,0.875,"bias-dominated",0.1,25,0.3,1000,0.7458,-0.1292,0.1839,0.1309,0.78,0.528,0.1307,0.113,0.025,0,NA
"main","cfg8_psi-0.05_mu-0.4_sps0.1","inflation",-0.05,-0.4,-0.45,0.8889,"bias-dominated",0.1,25,0.3,1000,0.7683,-0.1206,0.1691,0.1185,0.9,0.522,0.1159,0.097,0.006,0,NA
"mirror","cfg8_psi-0.05_mu0.05_sps0.1","cancellation",-0.05,0.05,0,0.5,"mixed",0.1,25,0.3,1000,0.508,0.008,0.1751,0.175,0.232,0.232,0.0931,0.099,0.099,0.099,0
"mirror","cfg8_psi-0.05_mu0.1_sps0.1","reversal",-0.05,0.1,0.05,0.6667,"bias-dominated",0.1,25,0.3,1000,0.5948,-0.0719,0.1786,0.1636,0.556,0.432,0.0567,0.102,0.102,0.102,1
"mirror","cfg8_psi-0.05_mu0.15_sps0.1","reversal",-0.05,0.15,0.1,0.75,"bias-dominated",0.1,25,0.3,1000,0.6618,-0.0882,0.1732,0.1492,0.773,0.526,0.0857,0.108,0.106,0.104,1
"mirror","cfg8_psi-0.05_mu0.2_sps0.1","reversal",-0.05,0.2,0.15,0.8,"bias-dominated",0.1,25,0.3,1000,0.7108,-0.0892,0.1645,0.1383,0.928,0.531,0.0896,0.104,0.058,0.058,1
"mirror","cfg8_psi-0.05_mu0.25_sps0.1","reversal",-0.05,0.25,0.2,0.8333,"bias-dominated",0.1,25,0.3,1000,0.7461,-0.0873,0.1547,0.1278,0.976,0.541,0.0892,0.095,0.017,0.017,1
"mirror","cfg8_psi-0.05_mu0.3_sps0.1","reversal",-0.05,0.3,0.25,0.8571,"bias-dominated",0.1,25,0.3,1000,0.7674,-0.0897,0.149,0.119,0.988,0.542,0.0827,0.114,0.011,0.011,1
"mirror","cfg8_psi-0.05_mu0.35_sps0.1","reversal",-0.05,0.35,0.3,0.875,"bias-dominated",0.1,25,0.3,1000,0.79,-0.085,0.1399,0.1111,1,0.53,0.0751,0.104,0,0,NA
"mirror","cfg8_psi-0.05_mu0.4_sps0.1","reversal",-0.05,0.4,0.35,0.8889,"bias-dominated",0.1,25,0.3,1000,0.8051,-0.0838,0.132,0.102,1,0.522,0.0689,0.097,0,0,NA
"main","cfg8_psi-0.1_mu-0.05_sps0.1","inflation",-0.1,-0.05,-0.15,0.3333,"mixed",0.1,25,0.3,1000,0.17,-0.1634,0.1974,0.1109,0.42,0.642,0.209,0.216,0.216,0.216,0
"main","cfg8_psi-0.1_mu-0.1_sps0.1","inflation",-0.1,-0.1,-0.2,0.5,"mixed",0.1,25,0.3,1000,0.3104,-0.1896,0.2537,0.1686,0.594,0.594,0.2657,0.218,0.218,0.218,0
"main","cfg8_psi-0.1_mu-0.15_sps0.1","inflation",-0.1,-0.15,-0.25,0.6,"bias-dominated",0.1,25,0.3,1000,0.4595,-0.1405,0.2246,0.1754,0.053,0.587,0.2395,0.213,0.213,0.193,1
"main","cfg8_psi-0.1_mu-0.2_sps0.1","inflation",-0.1,-0.2,-0.3,0.6667,"bias-dominated",0.1,25,0.3,1000,0.539,-0.1277,0.2063,0.1621,0.119,0.549,0.1958,0.229,0.229,0.105,1
"main","cfg8_psi-0.1_mu-0.25_sps0.1","inflation",-0.1,-0.25,-0.35,0.7143,"bias-dominated",0.1,25,0.3,1000,0.602,-0.1122,0.1885,0.1515,0.252,0.535,0.1662,0.223,0.222,0.043,1
"main","cfg8_psi-0.1_mu-0.3_sps0.1","inflation",-0.1,-0.3,-0.4,0.75,"bias-dominated",0.1,25,0.3,1000,0.6469,-0.1031,0.1781,0.1453,0.43,0.499,0.1414,0.239,0.163,0.012,1
"main","cfg8_psi-0.1_mu-0.35_sps0.1","inflation",-0.1,-0.35,-0.45,0.7778,"bias-dominated",0.1,25,0.3,1000,0.6905,-0.0873,0.1588,0.1328,0.634,0.511,0.1288,0.2,0.07,0,NA
"main","cfg8_psi-0.1_mu-0.4_sps0.1","inflation",-0.1,-0.4,-0.5,0.8,"bias-dominated",0.1,25,0.3,1000,0.7135,-0.0865,0.1524,0.1255,0.774,0.477,0.1138,0.234,0.02,0,NA
"mirror","cfg8_psi-0.1_mu0.05_sps0.1","shrinkage",-0.1,0.05,-0.05,0.3333,"mixed",0.1,25,0.3,1000,0.4424,0.1091,0.2013,0.1693,0.112,0.494,0.0833,0.214,0.214,0.214,0
"mirror","cfg8_psi-0.1_mu0.1_sps0.1","cancellation",-0.1,0.1,0,0.5,"mixed",0.1,25,0.3,1000,0.5211,0.0211,0.16,0.1587,0.047,0.047,0.0452,0.244,0.244,0.244,0
"mirror","cfg8_psi-0.1_mu0.15_sps0.1","reversal",-0.1,0.15,0.05,0.6,"bias-dominated",0.1,25,0.3,1000,0.6033,0.0033,0.1521,0.1522,0.688,0.215,0.0346,0.2,0.199,0.199,1
"mirror","cfg8_psi-0.1_mu0.2_sps0.1","reversal",-0.1,0.2,0.1,0.6667,"bias-dominated",0.1,25,0.3,1000,0.6525,-0.0142,0.1423,0.1416,0.844,0.278,0.0458,0.214,0.15,0.15,1
"mirror","cfg8_psi-0.1_mu0.25_sps0.1","reversal",-0.1,0.25,0.15,0.7143,"bias-dominated",0.1,25,0.3,1000,0.6892,-0.025,0.1367,0.1344,0.924,0.312,0.0526,0.2,0.075,0.075,1
"mirror","cfg8_psi-0.1_mu0.3_sps0.1","reversal",-0.1,0.3,0.2,0.75,"bias-dominated",0.1,25,0.3,1000,0.714,-0.036,0.1289,0.1239,0.976,0.339,0.0545,0.216,0.024,0.024,1
"mirror","cfg8_psi-0.1_mu0.35_sps0.1","reversal",-0.1,0.35,0.25,0.7778,"bias-dominated",0.1,25,0.3,1000,0.7412,-0.0366,0.1209,0.1153,0.995,0.361,0.0551,0.205,0.005,0.005,1
"mirror","cfg8_psi-0.1_mu0.4_sps0.1","reversal",-0.1,0.4,0.3,0.8,"bias-dominated",0.1,25,0.3,1000,0.7565,-0.0435,0.1171,0.1088,0.999,0.372,0.0532,0.205,0.001,0.001,1
"main","cfg8_psi-0.14_mu-0.05_sps0.1","inflation",-0.14,-0.05,-0.19,0.2632,"effect-dominated",0.1,25,0.3,1000,0.1371,-0.1261,0.1556,0.0912,0.702,0.703,0.1731,0.33,0.33,0.33,0
"main","cfg8_psi-0.14_mu-0.1_sps0.1","inflation",-0.14,-0.1,-0.24,0.4167,"mixed",0.1,25,0.3,1000,0.2557,-0.161,0.2118,0.1377,0.445,0.608,0.2238,0.36,0.36,0.36,0
"main","cfg8_psi-0.14_mu-0.15_sps0.1","inflation",-0.14,-0.15,-0.29,0.5172,"bias-dominated",0.1,25,0.3,1000,0.3946,-0.1227,0.2006,0.1588,0.03,0.574,0.2051,0.365,0.365,0.344,1
"main","cfg8_psi-0.14_mu-0.2_sps0.1","inflation",-0.14,-0.2,-0.34,0.5882,"bias-dominated",0.1,25,0.3,1000,0.4831,-0.1051,0.1835,0.1505,0.069,0.562,0.178,0.339,0.339,0.192,1
"main","cfg8_psi-0.14_mu-0.25_sps0.1","inflation",-0.14,-0.25,-0.39,0.641,"bias-dominated",0.1,25,0.3,1000,0.5456,-0.0954,0.1693,0.1399,0.133,0.541,0.154,0.345,0.344,0.088,1
"main","cfg8_psi-0.14_mu-0.3_sps0.1","inflation",-0.14,-0.3,-0.44,0.6818,"bias-dominated",0.1,25,0.3,1000,0.5981,-0.0837,0.1618,0.1386,0.294,0.499,0.1342,0.349,0.276,0.032,1
"main","cfg8_psi-0.14_mu-0.35_sps0.1","inflation",-0.14,-0.35,-0.49,0.7143,"bias-dominated",0.1,25,0.3,1000,0.6398,-0.0745,0.1439,0.1232,0.481,0.551,0.124,0.321,0.118,0.009,1
"main","cfg8_psi-0.14_mu-0.4_sps0.1","inflation",-0.14,-0.4,-0.54,0.7407,"bias-dominated",0.1,25,0.3,1000,0.6692,-0.0715,0.1411,0.1217,0.65,0.486,0.1093,0.367,0.045,0.001,1
"mirror","cfg8_psi-0.14_mu0.05_sps0.1","shrinkage",-0.14,0.05,-0.09,0.2632,"effect-dominated",0.1,25,0.3,1000,0.3869,0.1238,0.1949,0.1506,0.806,0.578,0.0823,0.348,0.348,0.348,0
"mirror","cfg8_psi-0.14_mu0.1_sps0.1","shrinkage",-0.14,0.1,-0.04,0.4167,"mixed",0.1,25,0.3,1000,0.4684,0.0518,0.1559,0.1471,0.016,0.195,0.0435,0.376,0.376,0.376,0
"mirror","cfg8_psi-0.14_mu0.15_sps0.1","reversal",-0.14,0.15,0.01,0.5172,"bias-dominated",0.1,25,0.3,1000,0.5471,0.0299,0.1467,0.1437,0.551,0.044,0.0266,0.348,0.348,0.348,1
"mirror","cfg8_psi-0.14_mu0.2_sps0.1","reversal",-0.14,0.2,0.06,0.5882,"bias-dominated",0.1,25,0.3,1000,0.6035,0.0153,0.1381,0.1373,0.753,0.16,0.0255,0.321,0.241,0.241,1
"mirror","cfg8_psi-0.14_mu0.25_sps0.1","reversal",-0.14,0.25,0.11,0.641,"bias-dominated",0.1,25,0.3,1000,0.638,-0.0031,0.1293,0.1293,0.872,0.208,0.0316,0.342,0.128,0.128,1
"mirror","cfg8_psi-0.14_mu0.3_sps0.1","reversal",-0.14,0.3,0.16,0.6818,"bias-dominated",0.1,25,0.3,1000,0.6672,-0.0146,0.1169,0.1161,0.959,0.265,0.036,0.347,0.041,0.041,1
"mirror","cfg8_psi-0.14_mu0.35_sps0.1","reversal",-0.14,0.35,0.21,0.7143,"bias-dominated",0.1,25,0.3,1000,0.6919,-0.0224,0.111,0.1087,0.984,0.282,0.0382,0.356,0.016,0.016,1
"mirror","cfg8_psi-0.14_mu0.4_sps0.1","reversal",-0.14,0.4,0.26,0.7407,"bias-dominated",0.1,25,0.3,1000,0.7178,-0.023,0.1096,0.1073,0.998,0.289,0.0405,0.344,0.002,0.002,1
"main","cfg8_psi-0.18_mu-0.05_sps0.1","inflation",-0.18,-0.05,-0.23,0.2174,"effect-dominated",0.1,25,0.3,1000,0.1088,-0.1086,0.1283,0.0682,0.842,0.736,0.1382,0.486,0.486,0.486,0
"main","cfg8_psi-0.18_mu-0.1_sps0.1","inflation",-0.18,-0.1,-0.28,0.3571,"mixed",0.1,25,0.3,1000,0.2123,-0.1448,0.1846,0.1145,0.278,0.623,0.1884,0.517,0.517,0.517,0
"main","cfg8_psi-0.18_mu-0.15_sps0.1","inflation",-0.18,-0.15,-0.33,0.4545,"mixed",0.1,25,0.3,1000,0.3399,-0.1147,0.1735,0.1303,0.48,0.603,0.1834,0.515,0.515,0.484,0
"main","cfg8_psi-0.18_mu-0.2_sps0.1","inflation",-0.18,-0.2,-0.38,0.5263,"bias-dominated",0.1,25,0.3,1000,0.4293,-0.097,0.1643,0.1327,0.028,0.579,0.1626,0.49,0.49,0.317,1
"main","cfg8_psi-0.18_mu-0.25_sps0.1","inflation",-0.18,-0.25,-0.43,0.5814,"bias-dominated",0.1,25,0.3,1000,0.502,-0.0794,0.1538,0.1318,0.082,0.566,0.1435,0.484,0.48,0.172,1
"main","cfg8_psi-0.18_mu-0.3_sps0.1","inflation",-0.18,-0.3,-0.48,0.625,"bias-dominated",0.1,25,0.3,1000,0.5481,-0.0769,0.1487,0.1273,0.169,0.532,0.1255,0.497,0.407,0.079,1
"main","cfg8_psi-0.18_mu-0.35_sps0.1","inflation",-0.18,-0.35,-0.53,0.6604,"bias-dominated",0.1,25,0.3,1000,0.5913,-0.0691,0.1341,0.115,0.308,0.542,0.1151,0.497,0.221,0.024,1
"main","cfg8_psi-0.18_mu-0.4_sps0.1","inflation",-0.18,-0.4,-0.58,0.6897,"bias-dominated",0.1,25,0.3,1000,0.6275,-0.0622,0.1269,0.1107,0.516,0.519,0.1046,0.498,0.096,0.004,1
"mirror","cfg8_psi-0.18_mu0.05_sps0.1","shrinkage",-0.18,0.05,-0.13,0.2174,"effect-dominated",0.1,25,0.3,1000,0.3378,0.1204,0.1767,0.1294,0.896,0.623,0.0825,0.497,0.497,0.497,0
"mirror","cfg8_psi-0.18_mu0.1_sps0.1","shrinkage",-0.18,0.1,-0.08,0.3571,"mixed",0.1,25,0.3,1000,0.425,0.0678,0.1468,0.1303,0.008,0.341,0.0442,0.496,0.496,0.496,0
"mirror","cfg8_psi-0.18_mu0.15_sps0.1","shrinkage",-0.18,0.15,-0.03,0.4545,"mixed",0.1,25,0.3,1000,0.4947,0.0402,0.131,0.1248,0.004,0.088,0.0253,0.486,0.485,0.485,0
"mirror","cfg8_psi-0.18_mu0.2_sps0.1","reversal",-0.18,0.2,0.02,0.5263,"bias-dominated",0.1,25,0.3,1000,0.547,0.0207,0.1237,0.122,0.59,0.066,0.0171,0.504,0.408,0.408,1
"mirror","cfg8_psi-0.18_mu0.25_sps0.1","reversal",-0.18,0.25,0.07,0.5814,"bias-dominated",0.1,25,0.3,1000,0.5926,0.0112,0.1196,0.1191,0.775,0.123,0.0188,0.503,0.225,0.225,1
"mirror","cfg8_psi-0.18_mu0.3_sps0.1","reversal",-0.18,0.3,0.12,0.625,"bias-dominated",0.1,25,0.3,1000,0.6206,-0.0044,0.1078,0.1077,0.896,0.198,0.0223,0.511,0.104,0.104,1
"mirror","cfg8_psi-0.18_mu0.35_sps0.1","reversal",-0.18,0.35,0.17,0.6604,"bias-dominated",0.1,25,0.3,1000,0.6457,-0.0147,0.1022,0.1011,0.966,0.237,0.0263,0.53,0.034,0.034,1
"mirror","cfg8_psi-0.18_mu0.4_sps0.1","reversal",-0.18,0.4,0.22,0.6897,"bias-dominated",0.1,25,0.3,1000,0.6794,-0.0102,0.1025,0.102,0.986,0.26,0.0312,0.493,0.014,0.014,1
"main","cfg8_psi-0.23_mu-0.05_sps0.1","inflation",-0.23,-0.05,-0.28,0.1786,"effect-dominated",0.1,25,0.3,1000,0.086,-0.0926,0.1018,0.0423,0.935,0.798,0.1157,0.653,0.653,0.653,0
"main","cfg8_psi-0.23_mu-0.1_sps0.1","inflation",-0.23,-0.1,-0.33,0.303,"effect-dominated",0.1,25,0.3,1000,0.174,-0.1291,0.1545,0.0849,0.851,0.645,0.161,0.725,0.725,0.724,0
"main","cfg8_psi-0.23_mu-0.15_sps0.1","inflation",-0.23,-0.15,-0.38,0.3947,"mixed",0.1,25,0.3,1000,0.287,-0.1077,0.1431,0.0943,0.297,0.624,0.1595,0.696,0.696,0.673,0
"main","cfg8_psi-0.23_mu-0.2_sps0.1","inflation",-0.23,-0.2,-0.43,0.4651,"mixed",0.1,25,0.3,1000,0.3736,-0.0915,0.1432,0.1102,0.485,0.593,0.1435,0.701,0.701,0.506,0
"main","cfg8_psi-0.23_mu-0.25_sps0.1","inflation",-0.23,-0.25,-0.48,0.5208,"bias-dominated",0.1,25,0.3,1000,0.4455,-0.0753,0.1311,0.1074,0.034,0.599,0.1297,0.679,0.676,0.308,1
"main","cfg8_psi-0.23_mu-0.3_sps0.1","inflation",-0.23,-0.3,-0.53,0.566,"bias-dominated",0.1,25,0.3,1000,0.4917,-0.0743,0.1272,0.1032,0.074,0.556,0.1142,0.706,0.606,0.17,1
"main","cfg8_psi-0.23_mu-0.35_sps0.1","inflation",-0.23,-0.35,-0.58,0.6034,"bias-dominated",0.1,25,0.3,1000,0.5313,-0.0721,0.1225,0.0991,0.153,0.525,0.1044,0.722,0.425,0.082,1
"main","cfg8_psi-0.23_mu-0.4_sps0.1","inflation",-0.23,-0.4,-0.63,0.6349,"bias-dominated",0.1,25,0.3,1000,0.5748,-0.0601,0.113,0.0957,0.318,0.553,0.0975,0.691,0.21,0.028,1
"mirror","cfg8_psi-0.23_mu0.05_sps0.1","shrinkage",-0.23,0.05,-0.18,0.1786,"effect-dominated",0.1,25,0.3,1000,0.2842,0.1056,0.143,0.0964,0.965,0.665,0.0829,0.688,0.688,0.688,0
"mirror","cfg8_psi-0.23_mu0.1_sps0.1","shrinkage",-0.23,0.1,-0.13,0.303,"effect-dominated",0.1,25,0.3,1000,0.3727,0.0697,0.1242,0.1029,0.901,0.455,0.0465,0.673,0.673,0.673,0
"mirror","cfg8_psi-0.23_mu0.15_sps0.1","shrinkage",-0.23,0.15,-0.08,0.3947,"mixed",0.1,25,0.3,1000,0.4354,0.0407,0.1072,0.0992,0.001,0.249,0.0272,0.691,0.689,0.689,0
"mirror","cfg8_psi-0.23_mu0.2_sps0.1","shrinkage",-0.23,0.2,-0.03,0.4651,"mixed",0.1,25,0.3,1000,0.4921,0.027,0.1104,0.1071,0,0.069,0.0171,0.696,0.613,0.613,0
"mirror","cfg8_psi-0.23_mu0.25_sps0.1","reversal",-0.23,0.25,0.02,0.5208,"bias-dominated",0.1,25,0.3,1000,0.54,0.0192,0.1063,0.1046,0.599,0.033,0.0126,0.657,0.401,0.401,1
"mirror","cfg8_psi-0.23_mu0.3_sps0.1","reversal",-0.23,0.3,0.07,0.566,"bias-dominated",0.1,25,0.3,1000,0.5664,4e-04,0.0936,0.0937,0.75,0.117,0.0115,0.711,0.25,0.25,1
"mirror","cfg8_psi-0.23_mu0.35_sps0.1","reversal",-0.23,0.35,0.12,0.6034,"bias-dominated",0.1,25,0.3,1000,0.5986,-0.0048,0.0935,0.0935,0.89,0.166,0.0158,0.715,0.11,0.11,1
"mirror","cfg8_psi-0.23_mu0.4_sps0.1","reversal",-0.23,0.4,0.17,0.6349,"bias-dominated",0.1,25,0.3,1000,0.6297,-0.0053,0.0877,0.0876,0.966,0.218,0.0206,0.693,0.034,0.034,1
"main","cfg8_psi-0.27_mu-0.05_sps0.1","inflation",-0.27,-0.05,-0.32,0.1562,"effect-dominated",0.1,25,0.3,1000,0.0725,-0.0838,0.0891,0.0303,0.975,0.814,0.0997,0.812,0.812,0.812,0
"main","cfg8_psi-0.27_mu-0.1_sps0.1","inflation",-0.27,-0.1,-0.37,0.2703,"effect-dominated",0.1,25,0.3,1000,0.1535,-0.1168,0.1332,0.064,0.92,0.685,0.1483,0.811,0.811,0.811,0
"main","cfg8_psi-0.27_mu-0.15_sps0.1","inflation",-0.27,-0.15,-0.42,0.3571,"mixed",0.1,25,0.3,1000,0.2595,-0.0977,0.1266,0.0806,0.191,0.645,0.1474,0.81,0.81,0.788,0
"main","cfg8_psi-0.27_mu-0.2_sps0.1","inflation",-0.27,-0.2,-0.47,0.4255,"mixed",0.1,25,0.3,1000,0.3397,-0.0859,0.1267,0.0932,0.333,0.617,0.1307,0.821,0.821,0.663,0
"main","cfg8_psi-0.27_mu-0.25_sps0.1","inflation",-0.27,-0.25,-0.52,0.4808,"mixed",0.1,25,0.3,1000,0.4042,-0.0766,0.1167,0.0881,0.516,0.604,0.1188,0.819,0.817,0.476,0
"main","cfg8_psi-0.27_mu-0.3_sps0.1","inflation",-0.27,-0.3,-0.57,0.5263,"bias-dominated",0.1,25,0.3,1000,0.4539,-0.0724,0.1147,0.089,0.03,0.565,0.1068,0.824,0.751,0.294,1
"main","cfg8_psi-0.27_mu-0.35_sps0.1","inflation",-0.27,-0.35,-0.62,0.5645,"bias-dominated",0.1,25,0.3,1000,0.4965,-0.068,0.1126,0.0898,0.093,0.522,0.0974,0.812,0.589,0.167,1
"main","cfg8_psi-0.27_mu-0.4_sps0.1","inflation",-0.27,-0.4,-0.67,0.597,"bias-dominated",0.1,25,0.3,1000,0.5371,-0.0599,0.1056,0.0871,0.187,0.545,0.0916,0.822,0.365,0.065,1
"mirror","cfg8_psi-0.27_mu0.05_sps0.1","shrinkage",-0.27,0.05,-0.22,0.1562,"effect-dominated",0.1,25,0.3,1000,0.2497,0.0935,0.1199,0.0751,0.985,0.709,0.0815,0.837,0.837,0.837,0
"mirror","cfg8_psi-0.27_mu0.1_sps0.1","shrinkage",-0.27,0.1,-0.17,0.2703,"effect-dominated",0.1,25,0.3,1000,0.3344,0.0641,0.1001,0.0769,0.966,0.542,0.0494,0.807,0.807,0.807,0
"mirror","cfg8_psi-0.27_mu0.15_sps0.1","shrinkage",-0.27,0.15,-0.12,0.3571,"mixed",0.1,25,0.3,1000,0.3984,0.0413,0.094,0.0845,0,0.339,0.0301,0.813,0.813,0.813,0
"mirror","cfg8_psi-0.27_mu0.2_sps0.1","shrinkage",-0.27,0.2,-0.07,0.4255,"mixed",0.1,25,0.3,1000,0.4587,0.0331,0.1009,0.0953,0,0.171,0.0181,0.786,0.728,0.728,0
"mirror","cfg8_psi-0.27_mu0.25_sps0.1","shrinkage",-0.27,0.25,-0.02,0.4808,"mixed",0.1,25,0.3,1000,0.498,0.0173,0.0916,0.09,0,0.048,0.0112,0.822,0.571,0.571,0
"mirror","cfg8_psi-0.27_mu0.3_sps0.1","reversal",-0.27,0.3,0.03,0.5263,"bias-dominated",0.1,25,0.3,1000,0.5351,0.0087,0.0842,0.0838,0.621,0.049,0.0088,0.82,0.379,0.379,1
"mirror","cfg8_psi-0.27_mu0.35_sps0.1","reversal",-0.27,0.35,0.08,0.5645,"bias-dominated",0.1,25,0.3,1000,0.5679,0.0034,0.0853,0.0853,0.783,0.114,0.0113,0.84,0.217,0.217,1
"mirror","cfg8_psi-0.27_mu0.4_sps0.1","reversal",-0.27,0.4,0.13,0.597,"bias-dominated",0.1,25,0.3,1000,0.5941,-0.0029,0.0737,0.0737,0.927,0.177,0.0142,0.821,0.073,0.073,1
"main","cfg8_psi-0.31_mu-0.05_sps0.1","inflation",-0.31,-0.05,-0.36,0.1389,"effect-dominated",0.1,25,0.3,1000,0.0626,-0.0763,0.0793,0.0217,0.991,0.844,0.0884,0.912,0.912,0.912,0
"main","cfg8_psi-0.31_mu-0.1_sps0.1","inflation",-0.31,-0.1,-0.41,0.2439,"effect-dominated",0.1,25,0.3,1000,0.1355,-0.1084,0.1193,0.0499,0.96,0.676,0.1311,0.899,0.899,0.899,0
"main","cfg8_psi-0.31_mu-0.15_sps0.1","inflation",-0.31,-0.15,-0.46,0.3261,"effect-dominated",0.1,25,0.3,1000,0.2351,-0.091,0.1169,0.0735,0.893,0.643,0.1339,0.893,0.893,0.88,0
"main","cfg8_psi-0.31_mu-0.2_sps0.1","inflation",-0.31,-0.2,-0.51,0.3922,"mixed",0.1,25,0.3,1000,0.3093,-0.0828,0.1104,0.073,0.198,0.627,0.12,0.893,0.893,0.801,0
"main","cfg8_psi-0.31_mu-0.25_sps0.1","inflation",-0.31,-0.25,-0.56,0.4464,"mixed",0.1,25,0.3,1000,0.3709,-0.0755,0.1059,0.0742,0.341,0.593,0.1089,0.906,0.904,0.656,0
"main","cfg8_psi-0.31_mu-0.3_sps0.1","inflation",-0.31,-0.3,-0.61,0.4918,"mixed",0.1,25,0.3,1000,0.4261,-0.0657,0.1023,0.0785,0.547,0.577,0.1004,0.906,0.844,0.438,0
"main","cfg8_psi-0.31_mu-0.35_sps0.1","inflation",-0.31,-0.35,-0.66,0.5303,"bias-dominated",0.1,25,0.3,1000,0.4668,-0.0635,0.1012,0.0788,0.043,0.564,0.0933,0.9,0.711,0.269,1
"main","cfg8_psi-0.31_mu-0.4_sps0.1","inflation",-0.31,-0.4,-0.71,0.5634,"bias-dominated",0.1,25,0.3,1000,0.5049,-0.0584,0.0978,0.0784,0.102,0.549,0.0861,0.905,0.522,0.133,1
"mirror","cfg8_psi-0.31_mu0.05_sps0.1","shrinkage",-0.31,0.05,-0.26,0.1389,"effect-dominated",0.1,25,0.3,1000,0.2246,0.0857,0.1067,0.0635,0.994,0.739,0.0804,0.911,0.911,0.911,0
"mirror","cfg8_psi-0.31_mu0.1_sps0.1","shrinkage",-0.31,0.1,-0.21,0.2439,"effect-dominated",0.1,25,0.3,1000,0.3058,0.0619,0.0893,0.0643,0.987,0.58,0.0515,0.918,0.918,0.918,0
"mirror","cfg8_psi-0.31_mu0.15_sps0.1","shrinkage",-0.31,0.15,-0.16,0.3261,"effect-dominated",0.1,25,0.3,1000,0.3695,0.0435,0.0842,0.0722,0.95,0.397,0.0326,0.9,0.9,0.9,0
"mirror","cfg8_psi-0.31_mu0.2_sps0.1","shrinkage",-0.31,0.2,-0.11,0.3922,"mixed",0.1,25,0.3,1000,0.4264,0.0343,0.0854,0.0783,0,0.26,0.0197,0.883,0.836,0.836,0
"mirror","cfg8_psi-0.31_mu0.25_sps0.1","shrinkage",-0.31,0.25,-0.06,0.4464,"mixed",0.1,25,0.3,1000,0.4693,0.0229,0.0851,0.082,0,0.109,0.0121,0.889,0.714,0.714,0
"mirror","cfg8_psi-0.31_mu0.3_sps0.1","shrinkage",-0.31,0.3,-0.01,0.4918,"mixed",0.1,25,0.3,1000,0.5067,0.0149,0.0762,0.0748,0,0.014,0.0082,0.907,0.522,0.522,0
"mirror","cfg8_psi-0.31_mu0.35_sps0.1","reversal",-0.31,0.35,0.04,0.5303,"bias-dominated",0.1,25,0.3,1000,0.5373,0.007,0.0774,0.0771,0.679,0.054,0.0077,0.898,0.321,0.321,1
"mirror","cfg8_psi-0.31_mu0.4_sps0.1","reversal",-0.31,0.4,0.09,0.5634,"bias-dominated",0.1,25,0.3,1000,0.5624,-9e-04,0.0693,0.0693,0.815,0.093,0.0084,0.909,0.185,0.185,1
"main","cfg8_psi-0.36_mu-0.05_sps0.1","inflation",-0.36,-0.05,-0.41,0.122,"effect-dominated",0.1,25,0.3,1000,0.054,-0.0679,0.0698,0.0163,1,0.877,0.0779,0.967,0.967,0.967,0
"main","cfg8_psi-0.36_mu-0.1_sps0.1","inflation",-0.36,-0.1,-0.46,0.2174,"effect-dominated",0.1,25,0.3,1000,0.1185,-0.0989,0.1071,0.0411,0.991,0.677,0.1172,0.962,0.962,0.962,0
"main","cfg8_psi-0.36_mu-0.15_sps0.1","inflation",-0.36,-0.15,-0.51,0.2941,"effect-dominated",0.1,25,0.3,1000,0.2091,-0.0851,0.102,0.0563,0.956,0.654,0.1207,0.96,0.96,0.952,0
"main","cfg8_psi-0.36_mu-0.2_sps0.1","inflation",-0.36,-0.2,-0.56,0.3571,"mixed",0.1,25,0.3,1000,0.281,-0.0762,0.0956,0.0577,0.097,0.652,0.11,0.962,0.962,0.903,0
"main","cfg8_psi-0.36_mu-0.25_sps0.1","inflation",-0.36,-0.25,-0.61,0.4098,"mixed",0.1,25,0.3,1000,0.3372,-0.0726,0.0946,0.0607,0.195,0.593,0.0997,0.968,0.968,0.805,0
"main","cfg8_psi-0.36_mu-0.3_sps0.1","inflation",-0.36,-0.3,-0.66,0.4545,"mixed",0.1,25,0.3,1000,0.392,-0.0626,0.0914,0.0666,0.377,0.598,0.0927,0.959,0.936,0.619,0
"main","cfg8_psi-0.36_mu-0.35_sps0.1","inflation",-0.36,-0.35,-0.71,0.493,"mixed",0.1,25,0.3,1000,0.4344,-0.0586,0.0895,0.0678,0.557,0.606,0.0868,0.964,0.847,0.43,0
"main","cfg8_psi-0.36_mu-0.4_sps0.1","inflation",-0.36,-0.4,-0.76,0.5263,"bias-dominated",0.1,25,0.3,1000,0.4731,-0.0532,0.0871,0.0689,0.043,0.584,0.0805,0.962,0.723,0.24,1
"mirror","cfg8_psi-0.36_mu0.05_sps0.1","shrinkage",-0.36,0.05,-0.31,0.122,"effect-dominated",0.1,25,0.3,1000,0.2009,0.079,0.0928,0.0489,0.999,0.751,0.077,0.967,0.967,0.967,0
"mirror","cfg8_psi-0.36_mu0.1_sps0.1","shrinkage",-0.36,0.1,-0.26,0.2174,"effect-dominated",0.1,25,0.3,1000,0.2784,0.061,0.0815,0.054,0.999,0.606,0.0527,0.962,0.962,0.962,0
"mirror","cfg8_psi-0.36_mu0.15_sps0.1","shrinkage",-0.36,0.15,-0.21,0.2941,"effect-dominated",0.1,25,0.3,1000,0.3353,0.0411,0.0728,0.0601,0.986,0.488,0.0356,0.967,0.967,0.967,0
"mirror","cfg8_psi-0.36_mu0.2_sps0.1","shrinkage",-0.36,0.2,-0.16,0.3571,"mixed",0.1,25,0.3,1000,0.3899,0.0328,0.0684,0.0601,0,0.365,0.0232,0.975,0.952,0.952,0
"mirror","cfg8_psi-0.36_mu0.25_sps0.1","shrinkage",-0.36,0.25,-0.11,0.4098,"mixed",0.1,25,0.3,1000,0.4316,0.0218,0.07,0.0665,0,0.181,0.0148,0.954,0.866,0.866,0
"mirror","cfg8_psi-0.36_mu0.3_sps0.1","shrinkage",-0.36,0.3,-0.06,0.4545,"mixed",0.1,25,0.3,1000,0.4706,0.0161,0.069,0.0671,0,0.105,0.009,0.956,0.713,0.713,0
"mirror","cfg8_psi-0.36_mu0.35_sps0.1","shrinkage",-0.36,0.35,-0.01,0.493,"mixed",0.1,25,0.3,1000,0.5033,0.0103,0.0668,0.066,0,0.017,0.0062,0.966,0.531,0.531,0
"mirror","cfg8_psi-0.36_mu0.4_sps0.1","reversal",-0.36,0.4,0.04,0.5263,"bias-dominated",0.1,25,0.3,1000,0.5304,0.004,0.0645,0.0644,0.641,0.043,0.0059,0.962,0.359,0.359,1
"main","cfg8_psi-0.4_mu-0.05_sps0.1","inflation",-0.4,-0.05,-0.45,0.1111,"effect-dominated",0.1,25,0.3,1000,0.0494,-0.0617,0.063,0.0128,1,0.922,0.0724,0.986,0.986,0.986,0
"main","cfg8_psi-0.4_mu-0.1_sps0.1","inflation",-0.4,-0.1,-0.5,0.2,"effect-dominated",0.1,25,0.3,1000,0.109,-0.091,0.0973,0.0343,0.996,0.709,0.109,0.985,0.985,0.985,0
"main","cfg8_psi-0.4_mu-0.15_sps0.1","inflation",-0.4,-0.15,-0.55,0.2727,"effect-dominated",0.1,25,0.3,1000,0.1918,-0.0809,0.0932,0.0464,0.984,0.656,0.1115,0.985,0.985,0.982,0
"main","cfg8_psi-0.4_mu-0.2_sps0.1","inflation",-0.4,-0.2,-0.6,0.3333,"mixed",0.1,25,0.3,1000,0.2612,-0.0722,0.0879,0.0502,0.039,0.654,0.1025,0.987,0.987,0.961,0
"main","cfg8_psi-0.4_mu-0.25_sps0.1","inflation",-0.4,-0.25,-0.65,0.3846,"mixed",0.1,25,0.3,1000,0.3169,-0.0677,0.0856,0.0524,0.111,0.631,0.0947,0.989,0.989,0.889,0
"main","cfg8_psi-0.4_mu-0.3_sps0.1","inflation",-0.4,-0.3,-0.7,0.4286,"mixed",0.1,25,0.3,1000,0.3695,-0.059,0.0831,0.0586,0.256,0.618,0.0877,0.982,0.967,0.744,0
"main","cfg8_psi-0.4_mu-0.35_sps0.1","inflation",-0.4,-0.35,-0.75,0.4667,"mixed",0.1,25,0.3,1000,0.4091,-0.0576,0.0827,0.0594,0.402,0.61,0.0817,0.991,0.923,0.594,0
"main","cfg8_psi-0.4_mu-0.4_sps0.1","inflation",-0.4,-0.4,-0.8,0.5,"mixed",0.1,25,0.3,1000,0.4493,-0.0507,0.0794,0.0611,0.584,0.584,0.0766,0.985,0.815,0.397,0
"mirror","cfg8_psi-0.4_mu0.05_sps0.1","shrinkage",-0.4,0.05,-0.35,0.1111,"effect-dominated",0.1,25,0.3,1000,0.1859,0.0747,0.0858,0.0422,0.999,0.761,0.0747,0.984,0.984,0.984,0
"mirror","cfg8_psi-0.4_mu0.1_sps0.1","shrinkage",-0.4,0.1,-0.3,0.2,"effect-dominated",0.1,25,0.3,1000,0.256,0.056,0.0731,0.047,1,0.641,0.053,0.985,0.985,0.985,0
"mirror","cfg8_psi-0.4_mu0.15_sps0.1","shrinkage",-0.4,0.15,-0.25,0.2727,"effect-dominated",0.1,25,0.3,1000,0.3145,0.0417,0.0669,0.0523,0.994,0.533,0.0369,0.988,0.988,0.988,0
"mirror","cfg8_psi-0.4_mu0.2_sps0.1","shrinkage",-0.4,0.2,-0.2,0.3333,"mixed",0.1,25,0.3,1000,0.366,0.0327,0.0667,0.0582,0,0.389,0.0255,0.989,0.982,0.982,0
"mirror","cfg8_psi-0.4_mu0.25_sps0.1","shrinkage",-0.4,0.25,-0.15,0.3846,"mixed",0.1,25,0.3,1000,0.4067,0.0221,0.0619,0.0578,0,0.265,0.0171,0.988,0.931,0.931,0
"mirror","cfg8_psi-0.4_mu0.3_sps0.1","shrinkage",-0.4,0.3,-0.1,0.4286,"mixed",0.1,25,0.3,1000,0.4432,0.0146,0.0622,0.0605,0,0.157,0.0108,0.986,0.858,0.858,0
"mirror","cfg8_psi-0.4_mu0.35_sps0.1","shrinkage",-0.4,0.35,-0.05,0.4667,"mixed",0.1,25,0.3,1000,0.4759,0.0093,0.056,0.0553,0,0.076,0.0065,0.989,0.714,0.714,0
"mirror","cfg8_psi-0.4_mu0.4_sps0.1","cancellation",-0.4,0.4,0,0.5,"mixed",0.1,25,0.3,1000,0.5049,0.0049,0.0603,0.0601,0,0,0.0052,0.98,0.523,0.523,0
"main","cfg9_psi-0.01_mu-0.05_sps0.06","inflation",-0.01,-0.05,-0.06,0.8333,"bias-dominated",0.06,50,0,1000,0.5476,-0.2857,0.3333,0.1717,0.152,0.514,0.277,0.045,0.045,0.042,1
"main","cfg9_psi-0.01_mu-0.1_sps0.06","inflation",-0.01,-0.1,-0.11,0.9091,"bias-dominated",0.06,50,0,1000,0.7067,-0.2024,0.2475,0.1425,0.608,0.569,0.1752,0.041,0.041,0.019,1
"main","cfg9_psi-0.01_mu-0.15_sps0.06","inflation",-0.01,-0.15,-0.16,0.9375,"bias-dominated",0.06,50,0,1000,0.7745,-0.163,0.1998,0.1155,0.882,0.542,0.1326,0.043,0.011,0.003,1
"main","cfg9_psi-0.01_mu-0.2_sps0.06","inflation",-0.01,-0.2,-0.21,0.9524,"bias-dominated",0.06,50,0,1000,0.8102,-0.1422,0.1787,0.1084,0.97,0.534,0.1049,0.057,0.001,0,NA
"main","cfg9_psi-0.01_mu-0.25_sps0.06","inflation",-0.01,-0.25,-0.26,0.9615,"bias-dominated",0.06,50,0,1000,0.845,-0.1165,0.1478,0.091,0.996,0.546,0.0903,0.047,0,0,NA
"main","cfg9_psi-0.01_mu-0.3_sps0.06","inflation",-0.01,-0.3,-0.31,0.9677,"bias-dominated",0.06,50,0,1000,0.869,-0.0988,0.1263,0.0788,0.999,0.547,0.0784,0.04,0,0,NA
"main","cfg9_psi-0.01_mu-0.35_sps0.06","inflation",-0.01,-0.35,-0.36,0.9722,"bias-dominated",0.06,50,0,1000,0.8831,-0.0891,0.1153,0.0731,1,0.561,0.0699,0.05,0,0,NA
"main","cfg9_psi-0.01_mu-0.4_sps0.06","inflation",-0.01,-0.4,-0.41,0.9756,"bias-dominated",0.06,50,0,1000,0.8937,-0.0819,0.1044,0.0648,1,0.534,0.0634,0.045,0,0,NA
"mirror","cfg9_psi-0.01_mu0.05_sps0.06","reversal",-0.01,0.05,0.04,0.8333,"bias-dominated",0.06,50,0,1000,0.5547,-0.2786,0.3238,0.165,0.202,0.504,0.2536,0.04,0.04,0.036,1
"mirror","cfg9_psi-0.01_mu0.1_sps0.06","reversal",-0.01,0.1,0.09,0.9091,"bias-dominated",0.06,50,0,1000,0.6918,-0.2173,0.2623,0.147,0.665,0.505,0.1474,0.058,0.058,0.04,1
"mirror","cfg9_psi-0.01_mu0.15_sps0.06","reversal",-0.01,0.15,0.14,0.9375,"bias-dominated",0.06,50,0,1000,0.7679,-0.1696,0.2078,0.1201,0.897,0.524,0.1212,0.048,0.016,0.012,1
"mirror","cfg9_psi-0.01_mu0.2_sps0.06","reversal",-0.01,0.2,0.19,0.9524,"bias-dominated",0.06,50,0,1000,0.8161,-0.1363,0.1697,0.1012,0.986,0.539,0.0994,0.036,0.002,0.001,1
"mirror","cfg9_psi-0.01_mu0.25_sps0.06","reversal",-0.01,0.25,0.24,0.9615,"bias-dominated",0.06,50,0,1000,0.8419,-0.1196,0.1486,0.0882,1,0.525,0.0849,0.052,0,0,NA
"mirror","cfg9_psi-0.01_mu0.3_sps0.06","reversal",-0.01,0.3,0.29,0.9677,"bias-dominated",0.06,50,0,1000,0.8636,-0.1042,0.1318,0.0808,1,0.533,0.0734,0.044,0,0,NA
"mirror","cfg9_psi-0.01_mu0.35_sps0.06","reversal",-0.01,0.35,0.34,0.9722,"bias-dominated",0.06,50,0,1000,0.8824,-0.0898,0.1145,0.0711,1,0.525,0.0652,0.048,0,0,NA
"mirror","cfg9_psi-0.01_mu0.4_sps0.06","reversal",-0.01,0.4,0.39,0.9756,"bias-dominated",0.06,50,0,1000,0.8877,-0.0879,0.1101,0.0663,1,0.502,0.0604,0.056,0,0,NA
"main","cfg9_psi-0.05_mu-0.05_sps0.06","inflation",-0.05,-0.05,-0.1,0.5,"mixed",0.06,50,0,1000,0.4989,-0.0011,0.1844,0.1845,0.735,0.735,0.2767,0.118,0.118,0.112,0
"main","cfg9_psi-0.05_mu-0.1_sps0.06","inflation",-0.05,-0.1,-0.15,0.6667,"bias-dominated",0.06,50,0,1000,0.6535,-0.0132,0.1611,0.1606,0.377,0.691,0.1928,0.104,0.104,0.032,1
"main","cfg9_psi-0.05_mu-0.15_sps0.06","inflation",-0.05,-0.15,-0.2,0.75,"bias-dominated",0.06,50,0,1000,0.731,-0.019,0.1352,0.1339,0.692,0.673,0.1457,0.104,0.048,0,NA
"main","cfg9_psi-0.05_mu-0.2_sps0.06","inflation",-0.05,-0.2,-0.25,0.8,"bias-dominated",0.06,50,0,1000,0.7718,-0.0282,0.1248,0.1216,0.888,0.615,0.1166,0.138,0.008,0,NA
"main","cfg9_psi-0.05_mu-0.25_sps0.06","inflation",-0.05,-0.25,-0.3,0.8333,"bias-dominated",0.06,50,0,1000,0.8139,-0.0194,0.1075,0.1058,0.979,0.614,0.0998,0.102,0.002,0,NA
"main","cfg9_psi-0.05_mu-0.3_sps0.06","inflation",-0.05,-0.3,-0.35,0.8571,"bias-dominated",0.06,50,0,1000,0.8325,-0.0246,0.0976,0.0945,0.997,0.603,0.0866,0.124,0,0,NA
"main","cfg9_psi-0.05_mu-0.35_sps0.06","inflation",-0.05,-0.35,-0.4,0.875,"bias-dominated",0.06,50,0,1000,0.8511,-0.0239,0.089,0.0858,1,0.61,0.0769,0.129,0,0,NA
"main","cfg9_psi-0.05_mu-0.4_sps0.06","inflation",-0.05,-0.4,-0.45,0.8889,"bias-dominated",0.06,50,0,1000,0.8665,-0.0224,0.0818,0.0787,1,0.581,0.0687,0.138,0,0,NA
"mirror","cfg9_psi-0.05_mu0.05_sps0.06","cancellation",-0.05,0.05,0,0.5,"mixed",0.06,50,0,1000,0.4997,-3e-04,0.175,0.1751,0.336,0.336,0.1168,0.103,0.103,0.102,0
"mirror","cfg9_psi-0.05_mu0.1_sps0.06","reversal",-0.05,0.1,0.05,0.6667,"bias-dominated",0.06,50,0,1000,0.6413,-0.0254,0.1597,0.1578,0.686,0.434,0.0889,0.139,0.139,0.139,1
"mirror","cfg9_psi-0.05_mu0.15_sps0.06","reversal",-0.05,0.15,0.1,0.75,"bias-dominated",0.06,50,0,1000,0.7277,-0.0223,0.1371,0.1354,0.938,0.495,0.0979,0.107,0.045,0.043,1
"mirror","cfg9_psi-0.05_mu0.2_sps0.06","reversal",-0.05,0.2,0.15,0.8,"bias-dominated",0.06,50,0,1000,0.782,-0.018,0.1187,0.1174,0.994,0.498,0.0842,0.103,0.003,0.003,1
"mirror","cfg9_psi-0.05_mu0.25_sps0.06","reversal",-0.05,0.25,0.2,0.8333,"bias-dominated",0.06,50,0,1000,0.8085,-0.0248,0.1086,0.1058,0.999,0.51,0.0729,0.12,0.001,0.001,1
"mirror","cfg9_psi-0.05_mu0.3_sps0.06","reversal",-0.05,0.3,0.25,0.8571,"bias-dominated",0.06,50,0,1000,0.8321,-0.025,0.0968,0.0936,1,0.536,0.0651,0.133,0,0,NA
"mirror","cfg9_psi-0.05_mu0.35_sps0.06","reversal",-0.05,0.35,0.3,0.875,"bias-dominated",0.06,50,0,1000,0.8541,-0.0209,0.0874,0.0849,1,0.537,0.0579,0.109,0,0,NA
"mirror","cfg9_psi-0.05_mu0.4_sps0.06","reversal",-0.05,0.4,0.35,0.8889,"bias-dominated",0.06,50,0,1000,0.8612,-0.0277,0.0822,0.0774,1,0.508,0.0528,0.124,0,0,NA
"main","cfg9_psi-0.1_mu-0.05_sps0.06","inflation",-0.1,-0.05,-0.15,0.3333,"mixed",0.06,50,0,1000,0.3873,0.054,0.1811,0.173,0.61,0.902,0.2317,0.352,0.352,0.33,0
"main","cfg9_psi-0.1_mu-0.1_sps0.06","inflation",-0.1,-0.1,-0.2,0.5,"mixed",0.06,50,0,1000,0.5349,0.0349,0.1588,0.155,0.756,0.756,0.172,0.34,0.34,0.12,0
"main","cfg9_psi-0.1_mu-0.15_sps0.06","inflation",-0.1,-0.15,-0.25,0.6,"bias-dominated",0.06,50,0,1000,0.6281,0.0281,0.1431,0.1404,0.381,0.68,0.1387,0.351,0.188,0.024,1
"main","cfg9_psi-0.1_mu-0.2_sps0.06","inflation",-0.1,-0.2,-0.3,0.6667,"bias-dominated",0.06,50,0,1000,0.6816,0.0149,0.1288,0.1279,0.689,0.589,0.1122,0.362,0.057,0.002,1
"main","cfg9_psi-0.1_mu-0.25_sps0.06","inflation",-0.1,-0.25,-0.35,0.7143,"bias-dominated",0.06,50,0,1000,0.7298,0.0155,0.1136,0.1125,0.901,0.618,0.0989,0.327,0.009,0,NA
"main","cfg9_psi-0.1_mu-0.3_sps0.06","inflation",-0.1,-0.3,-0.4,0.75,"bias-dominated",0.06,50,0,1000,0.7518,0.0018,0.1035,0.1035,0.989,0.558,0.0847,0.384,0.001,0,NA
"main","cfg9_psi-0.1_mu-0.35_sps0.06","inflation",-0.1,-0.35,-0.45,0.7778,"bias-dominated",0.06,50,0,1000,0.78,0.0022,0.0939,0.094,0.998,0.56,0.0757,0.365,0,0,NA
"main","cfg9_psi-0.1_mu-0.4_sps0.06","inflation",-0.1,-0.4,-0.5,0.8,"bias-dominated",0.06,50,0,1000,0.8045,0.0045,0.0873,0.0873,1,0.542,0.0684,0.354,0,0,NA
"mirror","cfg9_psi-0.1_mu0.05_sps0.06","shrinkage",-0.1,0.05,-0.05,0.3333,"mixed",0.06,50,0,1000,0.3872,0.0539,0.1721,0.1635,0.111,0.51,0.0988,0.334,0.334,0.334,0
"mirror","cfg9_psi-0.1_mu0.1_sps0.06","cancellation",-0.1,0.1,0,0.5,"mixed",0.06,50,0,1000,0.5312,0.0312,0.1569,0.1539,0.014,0.014,0.0337,0.359,0.359,0.359,0
"mirror","cfg9_psi-0.1_mu0.15_sps0.06","reversal",-0.1,0.15,0.05,0.6,"bias-dominated",0.06,50,0,1000,0.6244,0.0244,0.1418,0.1398,0.801,0.155,0.0301,0.358,0.196,0.196,1
"mirror","cfg9_psi-0.1_mu0.2_sps0.06","reversal",-0.1,0.2,0.1,0.6667,"bias-dominated",0.06,50,0,1000,0.687,0.0203,0.1254,0.1238,0.968,0.23,0.0423,0.355,0.032,0.032,1
"mirror","cfg9_psi-0.1_mu0.25_sps0.06","reversal",-0.1,0.25,0.15,0.7143,"bias-dominated",0.06,50,0,1000,0.7251,0.0108,0.1142,0.1138,0.995,0.261,0.045,0.374,0.005,0.005,1
"mirror","cfg9_psi-0.1_mu0.3_sps0.06","reversal",-0.1,0.3,0.2,0.75,"bias-dominated",0.06,50,0,1000,0.7617,0.0117,0.1069,0.1063,0.999,0.295,0.0457,0.362,0.001,0.001,1
"mirror","cfg9_psi-0.1_mu0.35_sps0.06","reversal",-0.1,0.35,0.25,0.7778,"bias-dominated",0.06,50,0,1000,0.7799,0.0021,0.0937,0.0938,1,0.309,0.0435,0.373,0,0,NA
"mirror","cfg9_psi-0.1_mu0.4_sps0.06","reversal",-0.1,0.4,0.3,0.8,"bias-dominated",0.06,50,0,1000,0.8023,0.0023,0.0873,0.0873,1,0.323,0.0419,0.389,0,0,NA
"main","cfg9_psi-0.14_mu-0.05_sps0.06","inflation",-0.14,-0.05,-0.19,0.2632,"effect-dominated",0.06,50,0,1000,0.2978,0.0346,0.1296,0.1249,0.6,0.949,0.1893,0.592,0.592,0.565,0
"main","cfg9_psi-0.14_mu-0.1_sps0.06","inflation",-0.14,-0.1,-0.24,0.4167,"mixed",0.06,50,0,1000,0.448,0.0313,0.1344,0.1307,0.675,0.821,0.1486,0.613,0.613,0.287,0
"main","cfg9_psi-0.14_mu-0.15_sps0.06","inflation",-0.14,-0.15,-0.29,0.5172,"bias-dominated",0.06,50,0,1000,0.5418,0.0246,0.1197,0.1172,0.17,0.735,0.1226,0.608,0.42,0.086,1
"main","cfg9_psi-0.14_mu-0.2_sps0.06","inflation",-0.14,-0.2,-0.34,0.5882,"bias-dominated",0.06,50,0,1000,0.6083,0.02,0.1164,0.1147,0.45,0.641,0.1029,0.6,0.178,0.012,1
"main","cfg9_psi-0.14_mu-0.25_sps0.06","inflation",-0.14,-0.25,-0.39,0.641,"bias-dominated",0.06,50,0,1000,0.659,0.018,0.1064,0.1049,0.746,0.649,0.0914,0.602,0.042,0.006,1
"main","cfg9_psi-0.14_mu-0.3_sps0.06","inflation",-0.14,-0.3,-0.44,0.6818,"bias-dominated",0.06,50,0,1000,0.6829,0.0011,0.0929,0.0929,0.915,0.595,0.0789,0.648,0.005,0,NA
"main","cfg9_psi-0.14_mu-0.35_sps0.06","inflation",-0.14,-0.35,-0.49,0.7143,"bias-dominated",0.06,50,0,1000,0.719,0.0047,0.087,0.0869,0.988,0.589,0.0714,0.638,0,0,NA
"main","cfg9_psi-0.14_mu-0.4_sps0.06","inflation",-0.14,-0.4,-0.54,0.7407,"bias-dominated",0.06,50,0,1000,0.7502,0.0094,0.0861,0.0856,0.996,0.57,0.0653,0.6,0,0,NA
"mirror","cfg9_psi-0.14_mu0.05_sps0.06","shrinkage",-0.14,0.05,-0.09,0.2632,"effect-dominated",0.06,50,0,1000,0.2974,0.0342,0.1235,0.1187,0.935,0.704,0.0937,0.593,0.593,0.593,0
"mirror","cfg9_psi-0.14_mu0.1_sps0.06","shrinkage",-0.14,0.1,-0.04,0.4167,"mixed",0.06,50,0,1000,0.4423,0.0257,0.1292,0.1267,0.002,0.173,0.0344,0.63,0.63,0.63,0
"mirror","cfg9_psi-0.14_mu0.15_sps0.06","reversal",-0.14,0.15,0.01,0.5172,"bias-dominated",0.06,50,0,1000,0.5431,0.0259,0.1225,0.1198,0.564,0.024,0.0174,0.594,0.435,0.435,1
"mirror","cfg9_psi-0.14_mu0.2_sps0.06","reversal",-0.14,0.2,0.06,0.5882,"bias-dominated",0.06,50,0,1000,0.6055,0.0173,0.1101,0.1087,0.844,0.132,0.0194,0.62,0.156,0.156,1
"mirror","cfg9_psi-0.14_mu0.25_sps0.06","reversal",-0.14,0.25,0.11,0.641,"bias-dominated",0.06,50,0,1000,0.6558,0.0148,0.105,0.104,0.973,0.195,0.0263,0.62,0.027,0.027,1
"mirror","cfg9_psi-0.14_mu0.3_sps0.06","reversal",-0.14,0.3,0.16,0.6818,"bias-dominated",0.06,50,0,1000,0.6999,0.0181,0.1012,0.0996,0.998,0.245,0.0307,0.583,0.002,0.002,1
"mirror","cfg9_psi-0.14_mu0.35_sps0.06","reversal",-0.14,0.35,0.21,0.7143,"bias-dominated",0.06,50,0,1000,0.7205,0.0063,0.0899,0.0898,1,0.245,0.0307,0.629,0,0,NA
"mirror","cfg9_psi-0.14_mu0.4_sps0.06","reversal",-0.14,0.4,0.26,0.7407,"bias-dominated",0.06,50,0,1000,0.7478,0.0071,0.0843,0.084,1,0.283,0.0314,0.624,0,0,NA
"main","cfg9_psi-0.18_mu-0.05_sps0.06","inflation",-0.18,-0.05,-0.23,0.2174,"effect-dominated",0.06,50,0,1000,0.2357,0.0183,0.0853,0.0833,0.824,0.983,0.1551,0.822,0.822,0.806,0
"main","cfg9_psi-0.18_mu-0.1_sps0.06","inflation",-0.18,-0.1,-0.28,0.3571,"mixed",0.06,50,0,1000,0.3791,0.0219,0.1025,0.1001,0.437,0.881,0.128,0.82,0.82,0.556,0
"main","cfg9_psi-0.18_mu-0.15_sps0.06","inflation",-0.18,-0.15,-0.33,0.4545,"mixed",0.06,50,0,1000,0.4734,0.0188,0.0985,0.0967,0.705,0.788,0.1081,0.825,0.668,0.245,0
"main","cfg9_psi-0.18_mu-0.2_sps0.06","inflation",-0.18,-0.2,-0.38,0.5263,"bias-dominated",0.06,50,0,1000,0.5407,0.0144,0.0945,0.0935,0.21,0.714,0.0926,0.83,0.363,0.074,1
"main","cfg9_psi-0.18_mu-0.25_sps0.06","inflation",-0.18,-0.25,-0.43,0.5814,"bias-dominated",0.06,50,0,1000,0.5959,0.0145,0.0904,0.0893,0.519,0.681,0.0836,0.826,0.126,0.012,1
"main","cfg9_psi-0.18_mu-0.3_sps0.06","inflation",-0.18,-0.3,-0.48,0.625,"bias-dominated",0.06,50,0,1000,0.6272,0.0022,0.0803,0.0803,0.75,0.635,0.0733,0.85,0.027,0.001,1
"main","cfg9_psi-0.18_mu-0.35_sps0.06","inflation",-0.18,-0.35,-0.53,0.6604,"bias-dominated",0.06,50,0,1000,0.6654,0.005,0.0774,0.0773,0.95,0.626,0.0662,0.834,0.003,0,NA
"main","cfg9_psi-0.18_mu-0.4_sps0.06","inflation",-0.18,-0.4,-0.58,0.6897,"bias-dominated",0.06,50,0,1000,0.6967,0.007,0.0775,0.0773,0.985,0.613,0.061,0.827,0,0,NA
"mirror","cfg9_psi-0.18_mu0.05_sps0.06","shrinkage",-0.18,0.05,-0.13,0.2174,"effect-dominated",0.06,50,0,1000,0.2386,0.0212,0.0869,0.0844,0.982,0.865,0.0915,0.82,0.82,0.82,0
"mirror","cfg9_psi-0.18_mu0.1_sps0.06","shrinkage",-0.18,0.1,-0.08,0.3571,"mixed",0.06,50,0,1000,0.3769,0.0198,0.097,0.095,0,0.346,0.0384,0.821,0.82,0.82,0
"mirror","cfg9_psi-0.18_mu0.15_sps0.06","shrinkage",-0.18,0.15,-0.03,0.4545,"mixed",0.06,50,0,1000,0.4741,0.0196,0.0963,0.0943,0,0.083,0.0156,0.813,0.666,0.666,0
"mirror","cfg9_psi-0.18_mu0.2_sps0.06","reversal",-0.18,0.2,0.02,0.5263,"bias-dominated",0.06,50,0,1000,0.5393,0.013,0.0905,0.0896,0.627,0.042,0.0098,0.827,0.373,0.373,1
"mirror","cfg9_psi-0.18_mu0.25_sps0.06","reversal",-0.18,0.25,0.07,0.5814,"bias-dominated",0.06,50,0,1000,0.5937,0.0123,0.0894,0.0886,0.878,0.135,0.0137,0.827,0.122,0.122,1
"mirror","cfg9_psi-0.18_mu0.3_sps0.06","reversal",-0.18,0.3,0.12,0.625,"bias-dominated",0.06,50,0,1000,0.639,0.014,0.0854,0.0843,0.988,0.182,0.0194,0.817,0.012,0.012,1
"mirror","cfg9_psi-0.18_mu0.35_sps0.06","reversal",-0.18,0.35,0.17,0.6604,"bias-dominated",0.06,50,0,1000,0.6644,0.004,0.0773,0.0773,0.995,0.202,0.0208,0.846,0.005,0.005,1
"mirror","cfg9_psi-0.18_mu0.4_sps0.06","reversal",-0.18,0.4,0.22,0.6897,"bias-dominated",0.06,50,0,1000,0.6969,0.0073,0.0744,0.0741,1,0.258,0.0232,0.83,0,0,NA
"main","cfg9_psi-0.23_mu-0.05_sps0.06","inflation",-0.23,-0.05,-0.28,0.1786,"effect-dominated",0.06,50,0,1000,0.1883,0.0097,0.0539,0.053,0.97,0.997,0.1271,0.963,0.963,0.96,0
"main","cfg9_psi-0.23_mu-0.1_sps0.06","inflation",-0.23,-0.1,-0.33,0.303,"effect-dominated",0.06,50,0,1000,0.315,0.012,0.0717,0.0707,0.819,0.921,0.1079,0.959,0.959,0.819,0
"main","cfg9_psi-0.23_mu-0.15_sps0.06","inflation",-0.23,-0.15,-0.38,0.3947,"mixed",0.06,50,0,1000,0.405,0.0103,0.0727,0.072,0.434,0.849,0.0931,0.959,0.901,0.559,0
"main","cfg9_psi-0.23_mu-0.2_sps0.06","inflation",-0.23,-0.2,-0.43,0.4651,"mixed",0.06,50,0,1000,0.4734,0.0083,0.0708,0.0704,0.701,0.798,0.0821,0.97,0.676,0.259,0
"main","cfg9_psi-0.23_mu-0.25_sps0.06","inflation",-0.23,-0.25,-0.48,0.5208,"bias-dominated",0.06,50,0,1000,0.5289,0.0081,0.0708,0.0704,0.203,0.73,0.0743,0.972,0.351,0.078,1
"main","cfg9_psi-0.23_mu-0.3_sps0.06","inflation",-0.23,-0.3,-0.53,0.566,"bias-dominated",0.06,50,0,1000,0.5679,0.0019,0.0656,0.0656,0.47,0.693,0.0664,0.971,0.146,0.009,1
"main","cfg9_psi-0.23_mu-0.35_sps0.06","inflation",-0.23,-0.35,-0.58,0.6034,"bias-dominated",0.06,50,0,1000,0.6078,0.0043,0.0666,0.0665,0.792,0.667,0.0606,0.969,0.021,0.001,1
"main","cfg9_psi-0.23_mu-0.4_sps0.06","inflation",-0.23,-0.4,-0.63,0.6349,"bias-dominated",0.06,50,0,1000,0.6388,0.0039,0.0655,0.0654,0.937,0.648,0.0562,0.957,0.005,0,NA
"mirror","cfg9_psi-0.23_mu0.05_sps0.06","shrinkage",-0.23,0.05,-0.18,0.1786,"effect-dominated",0.06,50,0,1000,0.1879,0.0093,0.0493,0.0485,1,0.953,0.0853,0.965,0.965,0.965,0
"mirror","cfg9_psi-0.23_mu0.1_sps0.06","shrinkage",-0.23,0.1,-0.13,0.303,"effect-dominated",0.06,50,0,1000,0.3149,0.0118,0.067,0.0659,0.988,0.545,0.043,0.957,0.957,0.957,0
"mirror","cfg9_psi-0.23_mu0.15_sps0.06","shrinkage",-0.23,0.15,-0.08,0.3947,"mixed",0.06,50,0,1000,0.4063,0.0116,0.0726,0.0717,0,0.244,0.0204,0.963,0.915,0.915,0
"mirror","cfg9_psi-0.23_mu0.2_sps0.06","shrinkage",-0.23,0.2,-0.03,0.4651,"mixed",0.06,50,0,1000,0.4753,0.0101,0.0718,0.0711,0,0.059,0.0092,0.955,0.684,0.684,0
"mirror","cfg9_psi-0.23_mu0.25_sps0.06","reversal",-0.23,0.25,0.02,0.5208,"bias-dominated",0.06,50,0,1000,0.5293,0.0085,0.0704,0.0699,0.642,0.031,0.0062,0.955,0.358,0.358,1
"mirror","cfg9_psi-0.23_mu0.3_sps0.06","reversal",-0.23,0.3,0.07,0.566,"bias-dominated",0.06,50,0,1000,0.576,0.0099,0.0695,0.0689,0.877,0.108,0.0093,0.95,0.123,0.123,1
"mirror","cfg9_psi-0.23_mu0.35_sps0.06","reversal",-0.23,0.35,0.12,0.6034,"bias-dominated",0.06,50,0,1000,0.6064,0.0029,0.064,0.064,0.973,0.141,0.0121,0.966,0.027,0.027,1
"mirror","cfg9_psi-0.23_mu0.4_sps0.06","reversal",-0.23,0.4,0.17,0.6349,"bias-dominated",0.06,50,0,1000,0.6422,0.0073,0.0643,0.0639,0.996,0.195,0.0155,0.961,0.004,0.004,1
"main","cfg9_psi-0.27_mu-0.05_sps0.06","inflation",-0.27,-0.05,-0.32,0.1562,"effect-dominated",0.06,50,0,1000,0.1626,0.0064,0.0407,0.0402,0.994,0.998,0.1105,0.995,0.995,0.994,0
"main","cfg9_psi-0.27_mu-0.1_sps0.06","inflation",-0.27,-0.1,-0.37,0.2703,"effect-dominated",0.06,50,0,1000,0.2771,0.0068,0.0535,0.0531,0.944,0.957,0.0961,0.994,0.994,0.944,0
"main","cfg9_psi-0.27_mu-0.15_sps0.06","inflation",-0.27,-0.15,-0.42,0.3571,"mixed",0.06,50,0,1000,0.3652,0.0081,0.0601,0.0595,0.197,0.879,0.0841,0.99,0.967,0.802,0
"main","cfg9_psi-0.27_mu-0.2_sps0.06","inflation",-0.27,-0.2,-0.47,0.4255,"mixed",0.06,50,0,1000,0.4308,0.0053,0.0589,0.0587,0.478,0.828,0.0749,0.992,0.883,0.512,0
"main","cfg9_psi-0.27_mu-0.25_sps0.06","inflation",-0.27,-0.25,-0.52,0.4808,"mixed",0.06,50,0,1000,0.4871,0.0064,0.0597,0.0594,0.725,0.782,0.0683,0.993,0.634,0.202,0
"main","cfg9_psi-0.27_mu-0.3_sps0.06","inflation",-0.27,-0.3,-0.57,0.5263,"bias-dominated",0.06,50,0,1000,0.5297,0.0034,0.0579,0.0578,0.251,0.724,0.0621,0.996,0.323,0.058,1
"main","cfg9_psi-0.27_mu-0.35_sps0.06","inflation",-0.27,-0.35,-0.62,0.5645,"bias-dominated",0.06,50,0,1000,0.5701,0.0056,0.0585,0.0583,0.55,0.708,0.0569,0.991,0.09,0.006,1
"main","cfg9_psi-0.27_mu-0.4_sps0.06","inflation",-0.27,-0.4,-0.67,0.597,"bias-dominated",0.06,50,0,1000,0.6015,0.0045,0.0578,0.0577,0.822,0.654,0.0531,0.989,0.022,0.001,1
"mirror","cfg9_psi-0.27_mu0.05_sps0.06","shrinkage",-0.27,0.05,-0.22,0.1562,"effect-dominated",0.06,50,0,1000,0.1623,0.0061,0.0357,0.0352,1,0.988,0.0796,0.989,0.989,0.989,0
"mirror","cfg9_psi-0.27_mu0.1_sps0.06","shrinkage",-0.27,0.1,-0.17,0.2703,"effect-dominated",0.06,50,0,1000,0.2789,0.0087,0.0511,0.0504,0.998,0.668,0.0443,0.993,0.993,0.993,0
"mirror","cfg9_psi-0.27_mu0.15_sps0.06","shrinkage",-0.27,0.15,-0.12,0.3571,"mixed",0.06,50,0,1000,0.3646,0.0075,0.0582,0.0578,0,0.348,0.0246,0.994,0.973,0.973,0
"mirror","cfg9_psi-0.27_mu0.2_sps0.06","shrinkage",-0.27,0.2,-0.07,0.4255,"mixed",0.06,50,0,1000,0.4343,0.0088,0.0605,0.0599,0,0.173,0.0118,0.992,0.873,0.873,0
"mirror","cfg9_psi-0.27_mu0.25_sps0.06","shrinkage",-0.27,0.25,-0.02,0.4808,"mixed",0.06,50,0,1000,0.4869,0.0062,0.0578,0.0575,0,0.033,0.0057,0.993,0.638,0.638,0
"mirror","cfg9_psi-0.27_mu0.3_sps0.06","reversal",-0.27,0.3,0.03,0.5263,"bias-dominated",0.06,50,0,1000,0.534,0.0077,0.0596,0.0591,0.684,0.047,0.0049,0.993,0.316,0.316,1
"mirror","cfg9_psi-0.27_mu0.35_sps0.06","reversal",-0.27,0.35,0.08,0.5645,"bias-dominated",0.06,50,0,1000,0.5652,7e-04,0.0555,0.0555,0.888,0.1,0.0069,0.996,0.112,0.112,1
"mirror","cfg9_psi-0.27_mu0.4_sps0.06","reversal",-0.27,0.4,0.13,0.597,"bias-dominated",0.06,50,0,1000,0.6035,0.0065,0.0566,0.0562,0.987,0.137,0.0106,0.99,0.013,0.013,1
"main","cfg9_psi-0.31_mu-0.05_sps0.06","inflation",-0.31,-0.05,-0.36,0.1389,"effect-dominated",0.06,50,0,1000,0.1428,0.0039,0.0328,0.0326,0.999,0.998,0.0981,0.999,0.999,0.999,0
"main","cfg9_psi-0.31_mu-0.1_sps0.06","inflation",-0.31,-0.1,-0.41,0.2439,"effect-dominated",0.06,50,0,1000,0.249,0.0051,0.0437,0.0435,0.986,0.966,0.0864,0.999,0.999,0.986,0
"main","cfg9_psi-0.31_mu-0.15_sps0.06","inflation",-0.31,-0.15,-0.46,0.3261,"effect-dominated",0.06,50,0,1000,0.3333,0.0072,0.0508,0.0503,0.919,0.898,0.077,0.998,0.992,0.919,0
"main","cfg9_psi-0.31_mu-0.2_sps0.06","inflation",-0.31,-0.2,-0.51,0.3922,"mixed",0.06,50,0,1000,0.3964,0.0042,0.0499,0.0498,0.259,0.85,0.0695,1,0.967,0.741,0
"main","cfg9_psi-0.31_mu-0.25_sps0.06","inflation",-0.31,-0.25,-0.56,0.4464,"mixed",0.06,50,0,1000,0.4507,0.0043,0.051,0.0509,0.538,0.812,0.063,0.999,0.837,0.445,0
"main","cfg9_psi-0.31_mu-0.3_sps0.06","inflation",-0.31,-0.3,-0.61,0.4918,"mixed",0.06,50,0,1000,0.4964,0.0046,0.0513,0.0512,0.745,0.762,0.0581,0.999,0.576,0.172,0
"main","cfg9_psi-0.31_mu-0.35_sps0.06","inflation",-0.31,-0.35,-0.66,0.5303,"bias-dominated",0.06,50,0,1000,0.5349,0.0046,0.0518,0.0517,0.306,0.723,0.0536,0.998,0.26,0.033,1
"main","cfg9_psi-0.31_mu-0.4_sps0.06","inflation",-0.31,-0.4,-0.71,0.5634,"bias-dominated",0.06,50,0,1000,0.5662,0.0028,0.0504,0.0503,0.591,0.695,0.0497,0.999,0.073,0.004,1
"mirror","cfg9_psi-0.31_mu0.05_sps0.06","shrinkage",-0.31,0.05,-0.26,0.1389,"effect-dominated",0.06,50,0,1000,0.1425,0.0036,0.0278,0.0276,1,0.992,0.0732,0.999,0.999,0.999,0
"mirror","cfg9_psi-0.31_mu0.1_sps0.06","shrinkage",-0.31,0.1,-0.21,0.2439,"effect-dominated",0.06,50,0,1000,0.2502,0.0063,0.0413,0.0408,1,0.754,0.045,0.999,0.999,0.999,0
"mirror","cfg9_psi-0.31_mu0.15_sps0.06","shrinkage",-0.31,0.15,-0.16,0.3261,"effect-dominated",0.06,50,0,1000,0.3308,0.0047,0.0478,0.0476,0.998,0.439,0.0272,0.999,0.998,0.998,0
"mirror","cfg9_psi-0.31_mu0.2_sps0.06","shrinkage",-0.31,0.2,-0.11,0.3922,"mixed",0.06,50,0,1000,0.3994,0.0072,0.0507,0.0502,0,0.249,0.0149,1,0.961,0.961,0
"mirror","cfg9_psi-0.31_mu0.25_sps0.06","shrinkage",-0.31,0.25,-0.06,0.4464,"mixed",0.06,50,0,1000,0.4526,0.0061,0.0513,0.0509,0,0.143,0.0074,0.998,0.844,0.844,0
"mirror","cfg9_psi-0.31_mu0.3_sps0.06","shrinkage",-0.31,0.3,-0.01,0.4918,"mixed",0.06,50,0,1000,0.4964,0.0046,0.0494,0.0492,0,0.015,0.0039,0.999,0.562,0.562,0
"mirror","cfg9_psi-0.31_mu0.35_sps0.06","reversal",-0.31,0.35,0.04,0.5303,"bias-dominated",0.06,50,0,1000,0.531,7e-04,0.0482,0.0482,0.747,0.048,0.0038,1,0.253,0.253,1
"mirror","cfg9_psi-0.31_mu0.4_sps0.06","reversal",-0.31,0.4,0.09,0.5634,"bias-dominated",0.06,50,0,1000,0.5681,0.0047,0.0491,0.0489,0.934,0.098,0.0065,0.999,0.066,0.066,1
"main","cfg9_psi-0.36_mu-0.05_sps0.06","inflation",-0.36,-0.05,-0.41,0.122,"effect-dominated",0.06,50,0,1000,0.1244,0.0024,0.0267,0.0266,0.999,0.999,0.0857,0.999,0.999,0.999,0
"main","cfg9_psi-0.36_mu-0.1_sps0.06","inflation",-0.36,-0.1,-0.46,0.2174,"effect-dominated",0.06,50,0,1000,0.2199,0.0025,0.034,0.0339,0.998,0.981,0.0774,1,1,0.998,0
"main","cfg9_psi-0.36_mu-0.15_sps0.06","inflation",-0.36,-0.15,-0.51,0.2941,"effect-dominated",0.06,50,0,1000,0.2986,0.0045,0.0405,0.0403,0.984,0.921,0.069,1,1,0.984,0
"main","cfg9_psi-0.36_mu-0.2_sps0.06","inflation",-0.36,-0.2,-0.56,0.3571,"mixed",0.06,50,0,1000,0.3602,0.0031,0.0417,0.0416,0.062,0.879,0.0631,1,0.995,0.938,0
"main","cfg9_psi-0.36_mu-0.25_sps0.06","inflation",-0.36,-0.25,-0.61,0.4098,"mixed",0.06,50,0,1000,0.4146,0.0048,0.0425,0.0423,0.258,0.851,0.0579,1,0.963,0.741,0
"main","cfg9_psi-0.36_mu-0.3_sps0.06","inflation",-0.36,-0.3,-0.66,0.4545,"mixed",0.06,50,0,1000,0.4578,0.0033,0.044,0.0439,0.544,0.79,0.0539,1,0.834,0.435,0
"main","cfg9_psi-0.36_mu-0.35_sps0.06","inflation",-0.36,-0.35,-0.71,0.493,"mixed",0.06,50,0,1000,0.4969,0.0039,0.0441,0.0439,0.745,0.755,0.0498,1,0.569,0.161,0
"main","cfg9_psi-0.36_mu-0.4_sps0.06","inflation",-0.36,-0.4,-0.76,0.5263,"bias-dominated",0.06,50,0,1000,0.5288,0.0025,0.0447,0.0447,0.308,0.706,0.0464,1,0.278,0.04,1
"mirror","cfg9_psi-0.36_mu0.05_sps0.06","shrinkage",-0.36,0.05,-0.31,0.122,"effect-dominated",0.06,50,0,1000,0.125,0.0031,0.0228,0.0226,1,0.997,0.0671,1,1,1,0
"mirror","cfg9_psi-0.36_mu0.1_sps0.06","shrinkage",-0.36,0.1,-0.26,0.2174,"effect-dominated",0.06,50,0,1000,0.2222,0.0048,0.0326,0.0323,1,0.855,0.0444,1,1,1,0
"mirror","cfg9_psi-0.36_mu0.15_sps0.06","shrinkage",-0.36,0.15,-0.21,0.2941,"effect-dominated",0.06,50,0,1000,0.2969,0.0028,0.0386,0.0386,1,0.552,0.0287,1,1,1,0
"mirror","cfg9_psi-0.36_mu0.2_sps0.06","shrinkage",-0.36,0.2,-0.16,0.3571,"mixed",0.06,50,0,1000,0.3633,0.0061,0.042,0.0416,0,0.367,0.018,1,0.995,0.995,0
"mirror","cfg9_psi-0.36_mu0.25_sps0.06","shrinkage",-0.36,0.25,-0.11,0.4098,"mixed",0.06,50,0,1000,0.4151,0.0053,0.0428,0.0425,0,0.214,0.0104,0.999,0.961,0.961,0
"mirror","cfg9_psi-0.36_mu0.3_sps0.06","shrinkage",-0.36,0.3,-0.06,0.4545,"mixed",0.06,50,0,1000,0.4574,0.0029,0.0427,0.0426,0,0.092,0.0054,1,0.838,0.838,0
"mirror","cfg9_psi-0.36_mu0.35_sps0.06","shrinkage",-0.36,0.35,-0.01,0.493,"mixed",0.06,50,0,1000,0.4927,-2e-04,0.0405,0.0405,0,0.01,0.0028,1,0.597,0.597,0
"mirror","cfg9_psi-0.36_mu0.4_sps0.06","reversal",-0.36,0.4,0.04,0.5263,"bias-dominated",0.06,50,0,1000,0.529,0.0027,0.0417,0.0416,0.743,0.047,0.0028,1,0.257,0.257,1
"main","cfg9_psi-0.4_mu-0.05_sps0.06","inflation",-0.4,-0.05,-0.45,0.1111,"effect-dominated",0.06,50,0,1000,0.1131,0.002,0.0233,0.0232,1,1,0.0781,1,1,1,0
"main","cfg9_psi-0.4_mu-0.1_sps0.06","inflation",-0.4,-0.1,-0.5,0.2,"effect-dominated",0.06,50,0,1000,0.2017,0.0017,0.0283,0.0282,1,0.991,0.0711,1,1,1,0
"main","cfg9_psi-0.4_mu-0.15_sps0.06","inflation",-0.4,-0.15,-0.55,0.2727,"effect-dominated",0.06,50,0,1000,0.2768,0.0041,0.0357,0.0355,1,0.934,0.0641,1,1,1,0
"main","cfg9_psi-0.4_mu-0.2_sps0.06","inflation",-0.4,-0.2,-0.6,0.3333,"mixed",0.06,50,0,1000,0.3369,0.0036,0.037,0.0369,0.03,0.896,0.0592,1,1,0.97,0
"main","cfg9_psi-0.4_mu-0.25_sps0.06","inflation",-0.4,-0.25,-0.65,0.3846,"mixed",0.06,50,0,1000,0.3872,0.0026,0.0365,0.0364,0.081,0.869,0.054,1,0.994,0.919,0
"main","cfg9_psi-0.4_mu-0.3_sps0.06","inflation",-0.4,-0.3,-0.7,0.4286,"mixed",0.06,50,0,1000,0.4318,0.0032,0.0399,0.0398,0.309,0.822,0.0507,1,0.947,0.686,0
"main","cfg9_psi-0.4_mu-0.35_sps0.06","inflation",-0.4,-0.35,-0.75,0.4667,"mixed",0.06,50,0,1000,0.4695,0.0028,0.0396,0.0395,0.61,0.785,0.0472,1,0.795,0.365,0
"main","cfg9_psi-0.4_mu-0.4_sps0.06","inflation",-0.4,-0.4,-0.8,0.5,"mixed",0.06,50,0,1000,0.5035,0.0035,0.0409,0.0408,0.724,0.724,0.0444,1,0.506,0.135,0
"mirror","cfg9_psi-0.4_mu0.05_sps0.06","shrinkage",-0.4,0.05,-0.35,0.1111,"effect-dominated",0.06,50,0,1000,0.1136,0.0025,0.0197,0.0196,1,0.997,0.0624,1,1,1,0
"mirror","cfg9_psi-0.4_mu0.1_sps0.06","shrinkage",-0.4,0.1,-0.3,0.2,"effect-dominated",0.06,50,0,1000,0.2033,0.0033,0.0273,0.0271,1,0.906,0.0434,1,1,1,0
"mirror","cfg9_psi-0.4_mu0.15_sps0.06","shrinkage",-0.4,0.15,-0.25,0.2727,"effect-dominated",0.06,50,0,1000,0.2743,0.0016,0.0325,0.0325,1,0.635,0.0294,1,1,1,0
"mirror","cfg9_psi-0.4_mu0.2_sps0.06","shrinkage",-0.4,0.2,-0.2,0.3333,"mixed",0.06,50,0,1000,0.3382,0.0049,0.0368,0.0365,0,0.421,0.0196,1,1,1,0
"mirror","cfg9_psi-0.4_mu0.25_sps0.06","shrinkage",-0.4,0.25,-0.15,0.3846,"mixed",0.06,50,0,1000,0.3891,0.0044,0.037,0.0368,0,0.288,0.0125,1,0.993,0.993,0
"mirror","cfg9_psi-0.4_mu0.3_sps0.06","shrinkage",-0.4,0.3,-0.1,0.4286,"mixed",0.06,50,0,1000,0.4303,0.0017,0.0373,0.0373,0,0.155,0.0074,1,0.956,0.956,0
"mirror","cfg9_psi-0.4_mu0.35_sps0.06","shrinkage",-0.4,0.35,-0.05,0.4667,"mixed",0.06,50,0,1000,0.4674,8e-04,0.0375,0.0375,0,0.058,0.0036,1,0.815,0.815,0
"mirror","cfg9_psi-0.4_mu0.4_sps0.06","cancellation",-0.4,0.4,0,0.5,"mixed",0.06,50,0,1000,0.5019,0.0019,0.0373,0.0373,0,0,0.0022,1,0.512,0.512,0
